2026-02-06 01:18:57.952 UTC [3034168] LOG:  starting PostgreSQL 12.5 on x86_64-pc-linux-gnu, compiled by gcc (Ubuntu 11.4.0-1ubuntu1~22.04.2) 11.4.0, 64-bit
2026-02-06 01:18:57.953 UTC [3034168] LOG:  listening on IPv4 address "127.0.0.1", port 5432
2026-02-06 01:18:57.956 UTC [3034168] LOG:  listening on Unix socket "/tmp/.s.PGSQL.5432"
2026-02-06 01:18:58.344 UTC [3034169] LOG:  database system was shut down at 2026-02-06 01:18:55 UTC
2026-02-06 01:18:58.348 UTC [3034168] LOG:  database system is ready to accept connections
2026-02-06 01:19:06.272 UTC [3034379] AiChaosN@imdbload LOG:  Bao planning selected arm 0, in 51.125000 CPU ms.
2026-02-06 01:19:06.272 UTC [3034379] AiChaosN@imdbload STATEMENT:  SELECT MIN(cn.name) AS movie_company,
	       MIN(mi_idx.info) AS rating,
	       MIN(t.title) AS western_violent_movie
	FROM company_name AS cn,
	     company_type AS ct,
	     info_type AS it1,
	     info_type AS it2,
	     keyword AS k,
	     kind_type AS kt,
	     movie_companies AS mc,
	     movie_info AS mi,
	     movie_info_idx AS mi_idx,
	     movie_keyword AS mk,
	     title AS t
	WHERE cn.country_code != '[us]'
	  AND it1.info = 'countries'
	  AND it2.info = 'rating'
	  AND k.keyword IN ('murder',
	                    'murder-in-title',
	                    'blood',
	                    'violence')
	  AND kt.kind IN ('movie',
	                  'episode')
	  AND mc.note NOT LIKE '%(USA)%'
	  AND mc.note LIKE '%(200%)%'
	  AND mi.info IN ('Germany',
	                  'German',
	                  'USA',
	                  'American')
	  AND mi_idx.info < '7.0'
	  AND t.production_year > 2008
	  AND kt.id = t.kind_id
	  AND t.id = mi.movie_id
	  AND t.id = mk.movie_id
	  AND t.id = mi_idx.movie_id
	  AND t.id = mc.movie_id
	  AND mk.movie_id = mi.movie_id
	  AND mk.movie_id = mi_idx.movie_id
	  AND mk.movie_id = mc.movie_id
	  AND mi.movie_id = mi_idx.movie_id
	  AND mi.movie_id = mc.movie_id
	  AND mc.movie_id = mi_idx.movie_id
	  AND k.id = mk.keyword_id
	  AND it1.id = mi.info_type_id
	  AND it2.id = mi_idx.info_type_id
	  AND ct.id = mc.company_type_id
	  AND cn.id = mc.company_id;
	
	
2026-02-06 01:19:07.319 UTC [3034420] AiChaosN@imdbload LOG:  Bao planning selected arm 0, in 49.818000 CPU ms.
2026-02-06 01:19:07.319 UTC [3034420] AiChaosN@imdbload STATEMENT:  SELECT MIN(mi.info) AS movie_budget,
	       MIN(mi_idx.info) AS movie_votes,
	       MIN(t.title) AS movie_title
	FROM cast_info AS ci,
	     info_type AS it1,
	     info_type AS it2,
	     movie_info AS mi,
	     movie_info_idx AS mi_idx,
	     name AS n,
	     title AS t
	WHERE ci.note IN ('(writer)',
	                  '(head writer)',
	                  '(written by)',
	                  '(story)',
	                  '(story editor)')
	  AND it1.info = 'genres'
	  AND it2.info = 'rating'
	  AND mi.info IN ('Horror',
	                  'Thriller')
	  AND mi.note IS NULL
	  AND mi_idx.info > '8.0'
	  AND n.gender IS NOT NULL
	  AND n.gender = 'f'
	  AND t.production_year BETWEEN 2008 AND 2014
	  AND t.id = mi.movie_id
	  AND t.id = mi_idx.movie_id
	  AND t.id = ci.movie_id
	  AND ci.movie_id = mi.movie_id
	  AND ci.movie_id = mi_idx.movie_id
	  AND mi.movie_id = mi_idx.movie_id
	  AND n.id = ci.person_id
	  AND it1.id = mi.info_type_id
	  AND it2.id = mi_idx.info_type_id;
	
	
2026-02-06 01:19:07.976 UTC [3034445] AiChaosN@imdbload LOG:  Bao planning selected arm 0, in 40.527000 CPU ms.
2026-02-06 01:19:07.976 UTC [3034445] AiChaosN@imdbload STATEMENT:  SELECT MIN(n.name) AS member_in_charnamed_movie,
	       MIN(n.name) AS a1
	FROM cast_info AS ci,
	     company_name AS cn,
	     keyword AS k,
	     movie_companies AS mc,
	     movie_keyword AS mk,
	     name AS n,
	     title AS t
	WHERE k.keyword ='character-name-in-title'
	  AND n.name LIKE 'Z%'
	  AND n.id = ci.person_id
	  AND ci.movie_id = t.id
	  AND t.id = mk.movie_id
	  AND mk.keyword_id = k.id
	  AND t.id = mc.movie_id
	  AND mc.company_id = cn.id
	  AND ci.movie_id = mc.movie_id
	  AND ci.movie_id = mk.movie_id
	  AND mc.movie_id = mk.movie_id;
	
	
2026-02-06 01:19:15.090 UTC [3034569] AiChaosN@imdbload LOG:  Bao planning selected arm 0, in 60.675000 CPU ms.
2026-02-06 01:19:15.090 UTC [3034569] AiChaosN@imdbload STATEMENT:  SELECT MIN(mc.note) AS production_note,
	       MIN(t.title) AS movie_title,
	       MIN(t.production_year) AS movie_year
	FROM company_type AS ct,
	     info_type AS it,
	     movie_companies AS mc,
	     movie_info_idx AS mi_idx,
	     title AS t
	WHERE ct.kind = 'production companies'
	  AND it.info = 'bottom 10 rank'
	  AND mc.note NOT LIKE '%(as Metro-Goldwyn-Mayer Pictures)%'
	  AND t.production_year BETWEEN 2005 AND 2010
	  AND ct.id = mc.company_type_id
	  AND t.id = mc.movie_id
	  AND t.id = mi_idx.movie_id
	  AND mc.movie_id = mi_idx.movie_id
	  AND it.id = mi_idx.info_type_id;
	
	
2026-02-06 01:19:15.243 UTC [3034578] AiChaosN@imdbload LOG:  Bao planning selected arm 0, in 56.197000 CPU ms.
2026-02-06 01:19:15.243 UTC [3034578] AiChaosN@imdbload STATEMENT:  SELECT MIN(n.name) AS of_person,
	       MIN(t.title) AS biography_movie
	FROM aka_name AS an,
	     cast_info AS ci,
	     info_type AS it,
	     link_type AS lt,
	     movie_link AS ml,
	     name AS n,
	     person_info AS pi1,
	     title AS t
	WHERE an.name LIKE '%a%'
	  AND it.info ='mini biography'
	  AND lt.link ='features'
	  AND n.name_pcode_cf LIKE 'D%'
	  AND n.gender='m'
	  AND pi1.note ='Volker Boehm'
	  AND t.production_year BETWEEN 1980 AND 1984
	  AND n.id = an.person_id
	  AND n.id = pi1.person_id
	  AND ci.person_id = n.id
	  AND t.id = ci.movie_id
	  AND ml.linked_movie_id = t.id
	  AND lt.id = ml.link_type_id
	  AND it.id = pi1.info_type_id
	  AND pi1.person_id = an.person_id
	  AND pi1.person_id = ci.person_id
	  AND an.person_id = ci.person_id
	  AND ci.movie_id = ml.linked_movie_id;
	
	
2026-02-06 01:19:15.529 UTC [3034585] AiChaosN@imdbload LOG:  Bao planning selected arm 0, in 57.044000 CPU ms.
2026-02-06 01:19:15.529 UTC [3034585] AiChaosN@imdbload STATEMENT:  SELECT MIN(an.name) AS cool_actor_pseudonym,
	       MIN(t.title) AS series_named_after_char
	FROM aka_name AS an,
	     cast_info AS ci,
	     company_name AS cn,
	     keyword AS k,
	     movie_companies AS mc,
	     movie_keyword AS mk,
	     name AS n,
	     title AS t
	WHERE cn.country_code ='[us]'
	  AND k.keyword ='character-name-in-title'
	  AND an.person_id = n.id
	  AND n.id = ci.person_id
	  AND ci.movie_id = t.id
	  AND t.id = mk.movie_id
	  AND mk.keyword_id = k.id
	  AND t.id = mc.movie_id
	  AND mc.company_id = cn.id
	  AND an.person_id = ci.person_id
	  AND ci.movie_id = mc.movie_id
	  AND ci.movie_id = mk.movie_id
	  AND mc.movie_id = mk.movie_id;
	
	
2026-02-06 01:19:27.599 UTC [3034819] AiChaosN@imdbload LOG:  Bao planning selected arm 0, in 59.938000 CPU ms.
2026-02-06 01:19:27.599 UTC [3034819] AiChaosN@imdbload STATEMENT:  SELECT MIN(cn.name) AS movie_company,
	       MIN(mi_idx.info) AS rating,
	       MIN(t.title) AS mainstream_movie
	FROM company_name AS cn,
	     company_type AS ct,
	     info_type AS it1,
	     info_type AS it2,
	     movie_companies AS mc,
	     movie_info AS mi,
	     movie_info_idx AS mi_idx,
	     title AS t
	WHERE cn.country_code = '[us]'
	  AND ct.kind = 'production companies'
	  AND it1.info = 'genres'
	  AND it2.info = 'rating'
	  AND mi.info IN ('Drama',
	                  'Horror',
	                  'Western',
	                  'Family')
	  AND mi_idx.info > '7.0'
	  AND t.production_year BETWEEN 2000 AND 2010
	  AND t.id = mi.movie_id
	  AND t.id = mi_idx.movie_id
	  AND mi.info_type_id = it1.id
	  AND mi_idx.info_type_id = it2.id
	  AND t.id = mc.movie_id
	  AND ct.id = mc.company_type_id
	  AND cn.id = mc.company_id
	  AND mc.movie_id = mi.movie_id
	  AND mc.movie_id = mi_idx.movie_id
	  AND mi.movie_id = mi_idx.movie_id;
	
	
2026-02-06 01:19:29.207 UTC [3034858] AiChaosN@imdbload LOG:  Bao planning selected arm 0, in 91.745000 CPU ms.
2026-02-06 01:19:29.207 UTC [3034858] AiChaosN@imdbload STATEMENT:  SELECT MIN(kt.kind) AS movie_kind,
	       MIN(t.title) AS complete_nerdy_internet_movie
	FROM complete_cast AS cc,
	     comp_cast_type AS cct1,
	     company_name AS cn,
	     company_type AS ct,
	     info_type AS it1,
	     keyword AS k,
	     kind_type AS kt,
	     movie_companies AS mc,
	     movie_info AS mi,
	     movie_keyword AS mk,
	     title AS t
	WHERE cct1.kind = 'complete+verified'
	  AND cn.country_code = '[us]'
	  AND it1.info = 'release dates'
	  AND k.keyword IN ('nerd',
	                    'loner',
	                    'alienation',
	                    'dignity')
	  AND kt.kind IN ('movie')
	  AND mi.note LIKE '%internet%'
	  AND mi.info LIKE 'USA:% 200%'
	  AND t.production_year > 2000
	  AND kt.id = t.kind_id
	  AND t.id = mi.movie_id
	  AND t.id = mk.movie_id
	  AND t.id = mc.movie_id
	  AND t.id = cc.movie_id
	  AND mk.movie_id = mi.movie_id
	  AND mk.movie_id = mc.movie_id
	  AND mk.movie_id = cc.movie_id
	  AND mi.movie_id = mc.movie_id
	  AND mi.movie_id = cc.movie_id
	  AND mc.movie_id = cc.movie_id
	  AND k.id = mk.keyword_id
	  AND it1.id = mi.info_type_id
	  AND cn.id = mc.company_id
	  AND ct.id = mc.company_type_id
	  AND cct1.id = cc.status_id;
	
	
2026-02-06 01:19:29.363 UTC [3034869] AiChaosN@imdbload LOG:  Bao planning selected arm 0, in 83.910000 CPU ms.
2026-02-06 01:19:29.363 UTC [3034869] AiChaosN@imdbload STATEMENT:  SELECT MIN(n.name) AS voicing_actress,
	       MIN(t.title) AS jap_engl_voiced_movie
	FROM aka_name AS an,
	     char_name AS chn,
	     cast_info AS ci,
	     company_name AS cn,
	     info_type AS it,
	     movie_companies AS mc,
	     movie_info AS mi,
	     name AS n,
	     role_type AS rt,
	     title AS t
	WHERE ci.note IN ('(voice)',
	                  '(voice: Japanese version)',
	                  '(voice) (uncredited)',
	                  '(voice: English version)')
	  AND cn.country_code ='[us]'
	  AND it.info = 'release dates'
	  AND mi.info IS NOT NULL
	  AND (mi.info LIKE 'Japan:%200%'
	       OR mi.info LIKE 'USA:%200%')
	  AND n.gender ='f'
	  AND n.name LIKE '%An%'
	  AND rt.role ='actress'
	  AND t.production_year > 2000
	  AND t.id = mi.movie_id
	  AND t.id = mc.movie_id
	  AND t.id = ci.movie_id
	  AND mc.movie_id = ci.movie_id
	  AND mc.movie_id = mi.movie_id
	  AND mi.movie_id = ci.movie_id
	  AND cn.id = mc.company_id
	  AND it.id = mi.info_type_id
	  AND n.id = ci.person_id
	  AND rt.id = ci.role_id
	  AND n.id = an.person_id
	  AND ci.person_id = an.person_id
	  AND chn.id = ci.person_role_id;
	
	
2026-02-06 01:19:31.544 UTC [3034911] AiChaosN@imdbload LOG:  Bao planning selected arm 0, in 144.095000 CPU ms.
2026-02-06 01:19:31.544 UTC [3034911] AiChaosN@imdbload STATEMENT:  SELECT MIN(cn.name) AS movie_company,
	       MIN(mi_idx.info) AS rating,
	       MIN(t.title) AS western_violent_movie
	FROM company_name AS cn,
	     company_type AS ct,
	     info_type AS it1,
	     info_type AS it2,
	     keyword AS k,
	     kind_type AS kt,
	     movie_companies AS mc,
	     movie_info AS mi,
	     movie_info_idx AS mi_idx,
	     movie_keyword AS mk,
	     title AS t
	WHERE cn.country_code != '[us]'
	  AND it1.info = 'countries'
	  AND it2.info = 'rating'
	  AND k.keyword IN ('murder',
	                    'murder-in-title',
	                    'blood',
	                    'violence')
	  AND kt.kind IN ('movie',
	                  'episode')
	  AND mc.note NOT LIKE '%(USA)%'
	  AND mc.note LIKE '%(200%)%'
	  AND mi.info IN ('Germany',
	                  'German',
	                  'USA',
	                  'American')
	  AND mi_idx.info < '7.0'
	  AND t.production_year > 2009
	  AND kt.id = t.kind_id
	  AND t.id = mi.movie_id
	  AND t.id = mk.movie_id
	  AND t.id = mi_idx.movie_id
	  AND t.id = mc.movie_id
	  AND mk.movie_id = mi.movie_id
	  AND mk.movie_id = mi_idx.movie_id
	  AND mk.movie_id = mc.movie_id
	  AND mi.movie_id = mi_idx.movie_id
	  AND mi.movie_id = mc.movie_id
	  AND mc.movie_id = mi_idx.movie_id
	  AND k.id = mk.keyword_id
	  AND it1.id = mi.info_type_id
	  AND it2.id = mi_idx.info_type_id
	  AND ct.id = mc.company_type_id
	  AND cn.id = mc.company_id;
	
	
2026-02-06 01:19:31.854 UTC [3034912] AiChaosN@imdbload LOG:  Bao planning selected arm 0, in 85.479000 CPU ms.
2026-02-06 01:19:31.854 UTC [3034912] AiChaosN@imdbload STATEMENT:  SELECT MIN(k.keyword) AS movie_keyword,
	       MIN(n.name) AS actor_name,
	       MIN(t.title) AS marvel_movie
	FROM cast_info AS ci,
	     keyword AS k,
	     movie_keyword AS mk,
	     name AS n,
	     title AS t
	WHERE k.keyword = 'marvel-cinematic-universe'
	  AND n.name LIKE '%Downey%Robert%'
	  AND t.production_year > 2014
	  AND k.id = mk.keyword_id
	  AND t.id = mk.movie_id
	  AND t.id = ci.movie_id
	  AND ci.movie_id = mk.movie_id
	  AND n.id = ci.person_id;
	
	
2026-02-06 01:19:31.982 UTC [3034916] AiChaosN@imdbload LOG:  Bao planning selected arm 0, in 107.447000 CPU ms.
2026-02-06 01:19:31.982 UTC [3034916] AiChaosN@imdbload STATEMENT:  SELECT MIN(mi.info) AS movie_budget,
	       MIN(mi_idx.info) AS movie_votes,
	       MIN(n.name) AS writer,
	       MIN(t.title) AS violent_liongate_movie
	FROM cast_info AS ci,
	     company_name AS cn,
	     info_type AS it1,
	     info_type AS it2,
	     keyword AS k,
	     movie_companies AS mc,
	     movie_info AS mi,
	     movie_info_idx AS mi_idx,
	     movie_keyword AS mk,
	     name AS n,
	     title AS t
	WHERE ci.note IN ('(writer)',
	                  '(head writer)',
	                  '(written by)',
	                  '(story)',
	                  '(story editor)')
	  AND cn.name LIKE 'Lionsgate%'
	  AND it1.info = 'genres'
	  AND it2.info = 'votes'
	  AND k.keyword IN ('murder',
	                    'violence',
	                    'blood',
	                    'gore',
	                    'death',
	                    'female-nudity',
	                    'hospital')
	  AND mc.note LIKE '%(Blu-ray)%'
	  AND mi.info IN ('Horror',
	                  'Thriller')
	  AND n.gender = 'm'
	  AND t.production_year > 2000
	  AND (t.title LIKE '%Freddy%'
	       OR t.title LIKE '%Jason%'
	       OR t.title LIKE 'Saw%')
	  AND t.id = mi.movie_id
	  AND t.id = mi_idx.movie_id
	  AND t.id = ci.movie_id
	  AND t.id = mk.movie_id
	  AND t.id = mc.movie_id
	  AND ci.movie_id = mi.movie_id
	  AND ci.movie_id = mi_idx.movie_id
	  AND ci.movie_id = mk.movie_id
	  AND ci.movie_id = mc.movie_id
	  AND mi.movie_id = mi_idx.movie_id
	  AND mi.movie_id = mk.movie_id
	  AND mi.movie_id = mc.movie_id
	  AND mi_idx.movie_id = mk.movie_id
	  AND mi_idx.movie_id = mc.movie_id
	  AND mk.movie_id = mc.movie_id
	  AND n.id = ci.person_id
	  AND it1.id = mi.info_type_id
	  AND it2.id = mi_idx.info_type_id
	  AND k.id = mk.keyword_id
	  AND cn.id = mc.company_id;
	
	
2026-02-06 01:19:32.476 UTC [3034936] AiChaosN@imdbload LOG:  Bao planning selected arm 0, in 89.662000 CPU ms.
2026-02-06 01:19:32.476 UTC [3034936] AiChaosN@imdbload STATEMENT:  SELECT MIN(lt.link) AS link_type,
	       MIN(t1.title) AS first_movie,
	       MIN(t2.title) AS second_movie
	FROM keyword AS k,
	     link_type AS lt,
	     movie_keyword AS mk,
	     movie_link AS ml,
	     title AS t1,
	     title AS t2
	WHERE k.keyword ='10,000-mile-club'
	  AND mk.keyword_id = k.id
	  AND t1.id = mk.movie_id
	  AND ml.movie_id = t1.id
	  AND ml.linked_movie_id = t2.id
	  AND lt.id = ml.link_type_id
	  AND mk.movie_id = t1.id;
	
	
2026-02-06 01:19:32.596 UTC [3034937] AiChaosN@imdbload LOG:  Bao planning selected arm 0, in 102.786000 CPU ms.
2026-02-06 01:19:32.596 UTC [3034937] AiChaosN@imdbload STATEMENT:  SELECT MIN(mi.info) AS movie_budget,
	       MIN(mi_idx.info) AS movie_votes,
	       MIN(n.name) AS writer,
	       MIN(t.title) AS violent_liongate_movie
	FROM cast_info AS ci,
	     company_name AS cn,
	     info_type AS it1,
	     info_type AS it2,
	     keyword AS k,
	     movie_companies AS mc,
	     movie_info AS mi,
	     movie_info_idx AS mi_idx,
	     movie_keyword AS mk,
	     name AS n,
	     title AS t
	WHERE ci.note IN ('(writer)',
	                  '(head writer)',
	                  '(written by)',
	                  '(story)',
	                  '(story editor)')
	  AND cn.name LIKE 'Lionsgate%'
	  AND it1.info = 'genres'
	  AND it2.info = 'votes'
	  AND k.keyword IN ('murder',
	                    'violence',
	                    'blood',
	                    'gore',
	                    'death',
	                    'female-nudity',
	                    'hospital')
	  AND mi.info IN ('Horror',
	                  'Thriller')
	  AND n.gender = 'm'
	  AND t.id = mi.movie_id
	  AND t.id = mi_idx.movie_id
	  AND t.id = ci.movie_id
	  AND t.id = mk.movie_id
	  AND t.id = mc.movie_id
	  AND ci.movie_id = mi.movie_id
	  AND ci.movie_id = mi_idx.movie_id
	  AND ci.movie_id = mk.movie_id
	  AND ci.movie_id = mc.movie_id
	  AND mi.movie_id = mi_idx.movie_id
	  AND mi.movie_id = mk.movie_id
	  AND mi.movie_id = mc.movie_id
	  AND mi_idx.movie_id = mk.movie_id
	  AND mi_idx.movie_id = mc.movie_id
	  AND mk.movie_id = mc.movie_id
	  AND n.id = ci.person_id
	  AND it1.id = mi.info_type_id
	  AND it2.id = mi_idx.info_type_id
	  AND k.id = mk.keyword_id
	  AND cn.id = mc.company_id;
	
	
2026-02-06 01:19:34.878 UTC [3034991] AiChaosN@imdbload LOG:  Bao planning selected arm 0, in 116.464000 CPU ms.
2026-02-06 01:19:34.878 UTC [3034991] AiChaosN@imdbload STATEMENT:  SELECT MIN(cn.name) AS company_name,
	       MIN(lt.link) AS link_type,
	       MIN(t.title) AS western_follow_up
	FROM company_name AS cn,
	     company_type AS ct,
	     keyword AS k,
	     link_type AS lt,
	     movie_companies AS mc,
	     movie_info AS mi,
	     movie_keyword AS mk,
	     movie_link AS ml,
	     title AS t
	WHERE cn.country_code !='[pl]'
	  AND (cn.name LIKE '%Film%'
	       OR cn.name LIKE '%Warner%')
	  AND ct.kind ='production companies'
	  AND k.keyword ='sequel'
	  AND lt.link LIKE '%follow%'
	  AND mc.note IS NULL
	  AND mi.info IN ('Sweden',
	                  'Norway',
	                  'Germany',
	                  'Denmark',
	                  'Swedish',
	                  'Denish',
	                  'Norwegian',
	                  'German')
	  AND t.production_year BETWEEN 1950 AND 2000
	  AND lt.id = ml.link_type_id
	  AND ml.movie_id = t.id
	  AND t.id = mk.movie_id
	  AND mk.keyword_id = k.id
	  AND t.id = mc.movie_id
	  AND mc.company_type_id = ct.id
	  AND mc.company_id = cn.id
	  AND mi.movie_id = t.id
	  AND ml.movie_id = mk.movie_id
	  AND ml.movie_id = mc.movie_id
	  AND mk.movie_id = mc.movie_id
	  AND ml.movie_id = mi.movie_id
	  AND mk.movie_id = mi.movie_id
	  AND mc.movie_id = mi.movie_id;
	
	
2026-02-06 01:19:35.022 UTC [3034992] AiChaosN@imdbload LOG:  Bao planning selected arm 0, in 68.711000 CPU ms.
2026-02-06 01:19:35.022 UTC [3034992] AiChaosN@imdbload STATEMENT:  SELECT MIN(cn.name) AS from_company,
	       MIN(mc.note) AS production_note,
	       MIN(t.title) AS movie_based_on_book
	FROM company_name AS cn,
	     company_type AS ct,
	     keyword AS k,
	     link_type AS lt,
	     movie_companies AS mc,
	     movie_keyword AS mk,
	     movie_link AS ml,
	     title AS t
	WHERE cn.country_code !='[pl]'
	  AND (cn.name LIKE '20th Century Fox%'
	       OR cn.name LIKE 'Twentieth Century Fox%')
	  AND ct.kind != 'production companies'
	  AND ct.kind IS NOT NULL
	  AND k.keyword IN ('sequel',
	                    'revenge',
	                    'based-on-novel')
	  AND mc.note IS NOT NULL
	  AND t.production_year > 1950
	  AND lt.id = ml.link_type_id
	  AND ml.movie_id = t.id
	  AND t.id = mk.movie_id
	  AND mk.keyword_id = k.id
	  AND t.id = mc.movie_id
	  AND mc.company_type_id = ct.id
	  AND mc.company_id = cn.id
	  AND ml.movie_id = mk.movie_id
	  AND ml.movie_id = mc.movie_id
	  AND mk.movie_id = mc.movie_id;
	
	
2026-02-06 01:19:35.268 UTC [3034993] AiChaosN@imdbload LOG:  Bao planning selected arm 0, in 105.009000 CPU ms.
2026-02-06 01:19:35.268 UTC [3034993] AiChaosN@imdbload STATEMENT:  SELECT MIN(mi.info) AS movie_budget,
	       MIN(mi_idx.info) AS movie_votes,
	       MIN(n.name) AS writer,
	       MIN(t.title) AS complete_gore_movie
	FROM complete_cast AS cc,
	     comp_cast_type AS cct1,
	     comp_cast_type AS cct2,
	     cast_info AS ci,
	     info_type AS it1,
	     info_type AS it2,
	     keyword AS k,
	     movie_info AS mi,
	     movie_info_idx AS mi_idx,
	     movie_keyword AS mk,
	     name AS n,
	     title AS t
	WHERE cct1.kind IN ('cast',
	                    'crew')
	  AND cct2.kind ='complete+verified'
	  AND ci.note IN ('(writer)',
	                  '(head writer)',
	                  '(written by)',
	                  '(story)',
	                  '(story editor)')
	  AND it1.info = 'genres'
	  AND it2.info = 'votes'
	  AND k.keyword IN ('murder',
	                    'violence',
	                    'blood',
	                    'gore',
	                    'death',
	                    'female-nudity',
	                    'hospital')
	  AND mi.info IN ('Horror',
	                  'Thriller')
	  AND n.gender = 'm'
	  AND t.production_year > 2000
	  AND (t.title LIKE '%Freddy%'
	       OR t.title LIKE '%Jason%'
	       OR t.title LIKE 'Saw%')
	  AND t.id = mi.movie_id
	  AND t.id = mi_idx.movie_id
	  AND t.id = ci.movie_id
	  AND t.id = mk.movie_id
	  AND t.id = cc.movie_id
	  AND ci.movie_id = mi.movie_id
	  AND ci.movie_id = mi_idx.movie_id
	  AND ci.movie_id = mk.movie_id
	  AND ci.movie_id = cc.movie_id
	  AND mi.movie_id = mi_idx.movie_id
	  AND mi.movie_id = mk.movie_id
	  AND mi.movie_id = cc.movie_id
	  AND mi_idx.movie_id = mk.movie_id
	  AND mi_idx.movie_id = cc.movie_id
	  AND mk.movie_id = cc.movie_id
	  AND n.id = ci.person_id
	  AND it1.id = mi.info_type_id
	  AND it2.id = mi_idx.info_type_id
	  AND k.id = mk.keyword_id
	  AND cct1.id = cc.subject_id
	  AND cct2.id = cc.status_id;
	
	
2026-02-06 01:19:35.627 UTC [3035004] AiChaosN@imdbload LOG:  Bao planning selected arm 0, in 106.724000 CPU ms.
2026-02-06 01:19:35.627 UTC [3035004] AiChaosN@imdbload STATEMENT:  SELECT MIN(chn.name) AS voiced_char_name,
	       MIN(n.name) AS voicing_actress_name,
	       MIN(t.title) AS voiced_action_movie_jap_eng
	FROM aka_name AS an,
	     char_name AS chn,
	     cast_info AS ci,
	     company_name AS cn,
	     info_type AS it,
	     keyword AS k,
	     movie_companies AS mc,
	     movie_info AS mi,
	     movie_keyword AS mk,
	     name AS n,
	     role_type AS rt,
	     title AS t
	WHERE ci.note IN ('(voice)',
	                  '(voice: Japanese version)',
	                  '(voice) (uncredited)',
	                  '(voice: English version)')
	  AND cn.country_code ='[us]'
	  AND it.info = 'release dates'
	  AND k.keyword IN ('hero',
	                    'martial-arts',
	                    'hand-to-hand-combat')
	  AND mi.info IS NOT NULL
	  AND (mi.info LIKE 'Japan:%201%'
	       OR mi.info LIKE 'USA:%201%')
	  AND n.gender ='f'
	  AND n.name LIKE '%An%'
	  AND rt.role ='actress'
	  AND t.production_year > 2010
	  AND t.id = mi.movie_id
	  AND t.id = mc.movie_id
	  AND t.id = ci.movie_id
	  AND t.id = mk.movie_id
	  AND mc.movie_id = ci.movie_id
	  AND mc.movie_id = mi.movie_id
	  AND mc.movie_id = mk.movie_id
	  AND mi.movie_id = ci.movie_id
	  AND mi.movie_id = mk.movie_id
	  AND ci.movie_id = mk.movie_id
	  AND cn.id = mc.company_id
	  AND it.id = mi.info_type_id
	  AND n.id = ci.person_id
	  AND rt.id = ci.role_id
	  AND n.id = an.person_id
	  AND ci.person_id = an.person_id
	  AND chn.id = ci.person_role_id
	  AND k.id = mk.keyword_id;
	
	
2026-02-06 01:19:36.165 UTC [3035019] AiChaosN@imdbload LOG:  Bao planning selected arm 0, in 73.962000 CPU ms.
2026-02-06 01:19:36.165 UTC [3035019] AiChaosN@imdbload STATEMENT:  SELECT MIN(t.title) AS movie_title
	FROM company_name AS cn,
	     keyword AS k,
	     movie_companies AS mc,
	     movie_keyword AS mk,
	     title AS t
	WHERE cn.country_code ='[de]'
	  AND k.keyword ='character-name-in-title'
	  AND cn.id = mc.company_id
	  AND mc.movie_id = t.id
	  AND t.id = mk.movie_id
	  AND mk.keyword_id = k.id
	  AND mc.movie_id = mk.movie_id;
	
	
2026-02-06 01:19:36.665 UTC [3035029] AiChaosN@imdbload LOG:  Bao planning selected arm 0, in 92.507000 CPU ms.
2026-02-06 01:19:36.665 UTC [3035029] AiChaosN@imdbload STATEMENT:  SELECT MIN(n.name) AS voicing_actress,
	       MIN(t.title) AS jap_engl_voiced_movie
	FROM aka_name AS an,
	     char_name AS chn,
	     cast_info AS ci,
	     company_name AS cn,
	     info_type AS it,
	     movie_companies AS mc,
	     movie_info AS mi,
	     name AS n,
	     role_type AS rt,
	     title AS t
	WHERE ci.note IN ('(voice)',
	                  '(voice: Japanese version)',
	                  '(voice) (uncredited)',
	                  '(voice: English version)')
	  AND cn.country_code ='[us]'
	  AND it.info = 'release dates'
	  AND n.gender ='f'
	  AND rt.role ='actress'
	  AND t.production_year > 2000
	  AND t.id = mi.movie_id
	  AND t.id = mc.movie_id
	  AND t.id = ci.movie_id
	  AND mc.movie_id = ci.movie_id
	  AND mc.movie_id = mi.movie_id
	  AND mi.movie_id = ci.movie_id
	  AND cn.id = mc.company_id
	  AND it.id = mi.info_type_id
	  AND n.id = ci.person_id
	  AND rt.id = ci.role_id
	  AND n.id = an.person_id
	  AND ci.person_id = an.person_id
	  AND chn.id = ci.person_role_id;
	
	
2026-02-06 01:19:46.837 UTC [3035206] AiChaosN@imdbload LOG:  Bao planning selected arm 0, in 72.057000 CPU ms.
2026-02-06 01:19:46.837 UTC [3035206] AiChaosN@imdbload STATEMENT:  SELECT MIN(t.title) AS movie_title
	FROM keyword AS k,
	     movie_info AS mi,
	     movie_keyword AS mk,
	     title AS t
	WHERE k.keyword LIKE '%sequel%'
	  AND mi.info IN ('Bulgaria')
	  AND t.production_year > 2010
	  AND t.id = mi.movie_id
	  AND t.id = mk.movie_id
	  AND mk.movie_id = mi.movie_id
	  AND k.id = mk.keyword_id;
	
	
2026-02-06 01:19:47.001 UTC [3035213] AiChaosN@imdbload LOG:  Bao planning selected arm 0, in 70.147000 CPU ms.
2026-02-06 01:19:47.001 UTC [3035213] AiChaosN@imdbload STATEMENT:  SELECT MIN(chn.name) AS uncredited_voiced_character,
	       MIN(t.title) AS russian_movie
	FROM char_name AS chn,
	     cast_info AS ci,
	     company_name AS cn,
	     company_type AS ct,
	     movie_companies AS mc,
	     role_type AS rt,
	     title AS t
	WHERE ci.note LIKE '%(voice)%'
	  AND ci.note LIKE '%(uncredited)%'
	  AND cn.country_code = '[ru]'
	  AND rt.role = 'actor'
	  AND t.production_year > 2005
	  AND t.id = mc.movie_id
	  AND t.id = ci.movie_id
	  AND ci.movie_id = mc.movie_id
	  AND chn.id = ci.person_role_id
	  AND rt.id = ci.role_id
	  AND cn.id = mc.company_id
	  AND ct.id = mc.company_type_id;
	
	
2026-02-06 01:19:47.706 UTC [3035224] AiChaosN@imdbload LOG:  Bao planning selected arm 0, in 87.843000 CPU ms.
2026-02-06 01:19:47.706 UTC [3035224] AiChaosN@imdbload STATEMENT:  SELECT MIN(kt.kind) AS movie_kind,
	       MIN(t.title) AS complete_us_internet_movie
	FROM complete_cast AS cc,
	     comp_cast_type AS cct1,
	     company_name AS cn,
	     company_type AS ct,
	     info_type AS it1,
	     keyword AS k,
	     kind_type AS kt,
	     movie_companies AS mc,
	     movie_info AS mi,
	     movie_keyword AS mk,
	     title AS t
	WHERE cct1.kind = 'complete+verified'
	  AND cn.country_code = '[us]'
	  AND it1.info = 'release dates'
	  AND kt.kind IN ('movie',
	                  'tv movie',
	                  'video movie',
	                  'video game')
	  AND mi.note LIKE '%internet%'
	  AND mi.info IS NOT NULL
	  AND (mi.info LIKE 'USA:% 199%'
	       OR mi.info LIKE 'USA:% 200%')
	  AND t.production_year > 1990
	  AND kt.id = t.kind_id
	  AND t.id = mi.movie_id
	  AND t.id = mk.movie_id
	  AND t.id = mc.movie_id
	  AND t.id = cc.movie_id
	  AND mk.movie_id = mi.movie_id
	  AND mk.movie_id = mc.movie_id
	  AND mk.movie_id = cc.movie_id
	  AND mi.movie_id = mc.movie_id
	  AND mi.movie_id = cc.movie_id
	  AND mc.movie_id = cc.movie_id
	  AND k.id = mk.keyword_id
	  AND it1.id = mi.info_type_id
	  AND cn.id = mc.company_id
	  AND ct.id = mc.company_type_id
	  AND cct1.id = cc.status_id;
	
	
2026-02-06 01:19:48.275 UTC [3035237] AiChaosN@imdbload LOG:  Bao planning selected arm 0, in 218.507000 CPU ms.
2026-02-06 01:19:48.275 UTC [3035237] AiChaosN@imdbload STATEMENT:  SELECT MIN(cn.name) AS movie_company,
	       MIN(mi_idx.info) AS rating,
	       MIN(t.title) AS complete_euro_dark_movie
	FROM complete_cast AS cc,
	     comp_cast_type AS cct1,
	     comp_cast_type AS cct2,
	     company_name AS cn,
	     company_type AS ct,
	     info_type AS it1,
	     info_type AS it2,
	     keyword AS k,
	     kind_type AS kt,
	     movie_companies AS mc,
	     movie_info AS mi,
	     movie_info_idx AS mi_idx,
	     movie_keyword AS mk,
	     title AS t
	WHERE cct1.kind = 'cast'
	  AND cct2.kind = 'complete'
	  AND cn.country_code != '[us]'
	  AND it1.info = 'countries'
	  AND it2.info = 'rating'
	  AND k.keyword IN ('murder',
	                    'murder-in-title',
	                    'blood',
	                    'violence')
	  AND kt.kind IN ('movie',
	                  'episode')
	  AND mc.note NOT LIKE '%(USA)%'
	  AND mc.note LIKE '%(200%)%'
	  AND mi.info IN ('Sweden',
	                  'Norway',
	                  'Germany',
	                  'Denmark',
	                  'Swedish',
	                  'Danish',
	                  'Norwegian',
	                  'German',
	                  'USA',
	                  'American')
	  AND mi_idx.info < '8.5'
	  AND t.production_year > 2005
	  AND kt.id = t.kind_id
	  AND t.id = mi.movie_id
	  AND t.id = mk.movie_id
	  AND t.id = mi_idx.movie_id
	  AND t.id = mc.movie_id
	  AND t.id = cc.movie_id
	  AND mk.movie_id = mi.movie_id
	  AND mk.movie_id = mi_idx.movie_id
	  AND mk.movie_id = mc.movie_id
	  AND mk.movie_id = cc.movie_id
	  AND mi.movie_id = mi_idx.movie_id
	  AND mi.movie_id = mc.movie_id
	  AND mi.movie_id = cc.movie_id
	  AND mc.movie_id = mi_idx.movie_id
	  AND mc.movie_id = cc.movie_id
	  AND mi_idx.movie_id = cc.movie_id
	  AND k.id = mk.keyword_id
	  AND it1.id = mi.info_type_id
	  AND it2.id = mi_idx.info_type_id
	  AND ct.id = mc.company_type_id
	  AND cn.id = mc.company_id
	  AND cct1.id = cc.subject_id
	  AND cct2.id = cc.status_id;
	
	
2026-02-06 01:19:49.046 UTC [3035269] AiChaosN@imdbload LOG:  Bao planning selected arm 0, in 86.515000 CPU ms.
2026-02-06 01:19:49.046 UTC [3035269] AiChaosN@imdbload STATEMENT:  SELECT MIN(cn.name) AS movie_company,
	       MIN(mi_idx.info) AS rating,
	       MIN(t.title) AS western_violent_movie
	FROM company_name AS cn,
	     company_type AS ct,
	     info_type AS it1,
	     info_type AS it2,
	     keyword AS k,
	     kind_type AS kt,
	     movie_companies AS mc,
	     movie_info AS mi,
	     movie_info_idx AS mi_idx,
	     movie_keyword AS mk,
	     title AS t
	WHERE cn.country_code != '[us]'
	  AND it1.info = 'countries'
	  AND it2.info = 'rating'
	  AND k.keyword IN ('murder',
	                    'murder-in-title',
	                    'blood',
	                    'violence')
	  AND kt.kind IN ('movie',
	                  'episode')
	  AND mi.info IN ('Sweden',
	                  'Norway',
	                  'Germany',
	                  'Denmark',
	                  'Swedish',
	                  'Danish',
	                  'Norwegian',
	                  'German',
	                  'USA',
	                  'American')
	  AND mi_idx.info < '8.5'
	  AND t.production_year > 2005
	  AND kt.id = t.kind_id
	  AND t.id = mi.movie_id
	  AND t.id = mk.movie_id
	  AND t.id = mi_idx.movie_id
	  AND t.id = mc.movie_id
	  AND mk.movie_id = mi.movie_id
	  AND mk.movie_id = mi_idx.movie_id
	  AND mk.movie_id = mc.movie_id
	  AND mi.movie_id = mi_idx.movie_id
	  AND mi.movie_id = mc.movie_id
	  AND mc.movie_id = mi_idx.movie_id
	  AND k.id = mk.keyword_id
	  AND it1.id = mi.info_type_id
	  AND it2.id = mi_idx.info_type_id
	  AND ct.id = mc.company_type_id
	  AND cn.id = mc.company_id;
	
	
2026-02-06 01:19:49.671 UTC [3035280] AiChaosN@imdbload LOG:  Bao planning selected arm 0, in 72.903000 CPU ms.
2026-02-06 01:19:49.671 UTC [3035280] AiChaosN@imdbload STATEMENT:  SELECT MIN(mi_idx.info) AS rating,
	       MIN(t.title) AS northern_dark_movie
	FROM info_type AS it1,
	     info_type AS it2,
	     keyword AS k,
	     kind_type AS kt,
	     movie_info AS mi,
	     movie_info_idx AS mi_idx,
	     movie_keyword AS mk,
	     title AS t
	WHERE it1.info = 'countries'
	  AND it2.info = 'rating'
	  AND k.keyword IN ('murder',
	                    'murder-in-title',
	                    'blood',
	                    'violence')
	  AND kt.kind = 'movie'
	  AND mi.info IN ('Sweden',
	                  'Norway',
	                  'Germany',
	                  'Denmark',
	                  'Swedish',
	                  'Denish',
	                  'Norwegian',
	                  'German',
	                  'USA',
	                  'American')
	  AND mi_idx.info < '8.5'
	  AND t.production_year > 2010
	  AND kt.id = t.kind_id
	  AND t.id = mi.movie_id
	  AND t.id = mk.movie_id
	  AND t.id = mi_idx.movie_id
	  AND mk.movie_id = mi.movie_id
	  AND mk.movie_id = mi_idx.movie_id
	  AND mi.movie_id = mi_idx.movie_id
	  AND k.id = mk.keyword_id
	  AND it1.id = mi.info_type_id
	  AND it2.id = mi_idx.info_type_id;
	
	
2026-02-06 01:19:49.924 UTC [3035281] AiChaosN@imdbload LOG:  Bao planning selected arm 0, in 73.533000 CPU ms.
2026-02-06 01:19:49.924 UTC [3035281] AiChaosN@imdbload STATEMENT:  SELECT MIN(cn.name) AS producing_company,
	       MIN(miidx.info) AS rating,
	       MIN(t.title) AS movie_about_winning
	FROM company_name AS cn,
	     company_type AS ct,
	     info_type AS it,
	     info_type AS it2,
	     kind_type AS kt,
	     movie_companies AS mc,
	     movie_info AS mi,
	     movie_info_idx AS miidx,
	     title AS t
	WHERE cn.country_code ='[us]'
	  AND ct.kind ='production companies'
	  AND it.info ='rating'
	  AND it2.info ='release dates'
	  AND kt.kind ='movie'
	  AND t.title != ''
	  AND (t.title LIKE '%Champion%'
	       OR t.title LIKE '%Loser%')
	  AND mi.movie_id = t.id
	  AND it2.id = mi.info_type_id
	  AND kt.id = t.kind_id
	  AND mc.movie_id = t.id
	  AND cn.id = mc.company_id
	  AND ct.id = mc.company_type_id
	  AND miidx.movie_id = t.id
	  AND it.id = miidx.info_type_id
	  AND mi.movie_id = miidx.movie_id
	  AND mi.movie_id = mc.movie_id
	  AND miidx.movie_id = mc.movie_id;
	
	
2026-02-06 01:19:50.791 UTC [3035299] AiChaosN@imdbload LOG:  Bao planning selected arm 0, in 72.390000 CPU ms.
2026-02-06 01:19:50.791 UTC [3035299] AiChaosN@imdbload STATEMENT:  SELECT MIN(an.name) AS alternative_name,
	       MIN(chn.name) AS voiced_character_name,
	       MIN(n.name) AS voicing_actress,
	       MIN(t.title) AS american_movie
	FROM aka_name AS an,
	     char_name AS chn,
	     cast_info AS ci,
	     company_name AS cn,
	     movie_companies AS mc,
	     name AS n,
	     role_type AS rt,
	     title AS t
	WHERE ci.note IN ('(voice)',
	                  '(voice: Japanese version)',
	                  '(voice) (uncredited)',
	                  '(voice: English version)')
	  AND cn.country_code ='[us]'
	  AND n.gender ='f'
	  AND n.name LIKE '%An%'
	  AND rt.role ='actress'
	  AND ci.movie_id = t.id
	  AND t.id = mc.movie_id
	  AND ci.movie_id = mc.movie_id
	  AND mc.company_id = cn.id
	  AND ci.role_id = rt.id
	  AND n.id = ci.person_id
	  AND chn.id = ci.person_role_id
	  AND an.person_id = n.id
	  AND an.person_id = ci.person_id;
	
	
2026-02-06 01:19:52.109 UTC [3035316] AiChaosN@imdbload LOG:  Bao planning selected arm 0, in 122.270000 CPU ms.
2026-02-06 01:19:52.109 UTC [3035316] AiChaosN@imdbload STATEMENT:  SELECT MIN(mi.info) AS movie_budget,
	       MIN(mi_idx.info) AS movie_votes,
	       MIN(n.name) AS writer,
	       MIN(t.title) AS complete_violent_movie
	FROM complete_cast AS cc,
	     comp_cast_type AS cct1,
	     comp_cast_type AS cct2,
	     cast_info AS ci,
	     info_type AS it1,
	     info_type AS it2,
	     keyword AS k,
	     movie_info AS mi,
	     movie_info_idx AS mi_idx,
	     movie_keyword AS mk,
	     name AS n,
	     title AS t
	WHERE cct1.kind = 'cast'
	  AND cct2.kind ='complete+verified'
	  AND ci.note IN ('(writer)',
	                  '(head writer)',
	                  '(written by)',
	                  '(story)',
	                  '(story editor)')
	  AND it1.info = 'genres'
	  AND it2.info = 'votes'
	  AND k.keyword IN ('murder',
	                    'violence',
	                    'blood',
	                    'gore',
	                    'death',
	                    'female-nudity',
	                    'hospital')
	  AND mi.info IN ('Horror',
	                  'Action',
	                  'Sci-Fi',
	                  'Thriller',
	                  'Crime',
	                  'War')
	  AND n.gender = 'm'
	  AND t.id = mi.movie_id
	  AND t.id = mi_idx.movie_id
	  AND t.id = ci.movie_id
	  AND t.id = mk.movie_id
	  AND t.id = cc.movie_id
	  AND ci.movie_id = mi.movie_id
	  AND ci.movie_id = mi_idx.movie_id
	  AND ci.movie_id = mk.movie_id
	  AND ci.movie_id = cc.movie_id
	  AND mi.movie_id = mi_idx.movie_id
	  AND mi.movie_id = mk.movie_id
	  AND mi.movie_id = cc.movie_id
	  AND mi_idx.movie_id = mk.movie_id
	  AND mi_idx.movie_id = cc.movie_id
	  AND mk.movie_id = cc.movie_id
	  AND n.id = ci.person_id
	  AND it1.id = mi.info_type_id
	  AND it2.id = mi_idx.info_type_id
	  AND k.id = mk.keyword_id
	  AND cct1.id = cc.subject_id
	  AND cct2.id = cc.status_id;
	
	
2026-02-06 01:19:56.135 UTC [3035370] AiChaosN@imdbload LOG:  Bao planning selected arm 0, in 2010.992000 CPU ms.
2026-02-06 01:19:56.135 UTC [3035370] AiChaosN@imdbload STATEMENT:  SELECT MIN(chn.name) AS voiced_char,
	       MIN(n.name) AS voicing_actress,
	       MIN(t.title) AS voiced_animation
	FROM aka_name AS an,
	     complete_cast AS cc,
	     comp_cast_type AS cct1,
	     comp_cast_type AS cct2,
	     char_name AS chn,
	     cast_info AS ci,
	     company_name AS cn,
	     info_type AS it,
	     info_type AS it3,
	     keyword AS k,
	     movie_companies AS mc,
	     movie_info AS mi,
	     movie_keyword AS mk,
	     name AS n,
	     person_info AS pi1,
	     role_type AS rt,
	     title AS t
	WHERE cct1.kind ='cast'
	  AND cct2.kind ='complete+verified'
	  AND ci.note IN ('(voice)',
	                  '(voice: Japanese version)',
	                  '(voice) (uncredited)',
	                  '(voice: English version)')
	  AND cn.country_code ='[us]'
	  AND it.info = 'release dates'
	  AND it3.info = 'trivia'
	  AND k.keyword = 'computer-animation'
	  AND mi.info IS NOT NULL
	  AND (mi.info LIKE 'Japan:%200%'
	       OR mi.info LIKE 'USA:%200%')
	  AND n.gender ='f'
	  AND n.name LIKE '%An%'
	  AND rt.role ='actress'
	  AND t.production_year BETWEEN 2000 AND 2010
	  AND t.id = mi.movie_id
	  AND t.id = mc.movie_id
	  AND t.id = ci.movie_id
	  AND t.id = mk.movie_id
	  AND t.id = cc.movie_id
	  AND mc.movie_id = ci.movie_id
	  AND mc.movie_id = mi.movie_id
	  AND mc.movie_id = mk.movie_id
	  AND mc.movie_id = cc.movie_id
	  AND mi.movie_id = ci.movie_id
	  AND mi.movie_id = mk.movie_id
	  AND mi.movie_id = cc.movie_id
	  AND ci.movie_id = mk.movie_id
	  AND ci.movie_id = cc.movie_id
	  AND mk.movie_id = cc.movie_id
	  AND cn.id = mc.company_id
	  AND it.id = mi.info_type_id
	  AND n.id = ci.person_id
	  AND rt.id = ci.role_id
	  AND n.id = an.person_id
	  AND ci.person_id = an.person_id
	  AND chn.id = ci.person_role_id
	  AND n.id = pi1.person_id
	  AND ci.person_id = pi1.person_id
	  AND it3.id = pi1.info_type_id
	  AND k.id = mk.keyword_id
	  AND cct1.id = cc.subject_id
	  AND cct2.id = cc.status_id;
	
	
2026-02-06 01:19:58.955 UTC [3035469] AiChaosN@imdbload LOG:  Bao planning selected arm 0, in 114.655000 CPU ms.
2026-02-06 01:19:58.955 UTC [3035469] AiChaosN@imdbload STATEMENT:  SELECT MIN(cn.name) AS producing_company,
	       MIN(lt.link) AS link_type,
	       MIN(t.title) AS complete_western_sequel
	FROM complete_cast AS cc,
	     comp_cast_type AS cct1,
	     comp_cast_type AS cct2,
	     company_name AS cn,
	     company_type AS ct,
	     keyword AS k,
	     link_type AS lt,
	     movie_companies AS mc,
	     movie_info AS mi,
	     movie_keyword AS mk,
	     movie_link AS ml,
	     title AS t
	WHERE cct1.kind IN ('cast',
	                    'crew')
	  AND cct2.kind = 'complete'
	  AND cn.country_code !='[pl]'
	  AND (cn.name LIKE '%Film%'
	       OR cn.name LIKE '%Warner%')
	  AND ct.kind ='production companies'
	  AND k.keyword ='sequel'
	  AND lt.link LIKE '%follow%'
	  AND mc.note IS NULL
	  AND mi.info IN ('Sweden',
	                  'Germany',
	                  'Swedish',
	                  'German')
	  AND t.production_year = 1998
	  AND lt.id = ml.link_type_id
	  AND ml.movie_id = t.id
	  AND t.id = mk.movie_id
	  AND mk.keyword_id = k.id
	  AND t.id = mc.movie_id
	  AND mc.company_type_id = ct.id
	  AND mc.company_id = cn.id
	  AND mi.movie_id = t.id
	  AND t.id = cc.movie_id
	  AND cct1.id = cc.subject_id
	  AND cct2.id = cc.status_id
	  AND ml.movie_id = mk.movie_id
	  AND ml.movie_id = mc.movie_id
	  AND mk.movie_id = mc.movie_id
	  AND ml.movie_id = mi.movie_id
	  AND mk.movie_id = mi.movie_id
	  AND mc.movie_id = mi.movie_id
	  AND ml.movie_id = cc.movie_id
	  AND mk.movie_id = cc.movie_id
	  AND mc.movie_id = cc.movie_id
	  AND mi.movie_id = cc.movie_id;
	
	
2026-02-06 01:19:59.046 UTC [3035473] AiChaosN@imdbload LOG:  Bao planning selected arm 0, in 73.837000 CPU ms.
2026-02-06 01:19:59.046 UTC [3035473] AiChaosN@imdbload STATEMENT:  SELECT MIN(cn.name) AS from_company,
	       MIN(mc.note) AS production_note,
	       MIN(t.title) AS movie_based_on_book
	FROM company_name AS cn,
	     company_type AS ct,
	     keyword AS k,
	     link_type AS lt,
	     movie_companies AS mc,
	     movie_keyword AS mk,
	     movie_link AS ml,
	     title AS t
	WHERE cn.country_code !='[pl]'
	  AND ct.kind != 'production companies'
	  AND ct.kind IS NOT NULL
	  AND k.keyword IN ('sequel',
	                    'revenge',
	                    'based-on-novel')
	  AND mc.note IS NOT NULL
	  AND t.production_year > 1950
	  AND lt.id = ml.link_type_id
	  AND ml.movie_id = t.id
	  AND t.id = mk.movie_id
	  AND mk.keyword_id = k.id
	  AND t.id = mc.movie_id
	  AND mc.company_type_id = ct.id
	  AND mc.company_id = cn.id
	  AND ml.movie_id = mk.movie_id
	  AND ml.movie_id = mc.movie_id
	  AND mk.movie_id = mc.movie_id;
	
	
2026-02-06 01:19:59.242 UTC [3035477] AiChaosN@imdbload LOG:  Bao planning selected arm 0, in 72.248000 CPU ms.
2026-02-06 01:19:59.242 UTC [3035477] AiChaosN@imdbload STATEMENT:  SELECT MIN(n.name) AS of_person,
	       MIN(t.title) AS biography_movie
	FROM aka_name AS an,
	     cast_info AS ci,
	     info_type AS it,
	     link_type AS lt,
	     movie_link AS ml,
	     name AS n,
	     person_info AS pi1,
	     title AS t
	WHERE an.name LIKE '%a%'
	  AND it.info ='mini biography'
	  AND lt.link ='features'
	  AND n.name_pcode_cf BETWEEN 'A' AND 'F'
	  AND (n.gender='m'
	       OR (n.gender = 'f'
	           AND n.name LIKE 'B%'))
	  AND pi1.note ='Volker Boehm'
	  AND t.production_year BETWEEN 1980 AND 1995
	  AND n.id = an.person_id
	  AND n.id = pi1.person_id
	  AND ci.person_id = n.id
	  AND t.id = ci.movie_id
	  AND ml.linked_movie_id = t.id
	  AND lt.id = ml.link_type_id
	  AND it.id = pi1.info_type_id
	  AND pi1.person_id = an.person_id
	  AND pi1.person_id = ci.person_id
	  AND an.person_id = ci.person_id
	  AND ci.movie_id = ml.linked_movie_id;
	
	
2026-02-06 01:20:00.194 UTC [3035492] AiChaosN@imdbload LOG:  Bao planning selected arm 0, in 238.486000 CPU ms.
2026-02-06 01:20:00.194 UTC [3035492] AiChaosN@imdbload STATEMENT:  SELECT MIN(cn1.name) AS first_company,
	       MIN(cn2.name) AS second_company,
	       MIN(mii1.info) AS first_rating,
	       MIN(mii2.info) AS second_rating,
	       MIN(t1.title) AS first_movie,
	       MIN(t2.title) AS second_movie
	FROM company_name AS cn1,
	     company_name AS cn2,
	     info_type AS it1,
	     info_type AS it2,
	     kind_type AS kt1,
	     kind_type AS kt2,
	     link_type AS lt,
	     movie_companies AS mc1,
	     movie_companies AS mc2,
	     movie_info_idx AS mii1,
	     movie_info_idx AS mii2,
	     movie_link AS ml,
	     title AS t1,
	     title AS t2
	WHERE cn1.country_code = '[nl]'
	  AND it1.info = 'rating'
	  AND it2.info = 'rating'
	  AND kt1.kind IN ('tv series')
	  AND kt2.kind IN ('tv series')
	  AND lt.link LIKE '%follow%'
	  AND mii2.info < '3.0'
	  AND t2.production_year = 2007
	  AND lt.id = ml.link_type_id
	  AND t1.id = ml.movie_id
	  AND t2.id = ml.linked_movie_id
	  AND it1.id = mii1.info_type_id
	  AND t1.id = mii1.movie_id
	  AND kt1.id = t1.kind_id
	  AND cn1.id = mc1.company_id
	  AND t1.id = mc1.movie_id
	  AND ml.movie_id = mii1.movie_id
	  AND ml.movie_id = mc1.movie_id
	  AND mii1.movie_id = mc1.movie_id
	  AND it2.id = mii2.info_type_id
	  AND t2.id = mii2.movie_id
	  AND kt2.id = t2.kind_id
	  AND cn2.id = mc2.company_id
	  AND t2.id = mc2.movie_id
	  AND ml.linked_movie_id = mii2.movie_id
	  AND ml.linked_movie_id = mc2.movie_id
	  AND mii2.movie_id = mc2.movie_id;
	
	
2026-02-06 01:20:00.297 UTC [3035493] AiChaosN@imdbload LOG:  Bao planning selected arm 0, in 71.183000 CPU ms.
2026-02-06 01:20:00.297 UTC [3035493] AiChaosN@imdbload STATEMENT:  SELECT MIN(mi_idx.info) AS rating,
	       MIN(t.title) AS movie_title
	FROM info_type AS it,
	     keyword AS k,
	     movie_info_idx AS mi_idx,
	     movie_keyword AS mk,
	     title AS t
	WHERE it.info ='rating'
	  AND k.keyword LIKE '%sequel%'
	  AND mi_idx.info > '2.0'
	  AND t.production_year > 1990
	  AND t.id = mi_idx.movie_id
	  AND t.id = mk.movie_id
	  AND mk.movie_id = mi_idx.movie_id
	  AND k.id = mk.keyword_id
	  AND it.id = mi_idx.info_type_id;
	
	
2026-02-06 01:20:00.464 UTC [3035505] AiChaosN@imdbload LOG:  Bao planning selected arm 0, in 71.639000 CPU ms.
2026-02-06 01:20:00.464 UTC [3035505] AiChaosN@imdbload STATEMENT:  SELECT MIN(k.keyword) AS movie_keyword,
	       MIN(n.name) AS actor_name,
	       MIN(t.title) AS hero_movie
	FROM cast_info AS ci,
	     keyword AS k,
	     movie_keyword AS mk,
	     name AS n,
	     title AS t
	WHERE k.keyword IN ('superhero',
	                    'sequel',
	                    'second-part',
	                    'marvel-comics',
	                    'based-on-comic',
	                    'tv-special',
	                    'fight',
	                    'violence')
	  AND t.production_year > 2000
	  AND k.id = mk.keyword_id
	  AND t.id = mk.movie_id
	  AND t.id = ci.movie_id
	  AND ci.movie_id = mk.movie_id
	  AND n.id = ci.person_id;
	
	
2026-02-06 01:20:03.892 UTC [3035573] AiChaosN@imdbload LOG:  Bao planning selected arm 0, in 117.096000 CPU ms.
2026-02-06 01:20:03.892 UTC [3035573] AiChaosN@imdbload STATEMENT:  SELECT MIN(cn.name) AS producing_company,
	       MIN(lt.link) AS link_type,
	       MIN(t.title) AS complete_western_sequel
	FROM complete_cast AS cc,
	     comp_cast_type AS cct1,
	     comp_cast_type AS cct2,
	     company_name AS cn,
	     company_type AS ct,
	     keyword AS k,
	     link_type AS lt,
	     movie_companies AS mc,
	     movie_info AS mi,
	     movie_keyword AS mk,
	     movie_link AS ml,
	     title AS t
	WHERE cct1.kind IN ('cast',
	                    'crew')
	  AND cct2.kind = 'complete'
	  AND cn.country_code !='[pl]'
	  AND (cn.name LIKE '%Film%'
	       OR cn.name LIKE '%Warner%')
	  AND ct.kind ='production companies'
	  AND k.keyword ='sequel'
	  AND lt.link LIKE '%follow%'
	  AND mc.note IS NULL
	  AND mi.info IN ('Sweden',
	                  'Germany',
	                  'Swedish',
	                  'German')
	  AND t.production_year BETWEEN 1950 AND 2000
	  AND lt.id = ml.link_type_id
	  AND ml.movie_id = t.id
	  AND t.id = mk.movie_id
	  AND mk.keyword_id = k.id
	  AND t.id = mc.movie_id
	  AND mc.company_type_id = ct.id
	  AND mc.company_id = cn.id
	  AND mi.movie_id = t.id
	  AND t.id = cc.movie_id
	  AND cct1.id = cc.subject_id
	  AND cct2.id = cc.status_id
	  AND ml.movie_id = mk.movie_id
	  AND ml.movie_id = mc.movie_id
	  AND mk.movie_id = mc.movie_id
	  AND ml.movie_id = mi.movie_id
	  AND mk.movie_id = mi.movie_id
	  AND mc.movie_id = mi.movie_id
	  AND ml.movie_id = cc.movie_id
	  AND mk.movie_id = cc.movie_id
	  AND mc.movie_id = cc.movie_id
	  AND mi.movie_id = cc.movie_id;
	
	
2026-02-06 01:20:03.990 UTC [3035583] AiChaosN@imdbload LOG:  Bao planning selected arm 0, in 74.759000 CPU ms.
2026-02-06 01:20:03.990 UTC [3035583] AiChaosN@imdbload STATEMENT:  SELECT MIN(an.name) AS cool_actor_pseudonym,
	       MIN(t.title) AS series_named_after_char
	FROM aka_name AS an,
	     cast_info AS ci,
	     company_name AS cn,
	     keyword AS k,
	     movie_companies AS mc,
	     movie_keyword AS mk,
	     name AS n,
	     title AS t
	WHERE cn.country_code ='[us]'
	  AND k.keyword ='character-name-in-title'
	  AND t.episode_nr < 100
	  AND an.person_id = n.id
	  AND n.id = ci.person_id
	  AND ci.movie_id = t.id
	  AND t.id = mk.movie_id
	  AND mk.keyword_id = k.id
	  AND t.id = mc.movie_id
	  AND mc.company_id = cn.id
	  AND an.person_id = ci.person_id
	  AND ci.movie_id = mc.movie_id
	  AND ci.movie_id = mk.movie_id
	  AND mc.movie_id = mk.movie_id;
	
	
2026-02-06 01:20:05.030 UTC [3035594] AiChaosN@imdbload LOG:  Bao planning selected arm 0, in 88.122000 CPU ms.
2026-02-06 01:20:05.030 UTC [3035594] AiChaosN@imdbload STATEMENT:  SELECT MIN(kt.kind) AS movie_kind,
	       MIN(t.title) AS complete_us_internet_movie
	FROM complete_cast AS cc,
	     comp_cast_type AS cct1,
	     company_name AS cn,
	     company_type AS ct,
	     info_type AS it1,
	     keyword AS k,
	     kind_type AS kt,
	     movie_companies AS mc,
	     movie_info AS mi,
	     movie_keyword AS mk,
	     title AS t
	WHERE cct1.kind = 'complete+verified'
	  AND cn.country_code = '[us]'
	  AND it1.info = 'release dates'
	  AND kt.kind IN ('movie')
	  AND mi.note LIKE '%internet%'
	  AND mi.info IS NOT NULL
	  AND (mi.info LIKE 'USA:% 199%'
	       OR mi.info LIKE 'USA:% 200%')
	  AND t.production_year > 2000
	  AND kt.id = t.kind_id
	  AND t.id = mi.movie_id
	  AND t.id = mk.movie_id
	  AND t.id = mc.movie_id
	  AND t.id = cc.movie_id
	  AND mk.movie_id = mi.movie_id
	  AND mk.movie_id = mc.movie_id
	  AND mk.movie_id = cc.movie_id
	  AND mi.movie_id = mc.movie_id
	  AND mi.movie_id = cc.movie_id
	  AND mc.movie_id = cc.movie_id
	  AND k.id = mk.keyword_id
	  AND it1.id = mi.info_type_id
	  AND cn.id = mc.company_id
	  AND ct.id = mc.company_type_id
	  AND cct1.id = cc.status_id;
	
	
2026-02-06 01:20:05.273 UTC [3035595] AiChaosN@imdbload LOG:  Bao planning selected arm 0, in 86.227000 CPU ms.
2026-02-06 01:20:05.273 UTC [3035595] AiChaosN@imdbload STATEMENT:  SELECT COUNT(*) FROM title as t,
	kind_type as kt,
	info_type as it1,
	movie_info as mi1,
	movie_info as mi2,
	info_type as it2,
	cast_info as ci,
	role_type as rt,
	name as n,
	movie_keyword as mk,
	keyword as k
	WHERE
	t.id = ci.movie_id
	AND t.id = mi1.movie_id
	AND t.id = mi2.movie_id
	AND t.id = mk.movie_id
	AND k.id = mk.keyword_id
	AND mi1.movie_id = mi2.movie_id
	AND mi1.info_type_id = it1.id
	AND mi2.info_type_id = it2.id
	AND (it1.id in ('8'))
	AND (it2.id in ('6'))
	AND t.kind_id = kt.id
	AND ci.person_id = n.id
	AND ci.role_id = rt.id
	AND (mi1.info in ('Austria','Belgium','Brazil','Hungary','India','Mexico','Poland','Spain'))
	AND (mi2.info in ('Mono','Silent'))
	AND (kt.kind in ('episode','movie','tv movie'))
	AND (rt.role in ('costume designer','production designer'))
	AND (n.gender IS NULL)
	AND (t.production_year <= 1975)
	AND (t.production_year >= 1875)
	AND (k.keyword IN ('based-on-play','cigarette-smoking','friendship','independent-film','jealousy','lesbian-sex','male-nudity','marriage','mother-daughter-relationship','one-word-title','oral-sex','police','singing','song'))
	
2026-02-06 01:20:08.640 UTC [3035628] AiChaosN@imdbload LOG:  Bao planning selected arm 0, in 1948.269000 CPU ms.
2026-02-06 01:20:08.640 UTC [3035628] AiChaosN@imdbload STATEMENT:  SELECT MIN(chn.name) AS voiced_char,
	       MIN(n.name) AS voicing_actress,
	       MIN(t.title) AS voiced_animation
	FROM aka_name AS an,
	     complete_cast AS cc,
	     comp_cast_type AS cct1,
	     comp_cast_type AS cct2,
	     char_name AS chn,
	     cast_info AS ci,
	     company_name AS cn,
	     info_type AS it,
	     info_type AS it3,
	     keyword AS k,
	     movie_companies AS mc,
	     movie_info AS mi,
	     movie_keyword AS mk,
	     name AS n,
	     person_info AS pi1,
	     role_type AS rt,
	     title AS t
	WHERE cct1.kind ='cast'
	  AND cct2.kind ='complete+verified'
	  AND chn.name = 'Queen'
	  AND ci.note IN ('(voice)',
	                  '(voice) (uncredited)',
	                  '(voice: English version)')
	  AND cn.country_code ='[us]'
	  AND it.info = 'release dates'
	  AND it3.info = 'height'
	  AND k.keyword = 'computer-animation'
	  AND mi.info LIKE 'USA:%200%'
	  AND n.gender ='f'
	  AND n.name LIKE '%An%'
	  AND rt.role ='actress'
	  AND t.title = 'Shrek 2'
	  AND t.production_year BETWEEN 2000 AND 2005
	  AND t.id = mi.movie_id
	  AND t.id = mc.movie_id
	  AND t.id = ci.movie_id
	  AND t.id = mk.movie_id
	  AND t.id = cc.movie_id
	  AND mc.movie_id = ci.movie_id
	  AND mc.movie_id = mi.movie_id
	  AND mc.movie_id = mk.movie_id
	  AND mc.movie_id = cc.movie_id
	  AND mi.movie_id = ci.movie_id
	  AND mi.movie_id = mk.movie_id
	  AND mi.movie_id = cc.movie_id
	  AND ci.movie_id = mk.movie_id
	  AND ci.movie_id = cc.movie_id
	  AND mk.movie_id = cc.movie_id
	  AND cn.id = mc.company_id
	  AND it.id = mi.info_type_id
	  AND n.id = ci.person_id
	  AND rt.id = ci.role_id
	  AND n.id = an.person_id
	  AND ci.person_id = an.person_id
	  AND chn.id = ci.person_role_id
	  AND n.id = pi1.person_id
	  AND ci.person_id = pi1.person_id
	  AND it3.id = pi1.info_type_id
	  AND k.id = mk.keyword_id
	  AND cct1.id = cc.subject_id
	  AND cct2.id = cc.status_id;
	
	
2026-02-06 01:20:08.926 UTC [3035680] AiChaosN@imdbload LOG:  Bao planning selected arm 0, in 74.172000 CPU ms.
2026-02-06 01:20:08.926 UTC [3035680] AiChaosN@imdbload STATEMENT:  SELECT MIN(t.title) AS movie_title
	FROM company_name AS cn,
	     keyword AS k,
	     movie_companies AS mc,
	     movie_keyword AS mk,
	     title AS t
	WHERE cn.country_code ='[sm]'
	  AND k.keyword ='character-name-in-title'
	  AND cn.id = mc.company_id
	  AND mc.movie_id = t.id
	  AND t.id = mk.movie_id
	  AND mk.keyword_id = k.id
	  AND mc.movie_id = mk.movie_id;
	
	
2026-02-06 01:20:09.458 UTC [3035681] AiChaosN@imdbload LOG:  Bao planning selected arm 0, in 201.803000 CPU ms.
2026-02-06 01:20:09.458 UTC [3035681] AiChaosN@imdbload STATEMENT:  SELECT MIN(cn.name) AS movie_company,
	       MIN(mi_idx.info) AS rating,
	       MIN(t.title) AS complete_euro_dark_movie
	FROM complete_cast AS cc,
	     comp_cast_type AS cct1,
	     comp_cast_type AS cct2,
	     company_name AS cn,
	     company_type AS ct,
	     info_type AS it1,
	     info_type AS it2,
	     keyword AS k,
	     kind_type AS kt,
	     movie_companies AS mc,
	     movie_info AS mi,
	     movie_info_idx AS mi_idx,
	     movie_keyword AS mk,
	     title AS t
	WHERE cct1.kind = 'crew'
	  AND cct2.kind != 'complete+verified'
	  AND cn.country_code != '[us]'
	  AND it1.info = 'countries'
	  AND it2.info = 'rating'
	  AND k.keyword IN ('murder',
	                    'murder-in-title',
	                    'blood',
	                    'violence')
	  AND kt.kind IN ('movie',
	                  'episode')
	  AND mc.note NOT LIKE '%(USA)%'
	  AND mc.note LIKE '%(200%)%'
	  AND mi.info IN ('Sweden',
	                  'Germany',
	                  'Swedish',
	                  'German')
	  AND mi_idx.info > '6.5'
	  AND t.production_year > 2005
	  AND kt.id = t.kind_id
	  AND t.id = mi.movie_id
	  AND t.id = mk.movie_id
	  AND t.id = mi_idx.movie_id
	  AND t.id = mc.movie_id
	  AND t.id = cc.movie_id
	  AND mk.movie_id = mi.movie_id
	  AND mk.movie_id = mi_idx.movie_id
	  AND mk.movie_id = mc.movie_id
	  AND mk.movie_id = cc.movie_id
	  AND mi.movie_id = mi_idx.movie_id
	  AND mi.movie_id = mc.movie_id
	  AND mi.movie_id = cc.movie_id
	  AND mc.movie_id = mi_idx.movie_id
	  AND mc.movie_id = cc.movie_id
	  AND mi_idx.movie_id = cc.movie_id
	  AND k.id = mk.keyword_id
	  AND it1.id = mi.info_type_id
	  AND it2.id = mi_idx.info_type_id
	  AND ct.id = mc.company_type_id
	  AND cn.id = mc.company_id
	  AND cct1.id = cc.subject_id
	  AND cct2.id = cc.status_id;
	
	
2026-02-06 01:20:09.795 UTC [3035701] AiChaosN@imdbload LOG:  Bao planning selected arm 0, in 74.397000 CPU ms.
2026-02-06 01:20:09.795 UTC [3035701] AiChaosN@imdbload STATEMENT:  SELECT MIN(n.name) AS member_in_charnamed_movie
	FROM cast_info AS ci,
	     company_name AS cn,
	     keyword AS k,
	     movie_companies AS mc,
	     movie_keyword AS mk,
	     name AS n,
	     title AS t
	WHERE cn.country_code ='[us]'
	  AND k.keyword ='character-name-in-title'
	  AND n.id = ci.person_id
	  AND ci.movie_id = t.id
	  AND t.id = mk.movie_id
	  AND mk.keyword_id = k.id
	  AND t.id = mc.movie_id
	  AND mc.company_id = cn.id
	  AND ci.movie_id = mc.movie_id
	  AND ci.movie_id = mk.movie_id
	  AND mc.movie_id = mk.movie_id;
	
	
2026-02-06 01:20:16.322 UTC [3035828] AiChaosN@imdbload LOG:  Bao planning selected arm 0, in 80.713000 CPU ms.
2026-02-06 01:20:16.322 UTC [3035828] AiChaosN@imdbload STATEMENT:  SELECT MIN(mi.info) AS movie_budget,
	       MIN(mi_idx.info) AS movie_votes,
	       MIN(n.name) AS male_writer,
	       MIN(t.title) AS violent_movie_title
	FROM cast_info AS ci,
	     info_type AS it1,
	     info_type AS it2,
	     keyword AS k,
	     movie_info AS mi,
	     movie_info_idx AS mi_idx,
	     movie_keyword AS mk,
	     name AS n,
	     title AS t
	WHERE ci.note IN ('(writer)',
	                  '(head writer)',
	                  '(written by)',
	                  '(story)',
	                  '(story editor)')
	  AND it1.info = 'genres'
	  AND it2.info = 'votes'
	  AND k.keyword IN ('murder',
	                    'violence',
	                    'blood',
	                    'gore',
	                    'death',
	                    'female-nudity',
	                    'hospital')
	  AND mi.info IN ('Horror',
	                  'Action',
	                  'Sci-Fi',
	                  'Thriller',
	                  'Crime',
	                  'War')
	  AND n.gender = 'm'
	  AND t.id = mi.movie_id
	  AND t.id = mi_idx.movie_id
	  AND t.id = ci.movie_id
	  AND t.id = mk.movie_id
	  AND ci.movie_id = mi.movie_id
	  AND ci.movie_id = mi_idx.movie_id
	  AND ci.movie_id = mk.movie_id
	  AND mi.movie_id = mi_idx.movie_id
	  AND mi.movie_id = mk.movie_id
	  AND mi_idx.movie_id = mk.movie_id
	  AND n.id = ci.person_id
	  AND it1.id = mi.info_type_id
	  AND it2.id = mi_idx.info_type_id
	  AND k.id = mk.keyword_id;
	
	
2026-02-06 01:20:21.334 UTC [3035926] AiChaosN@imdbload LOG:  Bao planning selected arm 0, in 78.697000 CPU ms.
2026-02-06 01:20:21.334 UTC [3035926] AiChaosN@imdbload STATEMENT:  SELECT MIN(k.keyword) AS movie_keyword,
	       MIN(n.name) AS actor_name,
	       MIN(t.title) AS hero_movie
	FROM cast_info AS ci,
	     keyword AS k,
	     movie_keyword AS mk,
	     name AS n,
	     title AS t
	WHERE k.keyword IN ('superhero',
	                    'sequel',
	                    'second-part',
	                    'marvel-comics',
	                    'based-on-comic',
	                    'tv-special',
	                    'fight',
	                    'violence')
	  AND n.name LIKE '%Downey%Robert%'
	  AND t.production_year > 2000
	  AND k.id = mk.keyword_id
	  AND t.id = mk.movie_id
	  AND t.id = ci.movie_id
	  AND ci.movie_id = mk.movie_id
	  AND n.id = ci.person_id;
	
	
2026-02-06 01:20:24.528 UTC [3036003] AiChaosN@imdbload LOG:  Bao planning selected arm 0, in 165.029000 CPU ms.
2026-02-06 01:20:24.528 UTC [3036003] AiChaosN@imdbload STATEMENT:  SELECT COUNT(*)
	FROM title as t,
	movie_info as mi1,
	kind_type as kt,
	info_type as it1,
	info_type as it3,
	info_type as it4,
	movie_info_idx as mii1,
	movie_info_idx as mii2,
	aka_name as an,
	name as n,
	info_type as it5,
	person_info as pi1,
	cast_info as ci,
	role_type as rt
	WHERE
	t.id = mi1.movie_id
	AND t.id = ci.movie_id
	AND t.id = mii1.movie_id
	AND t.id = mii2.movie_id
	AND mii2.movie_id = mii1.movie_id
	AND mi1.movie_id = mii1.movie_id
	AND mi1.info_type_id = it1.id
	AND mii1.info_type_id = it3.id
	AND mii2.info_type_id = it4.id
	AND t.kind_id = kt.id
	AND (kt.kind IN ('episode','movie'))
	AND (t.production_year <= 2015)
	AND (t.production_year >= 1925)
	AND (mi1.info IN ('Black and White'))
	AND (it1.id IN ('2'))
	AND it3.id = '100'
	AND it4.id = '101'
	AND (mii2.info ~ '^(?:[1-9]\d*|0)?(?:\.\d+)?$' AND mii2.info::float <= 7.0)
	AND (mii2.info ~ '^(?:[1-9]\d*|0)?(?:\.\d+)?$' AND 3.0 <= mii2.info::float)
	AND (mii1.info ~ '^(?:[1-9]\d*|0)?(?:\.\d+)?$' AND 0.0 <= mii1.info::float)
	AND (mii1.info ~ '^(?:[1-9]\d*|0)?(?:\.\d+)?$' AND mii1.info::float <= 10000.0)
	AND n.id = ci.person_id
	AND ci.person_id = pi1.person_id
	AND it5.id = pi1.info_type_id
	AND n.id = pi1.person_id
	AND n.id = an.person_id
	AND ci.person_id = an.person_id
	AND an.person_id = pi1.person_id
	AND rt.id = ci.role_id
	AND (n.gender in ('m') OR n.gender IS NULL)
	AND (n.name_pcode_nf in ('A5136','B4532','C6435','H4524','J2451','J6362','L2525','M6415','S4125','W5245'))
	AND (ci.note in ('(writer)') OR ci.note IS NULL)
	AND (rt.role in ('actor','cinematographer','writer'))
	AND (it5.id in ('26'))
	
2026-02-06 01:20:44.558 UTC [3036334] AiChaosN@imdbload LOG:  Bao planning selected arm 0, in 84.715000 CPU ms.
2026-02-06 01:20:44.558 UTC [3036334] AiChaosN@imdbload STATEMENT:  SELECT MIN(an.name) AS cool_actor_pseudonym,
	       MIN(t.title) AS series_named_after_char
	FROM aka_name AS an,
	     cast_info AS ci,
	     company_name AS cn,
	     keyword AS k,
	     movie_companies AS mc,
	     movie_keyword AS mk,
	     name AS n,
	     title AS t
	WHERE cn.country_code ='[us]'
	  AND k.keyword ='character-name-in-title'
	  AND t.episode_nr >= 5
	  AND t.episode_nr < 100
	  AND an.person_id = n.id
	  AND n.id = ci.person_id
	  AND ci.movie_id = t.id
	  AND t.id = mk.movie_id
	  AND mk.keyword_id = k.id
	  AND t.id = mc.movie_id
	  AND mc.company_id = cn.id
	  AND an.person_id = ci.person_id
	  AND ci.movie_id = mc.movie_id
	  AND ci.movie_id = mk.movie_id
	  AND mc.movie_id = mk.movie_id;
	
	
2026-02-06 01:20:45.437 UTC [3036357] AiChaosN@imdbload LOG:  Bao planning selected arm 0, in 82.606000 CPU ms.
2026-02-06 01:20:45.437 UTC [3036357] AiChaosN@imdbload STATEMENT:  SELECT MIN(an.name) AS alternative_name,
	       MIN(chn.name) AS voiced_character,
	       MIN(n.name) AS voicing_actress,
	       MIN(t.title) AS american_movie
	FROM aka_name AS an,
	     char_name AS chn,
	     cast_info AS ci,
	     company_name AS cn,
	     movie_companies AS mc,
	     name AS n,
	     role_type AS rt,
	     title AS t
	WHERE ci.note = '(voice)'
	  AND cn.country_code ='[us]'
	  AND mc.note LIKE '%(200%)%'
	  AND (mc.note LIKE '%(USA)%'
	       OR mc.note LIKE '%(worldwide)%')
	  AND n.gender ='f'
	  AND n.name LIKE '%Angel%'
	  AND rt.role ='actress'
	  AND t.production_year BETWEEN 2007 AND 2010
	  AND ci.movie_id = t.id
	  AND t.id = mc.movie_id
	  AND ci.movie_id = mc.movie_id
	  AND mc.company_id = cn.id
	  AND ci.role_id = rt.id
	  AND n.id = ci.person_id
	  AND chn.id = ci.person_role_id
	  AND an.person_id = n.id
	  AND an.person_id = ci.person_id;
	
	
2026-02-06 01:20:46.686 UTC [3036389] AiChaosN@imdbload LOG:  Bao planning selected arm 0, in 78.722000 CPU ms.
2026-02-06 01:20:46.686 UTC [3036389] AiChaosN@imdbload STATEMENT:  SELECT MIN(mc.note) AS production_note,
	       MIN(t.title) AS movie_title,
	       MIN(t.production_year) AS movie_year
	FROM company_type AS ct,
	     info_type AS it,
	     movie_companies AS mc,
	     movie_info_idx AS mi_idx,
	     title AS t
	WHERE ct.kind = 'production companies'
	  AND it.info = 'top 250 rank'
	  AND mc.note NOT LIKE '%(as Metro-Goldwyn-Mayer Pictures)%'
	  AND (mc.note LIKE '%(co-production)%')
	  AND t.production_year >2010
	  AND ct.id = mc.company_type_id
	  AND t.id = mc.movie_id
	  AND t.id = mi_idx.movie_id
	  AND mc.movie_id = mi_idx.movie_id
	  AND it.id = mi_idx.info_type_id;
	
	
2026-02-06 01:20:46.869 UTC [3036406] AiChaosN@imdbload LOG:  Bao planning selected arm 0, in 82.678000 CPU ms.
2026-02-06 01:20:46.869 UTC [3036406] AiChaosN@imdbload STATEMENT:  SELECT MIN(cn.name) AS producing_company,
	       MIN(miidx.info) AS rating,
	       MIN(t.title) AS movie
	FROM company_name AS cn,
	     company_type AS ct,
	     info_type AS it,
	     info_type AS it2,
	     kind_type AS kt,
	     movie_companies AS mc,
	     movie_info AS mi,
	     movie_info_idx AS miidx,
	     title AS t
	WHERE cn.country_code ='[us]'
	  AND ct.kind ='production companies'
	  AND it.info ='rating'
	  AND it2.info ='release dates'
	  AND kt.kind ='movie'
	  AND mi.movie_id = t.id
	  AND it2.id = mi.info_type_id
	  AND kt.id = t.kind_id
	  AND mc.movie_id = t.id
	  AND cn.id = mc.company_id
	  AND ct.id = mc.company_type_id
	  AND miidx.movie_id = t.id
	  AND it.id = miidx.info_type_id
	  AND mi.movie_id = miidx.movie_id
	  AND mi.movie_id = mc.movie_id
	  AND miidx.movie_id = mc.movie_id;
	
	
2026-02-06 01:20:50.043 UTC [3036453] AiChaosN@imdbload LOG:  Bao planning selected arm 0, in 134.460000 CPU ms.
2026-02-06 01:20:50.043 UTC [3036453] AiChaosN@imdbload STATEMENT:  SELECT MIN(cn.name) AS producing_company,
	       MIN(lt.link) AS link_type,
	       MIN(t.title) AS complete_western_sequel
	FROM complete_cast AS cc,
	     comp_cast_type AS cct1,
	     comp_cast_type AS cct2,
	     company_name AS cn,
	     company_type AS ct,
	     keyword AS k,
	     link_type AS lt,
	     movie_companies AS mc,
	     movie_info AS mi,
	     movie_keyword AS mk,
	     movie_link AS ml,
	     title AS t
	WHERE cct1.kind = 'cast'
	  AND cct2.kind LIKE 'complete%'
	  AND cn.country_code !='[pl]'
	  AND (cn.name LIKE '%Film%'
	       OR cn.name LIKE '%Warner%')
	  AND ct.kind ='production companies'
	  AND k.keyword ='sequel'
	  AND lt.link LIKE '%follow%'
	  AND mc.note IS NULL
	  AND mi.info IN ('Sweden',
	                  'Norway',
	                  'Germany',
	                  'Denmark',
	                  'Swedish',
	                  'Denish',
	                  'Norwegian',
	                  'German',
	                  'English')
	  AND t.production_year BETWEEN 1950 AND 2010
	  AND lt.id = ml.link_type_id
	  AND ml.movie_id = t.id
	  AND t.id = mk.movie_id
	  AND mk.keyword_id = k.id
	  AND t.id = mc.movie_id
	  AND mc.company_type_id = ct.id
	  AND mc.company_id = cn.id
	  AND mi.movie_id = t.id
	  AND t.id = cc.movie_id
	  AND cct1.id = cc.subject_id
	  AND cct2.id = cc.status_id
	  AND ml.movie_id = mk.movie_id
	  AND ml.movie_id = mc.movie_id
	  AND mk.movie_id = mc.movie_id
	  AND ml.movie_id = mi.movie_id
	  AND mk.movie_id = mi.movie_id
	  AND mc.movie_id = mi.movie_id
	  AND ml.movie_id = cc.movie_id
	  AND mk.movie_id = cc.movie_id
	  AND mc.movie_id = cc.movie_id
	  AND mi.movie_id = cc.movie_id;
	
	
2026-02-06 01:20:50.157 UTC [3036464] AiChaosN@imdbload LOG:  Bao planning selected arm 0, in 79.782000 CPU ms.
2026-02-06 01:20:50.157 UTC [3036464] AiChaosN@imdbload STATEMENT:  SELECT MIN(n.name) AS member_in_charnamed_movie,
	       MIN(n.name) AS a1
	FROM cast_info AS ci,
	     company_name AS cn,
	     keyword AS k,
	     movie_companies AS mc,
	     movie_keyword AS mk,
	     name AS n,
	     title AS t
	WHERE k.keyword ='character-name-in-title'
	  AND n.name LIKE 'X%'
	  AND n.id = ci.person_id
	  AND ci.movie_id = t.id
	  AND t.id = mk.movie_id
	  AND mk.keyword_id = k.id
	  AND t.id = mc.movie_id
	  AND mc.company_id = cn.id
	  AND ci.movie_id = mc.movie_id
	  AND ci.movie_id = mk.movie_id
	  AND mc.movie_id = mk.movie_id;
	
	
2026-02-06 01:20:54.301 UTC [3036551] AiChaosN@imdbload LOG:  Bao planning selected arm 0, in 82.579000 CPU ms.
2026-02-06 01:20:54.301 UTC [3036551] AiChaosN@imdbload STATEMENT:  SELECT MIN(an.name) AS costume_designer_pseudo,
	       MIN(t.title) AS movie_with_costumes
	FROM aka_name AS an,
	     cast_info AS ci,
	     company_name AS cn,
	     movie_companies AS mc,
	     name AS n,
	     role_type AS rt,
	     title AS t
	WHERE cn.country_code ='[us]'
	  AND rt.role ='costume designer'
	  AND an.person_id = n.id
	  AND n.id = ci.person_id
	  AND ci.movie_id = t.id
	  AND t.id = mc.movie_id
	  AND mc.company_id = cn.id
	  AND ci.role_id = rt.id
	  AND an.person_id = ci.person_id
	  AND ci.movie_id = mc.movie_id;
	
	
2026-02-06 01:20:57.348 UTC [3036619] AiChaosN@imdbload LOG:  Bao planning selected arm 0, in 81.597000 CPU ms.
2026-02-06 01:20:57.348 UTC [3036619] AiChaosN@imdbload STATEMENT:  SELECT MIN(an.name) AS actress_pseudonym,
	       MIN(t.title) AS japanese_movie_dubbed
	FROM aka_name AS an,
	     cast_info AS ci,
	     company_name AS cn,
	     movie_companies AS mc,
	     name AS n,
	     role_type AS rt,
	     title AS t
	WHERE ci.note ='(voice: English version)'
	  AND cn.country_code ='[jp]'
	  AND mc.note LIKE '%(Japan)%'
	  AND mc.note NOT LIKE '%(USA)%'
	  AND n.name LIKE '%Yo%'
	  AND n.name NOT LIKE '%Yu%'
	  AND rt.role ='actress'
	  AND an.person_id = n.id
	  AND n.id = ci.person_id
	  AND ci.movie_id = t.id
	  AND t.id = mc.movie_id
	  AND mc.company_id = cn.id
	  AND ci.role_id = rt.id
	  AND an.person_id = ci.person_id
	  AND ci.movie_id = mc.movie_id;
	
	
2026-02-06 01:20:59.085 UTC [3036648] AiChaosN@imdbload LOG:  Bao planning selected arm 0, in 82.342000 CPU ms.
2026-02-06 01:20:59.085 UTC [3036648] AiChaosN@imdbload STATEMENT:  SELECT MIN(an.name) AS alternative_name,
	       MIN(chn.name) AS character_name,
	       MIN(t.title) AS movie
	FROM aka_name AS an,
	     char_name AS chn,
	     cast_info AS ci,
	     company_name AS cn,
	     movie_companies AS mc,
	     name AS n,
	     role_type AS rt,
	     title AS t
	WHERE ci.note IN ('(voice)',
	                  '(voice: Japanese version)',
	                  '(voice) (uncredited)',
	                  '(voice: English version)')
	  AND cn.country_code ='[us]'
	  AND mc.note IS NOT NULL
	  AND (mc.note LIKE '%(USA)%'
	       OR mc.note LIKE '%(worldwide)%')
	  AND n.gender ='f'
	  AND n.name LIKE '%Ang%'
	  AND rt.role ='actress'
	  AND t.production_year BETWEEN 2005 AND 2015
	  AND ci.movie_id = t.id
	  AND t.id = mc.movie_id
	  AND ci.movie_id = mc.movie_id
	  AND mc.company_id = cn.id
	  AND ci.role_id = rt.id
	  AND n.id = ci.person_id
	  AND chn.id = ci.person_role_id
	  AND an.person_id = n.id
	  AND an.person_id = ci.person_id;
	
	
2026-02-06 01:21:00.314 UTC [3036672] AiChaosN@imdbload LOG:  Bao planning selected arm 0, in 84.020000 CPU ms.
2026-02-06 01:21:00.314 UTC [3036672] AiChaosN@imdbload STATEMENT:  SELECT MIN(an.name) AS cool_actor_pseudonym,
	       MIN(t.title) AS series_named_after_char
	FROM aka_name AS an,
	     cast_info AS ci,
	     company_name AS cn,
	     keyword AS k,
	     movie_companies AS mc,
	     movie_keyword AS mk,
	     name AS n,
	     title AS t
	WHERE cn.country_code ='[us]'
	  AND k.keyword ='character-name-in-title'
	  AND t.episode_nr >= 50
	  AND t.episode_nr < 100
	  AND an.person_id = n.id
	  AND n.id = ci.person_id
	  AND ci.movie_id = t.id
	  AND t.id = mk.movie_id
	  AND mk.keyword_id = k.id
	  AND t.id = mc.movie_id
	  AND mc.company_id = cn.id
	  AND an.person_id = ci.person_id
	  AND ci.movie_id = mc.movie_id
	  AND ci.movie_id = mk.movie_id
	  AND mc.movie_id = mk.movie_id;
	
	
2026-02-06 01:21:00.555 UTC [3036673] AiChaosN@imdbload LOG:  Bao planning selected arm 0, in 100.734000 CPU ms.
2026-02-06 01:21:00.555 UTC [3036673] AiChaosN@imdbload STATEMENT:  SELECT MIN(mc.note) AS production_note,
	       MIN(t.title) AS movie_title,
	       MIN(t.production_year) AS movie_year
	FROM company_type AS ct,
	     info_type AS it,
	     movie_companies AS mc,
	     movie_info_idx AS mi_idx,
	     title AS t
	WHERE ct.kind = 'production companies'
	  AND it.info = 'bottom 10 rank'
	  AND mc.note NOT LIKE '%(as Metro-Goldwyn-Mayer Pictures)%'
	  AND t.production_year >2000
	  AND ct.id = mc.company_type_id
	  AND t.id = mc.movie_id
	  AND t.id = mi_idx.movie_id
	  AND mc.movie_id = mi_idx.movie_id
	  AND it.id = mi_idx.info_type_id;
	
	
2026-02-06 01:21:00.788 UTC [3036686] AiChaosN@imdbload LOG:  Bao planning selected arm 0, in 127.841000 CPU ms.
2026-02-06 01:21:00.788 UTC [3036686] AiChaosN@imdbload STATEMENT:  SELECT MIN(mi.info) AS movie_budget,
	       MIN(mi_idx.info) AS movie_votes,
	       MIN(n.name) AS writer,
	       MIN(t.title) AS complete_violent_movie
	FROM complete_cast AS cc,
	     comp_cast_type AS cct1,
	     comp_cast_type AS cct2,
	     cast_info AS ci,
	     info_type AS it1,
	     info_type AS it2,
	     keyword AS k,
	     movie_info AS mi,
	     movie_info_idx AS mi_idx,
	     movie_keyword AS mk,
	     name AS n,
	     title AS t
	WHERE cct1.kind IN ('cast',
	                    'crew')
	  AND cct2.kind ='complete+verified'
	  AND ci.note IN ('(writer)',
	                  '(head writer)',
	                  '(written by)',
	                  '(story)',
	                  '(story editor)')
	  AND it1.info = 'genres'
	  AND it2.info = 'votes'
	  AND k.keyword IN ('murder',
	                    'violence',
	                    'blood',
	                    'gore',
	                    'death',
	                    'female-nudity',
	                    'hospital')
	  AND mi.info IN ('Horror',
	                  'Thriller')
	  AND n.gender = 'm'
	  AND t.production_year > 2000
	  AND t.id = mi.movie_id
	  AND t.id = mi_idx.movie_id
	  AND t.id = ci.movie_id
	  AND t.id = mk.movie_id
	  AND t.id = cc.movie_id
	  AND ci.movie_id = mi.movie_id
	  AND ci.movie_id = mi_idx.movie_id
	  AND ci.movie_id = mk.movie_id
	  AND ci.movie_id = cc.movie_id
	  AND mi.movie_id = mi_idx.movie_id
	  AND mi.movie_id = mk.movie_id
	  AND mi.movie_id = cc.movie_id
	  AND mi_idx.movie_id = mk.movie_id
	  AND mi_idx.movie_id = cc.movie_id
	  AND mk.movie_id = cc.movie_id
	  AND n.id = ci.person_id
	  AND it1.id = mi.info_type_id
	  AND it2.id = mi_idx.info_type_id
	  AND k.id = mk.keyword_id
	  AND cct1.id = cc.subject_id
	  AND cct2.id = cc.status_id;
	
	
2026-02-06 01:21:02.958 UTC [3036735] AiChaosN@imdbload LOG:  Bao planning selected arm 0, in 90.159000 CPU ms.
2026-02-06 01:21:02.958 UTC [3036735] AiChaosN@imdbload STATEMENT:  SELECT MIN(mi.info) AS budget,
	       MIN(t.title) AS unsuccsessful_movie
	FROM company_name AS cn,
	     company_type AS ct,
	     info_type AS it1,
	     info_type AS it2,
	     movie_companies AS mc,
	     movie_info AS mi,
	     movie_info_idx AS mi_idx,
	     title AS t
	WHERE cn.country_code ='[us]'
	  AND ct.kind IS NOT NULL
	  AND (ct.kind ='production companies'
	       OR ct.kind = 'distributors')
	  AND it1.info ='budget'
	  AND it2.info ='bottom 10 rank'
	  AND t.production_year >2000
	  AND (t.title LIKE 'Birdemic%'
	       OR t.title LIKE '%Movie%')
	  AND t.id = mi.movie_id
	  AND t.id = mi_idx.movie_id
	  AND mi.info_type_id = it1.id
	  AND mi_idx.info_type_id = it2.id
	  AND t.id = mc.movie_id
	  AND ct.id = mc.company_type_id
	  AND cn.id = mc.company_id
	  AND mc.movie_id = mi.movie_id
	  AND mc.movie_id = mi_idx.movie_id
	  AND mi.movie_id = mi_idx.movie_id;
	
	
2026-02-06 01:21:03.139 UTC [3036736] AiChaosN@imdbload LOG:  Bao planning selected arm 0, in 82.238000 CPU ms.
2026-02-06 01:21:03.139 UTC [3036736] AiChaosN@imdbload STATEMENT:  SELECT MIN(t.title) AS american_movie
	FROM company_type AS ct,
	     info_type AS it,
	     movie_companies AS mc,
	     movie_info AS mi,
	     title AS t
	WHERE ct.kind = 'production companies'
	  AND mc.note NOT LIKE '%(TV)%'
	  AND mc.note LIKE '%(USA)%'
	  AND mi.info IN ('Sweden',
	                  'Norway',
	                  'Germany',
	                  'Denmark',
	                  'Swedish',
	                  'Denish',
	                  'Norwegian',
	                  'German',
	                  'USA',
	                  'American')
	  AND t.production_year > 1990
	  AND t.id = mi.movie_id
	  AND t.id = mc.movie_id
	  AND mc.movie_id = mi.movie_id
	  AND ct.id = mc.company_type_id
	  AND it.id = mi.info_type_id;
	
	
2026-02-06 01:21:03.447 UTC [3036737] AiChaosN@imdbload LOG:  Bao planning selected arm 0, in 85.329000 CPU ms.
2026-02-06 01:21:03.447 UTC [3036737] AiChaosN@imdbload STATEMENT:  SELECT MIN(mi.info) AS movie_budget,
	       MIN(mi_idx.info) AS movie_votes,
	       MIN(n.name) AS male_writer,
	       MIN(t.title) AS violent_movie_title
	FROM cast_info AS ci,
	     info_type AS it1,
	     info_type AS it2,
	     keyword AS k,
	     movie_info AS mi,
	     movie_info_idx AS mi_idx,
	     movie_keyword AS mk,
	     name AS n,
	     title AS t
	WHERE ci.note IN ('(writer)',
	                  '(head writer)',
	                  '(written by)',
	                  '(story)',
	                  '(story editor)')
	  AND it1.info = 'genres'
	  AND it2.info = 'votes'
	  AND k.keyword IN ('murder',
	                    'blood',
	                    'gore',
	                    'death',
	                    'female-nudity')
	  AND mi.info = 'Horror'
	  AND n.gender = 'm'
	  AND t.production_year > 2010
	  AND t.title LIKE 'Vampire%'
	  AND t.id = mi.movie_id
	  AND t.id = mi_idx.movie_id
	  AND t.id = ci.movie_id
	  AND t.id = mk.movie_id
	  AND ci.movie_id = mi.movie_id
	  AND ci.movie_id = mi_idx.movie_id
	  AND ci.movie_id = mk.movie_id
	  AND mi.movie_id = mi_idx.movie_id
	  AND mi.movie_id = mk.movie_id
	  AND mi_idx.movie_id = mk.movie_id
	  AND n.id = ci.person_id
	  AND it1.id = mi.info_type_id
	  AND it2.id = mi_idx.info_type_id
	  AND k.id = mk.keyword_id;
	
	
2026-02-06 01:21:03.761 UTC [3036744] AiChaosN@imdbload LOG:  Bao planning selected arm 0, in 126.916000 CPU ms.
2026-02-06 01:21:03.761 UTC [3036744] AiChaosN@imdbload STATEMENT:  SELECT MIN(chn.name) AS voiced_char_name,
	       MIN(n.name) AS voicing_actress_name,
	       MIN(t.title) AS kung_fu_panda
	FROM aka_name AS an,
	     char_name AS chn,
	     cast_info AS ci,
	     company_name AS cn,
	     info_type AS it,
	     keyword AS k,
	     movie_companies AS mc,
	     movie_info AS mi,
	     movie_keyword AS mk,
	     name AS n,
	     role_type AS rt,
	     title AS t
	WHERE ci.note IN ('(voice)',
	                  '(voice: Japanese version)',
	                  '(voice) (uncredited)',
	                  '(voice: English version)')
	  AND cn.country_code ='[us]'
	  AND cn.name = 'DreamWorks Animation'
	  AND it.info = 'release dates'
	  AND k.keyword IN ('hero',
	                    'martial-arts',
	                    'hand-to-hand-combat',
	                    'computer-animated-movie')
	  AND mi.info IS NOT NULL
	  AND (mi.info LIKE 'Japan:%201%'
	       OR mi.info LIKE 'USA:%201%')
	  AND n.gender ='f'
	  AND n.name LIKE '%An%'
	  AND rt.role ='actress'
	  AND t.production_year > 2010
	  AND t.title LIKE 'Kung Fu Panda%'
	  AND t.id = mi.movie_id
	  AND t.id = mc.movie_id
	  AND t.id = ci.movie_id
	  AND t.id = mk.movie_id
	  AND mc.movie_id = ci.movie_id
	  AND mc.movie_id = mi.movie_id
	  AND mc.movie_id = mk.movie_id
	  AND mi.movie_id = ci.movie_id
	  AND mi.movie_id = mk.movie_id
	  AND ci.movie_id = mk.movie_id
	  AND cn.id = mc.company_id
	  AND it.id = mi.info_type_id
	  AND n.id = ci.person_id
	  AND rt.id = ci.role_id
	  AND n.id = an.person_id
	  AND ci.person_id = an.person_id
	  AND chn.id = ci.person_role_id
	  AND k.id = mk.keyword_id;
	
	
2026-02-06 01:21:04.063 UTC [3036751] AiChaosN@imdbload LOG:  Bao planning selected arm 0, in 80.410000 CPU ms.
2026-02-06 01:21:04.063 UTC [3036751] AiChaosN@imdbload STATEMENT:  SELECT MIN(k.keyword) AS movie_keyword,
	       MIN(n.name) AS actor_name,
	       MIN(t.title) AS marvel_movie
	FROM cast_info AS ci,
	     keyword AS k,
	     movie_keyword AS mk,
	     name AS n,
	     title AS t
	WHERE k.keyword = 'marvel-cinematic-universe'
	  AND n.name LIKE '%Downey%Robert%'
	  AND t.production_year > 2010
	  AND k.id = mk.keyword_id
	  AND t.id = mk.movie_id
	  AND t.id = ci.movie_id
	  AND ci.movie_id = mk.movie_id
	  AND n.id = ci.person_id;
	
	
2026-02-06 01:21:04.179 UTC [3036752] AiChaosN@imdbload LOG:  Bao planning selected arm 0, in 84.950000 CPU ms.
2026-02-06 01:21:04.179 UTC [3036752] AiChaosN@imdbload STATEMENT:  SELECT MIN(cn.name) AS company_name,
	       MIN(lt.link) AS link_type,
	       MIN(t.title) AS german_follow_up
	FROM company_name AS cn,
	     company_type AS ct,
	     keyword AS k,
	     link_type AS lt,
	     movie_companies AS mc,
	     movie_info AS mi,
	     movie_keyword AS mk,
	     movie_link AS ml,
	     title AS t
	WHERE cn.country_code !='[pl]'
	  AND (cn.name LIKE '%Film%'
	       OR cn.name LIKE '%Warner%')
	  AND ct.kind ='production companies'
	  AND k.keyword ='sequel'
	  AND lt.link LIKE '%follow%'
	  AND mc.note IS NULL
	  AND mi.info IN ('Germany',
	                  'German')
	  AND t.production_year BETWEEN 2000 AND 2010
	  AND lt.id = ml.link_type_id
	  AND ml.movie_id = t.id
	  AND t.id = mk.movie_id
	  AND mk.keyword_id = k.id
	  AND t.id = mc.movie_id
	  AND mc.company_type_id = ct.id
	  AND mc.company_id = cn.id
	  AND mi.movie_id = t.id
	  AND ml.movie_id = mk.movie_id
	  AND ml.movie_id = mc.movie_id
	  AND mk.movie_id = mc.movie_id
	  AND ml.movie_id = mi.movie_id
	  AND mk.movie_id = mi.movie_id
	  AND mc.movie_id = mi.movie_id;
	
	
2026-02-06 01:21:04.351 UTC [3036764] AiChaosN@imdbload LOG:  Bao planning selected arm 0, in 113.436000 CPU ms.
2026-02-06 01:21:04.351 UTC [3036764] AiChaosN@imdbload STATEMENT:  SELECT MIN(chn.name) AS character_name,
	       MIN(mi_idx.info) AS rating,
	       MIN(n.name) AS playing_actor,
	       MIN(t.title) AS complete_hero_movie
	FROM complete_cast AS cc,
	     comp_cast_type AS cct1,
	     comp_cast_type AS cct2,
	     char_name AS chn,
	     cast_info AS ci,
	     info_type AS it2,
	     keyword AS k,
	     kind_type AS kt,
	     movie_info_idx AS mi_idx,
	     movie_keyword AS mk,
	     name AS n,
	     title AS t
	WHERE cct1.kind = 'cast'
	  AND cct2.kind LIKE '%complete%'
	  AND chn.name IS NOT NULL
	  AND (chn.name LIKE '%man%'
	       OR chn.name LIKE '%Man%')
	  AND it2.info = 'rating'
	  AND k.keyword IN ('superhero',
	                    'marvel-comics',
	                    'based-on-comic',
	                    'tv-special',
	                    'fight',
	                    'violence',
	                    'magnet',
	                    'web',
	                    'claw',
	                    'laser')
	  AND kt.kind = 'movie'
	  AND mi_idx.info > '7.0'
	  AND t.production_year > 2000
	  AND kt.id = t.kind_id
	  AND t.id = mk.movie_id
	  AND t.id = ci.movie_id
	  AND t.id = cc.movie_id
	  AND t.id = mi_idx.movie_id
	  AND mk.movie_id = ci.movie_id
	  AND mk.movie_id = cc.movie_id
	  AND mk.movie_id = mi_idx.movie_id
	  AND ci.movie_id = cc.movie_id
	  AND ci.movie_id = mi_idx.movie_id
	  AND cc.movie_id = mi_idx.movie_id
	  AND chn.id = ci.person_role_id
	  AND n.id = ci.person_id
	  AND k.id = mk.keyword_id
	  AND cct1.id = cc.subject_id
	  AND cct2.id = cc.status_id
	  AND it2.id = mi_idx.info_type_id;
	
	
2026-02-06 01:21:05.632 UTC [3036793] AiChaosN@imdbload LOG:  Bao planning selected arm 0, in 82.030000 CPU ms.
2026-02-06 01:21:05.632 UTC [3036793] AiChaosN@imdbload STATEMENT:  SELECT MIN(chn.name) AS character,
	       MIN(t.title) AS russian_mov_with_actor_producer
	FROM char_name AS chn,
	     cast_info AS ci,
	     company_name AS cn,
	     company_type AS ct,
	     movie_companies AS mc,
	     role_type AS rt,
	     title AS t
	WHERE ci.note LIKE '%(producer)%'
	  AND cn.country_code = '[ru]'
	  AND rt.role = 'actor'
	  AND t.production_year > 2010
	  AND t.id = mc.movie_id
	  AND t.id = ci.movie_id
	  AND ci.movie_id = mc.movie_id
	  AND chn.id = ci.person_role_id
	  AND rt.id = ci.role_id
	  AND cn.id = mc.company_id
	  AND ct.id = mc.company_type_id;
	
	
2026-02-06 01:21:06.072 UTC [3036800] AiChaosN@imdbload LOG:  Bao planning selected arm 0, in 87.071000 CPU ms.
2026-02-06 01:21:06.072 UTC [3036800] AiChaosN@imdbload STATEMENT:  SELECT MIN(mi.info) AS movie_budget,
	       MIN(mi_idx.info) AS movie_votes,
	       MIN(n.name) AS male_writer,
	       MIN(t.title) AS violent_movie_title
	FROM cast_info AS ci,
	     info_type AS it1,
	     info_type AS it2,
	     keyword AS k,
	     movie_info AS mi,
	     movie_info_idx AS mi_idx,
	     movie_keyword AS mk,
	     name AS n,
	     title AS t
	WHERE ci.note IN ('(writer)',
	                  '(head writer)',
	                  '(written by)',
	                  '(story)',
	                  '(story editor)')
	  AND it1.info = 'genres'
	  AND it2.info = 'votes'
	  AND k.keyword IN ('murder',
	                    'blood',
	                    'gore',
	                    'death',
	                    'female-nudity')
	  AND mi.info = 'Horror'
	  AND n.gender = 'm'
	  AND t.id = mi.movie_id
	  AND t.id = mi_idx.movie_id
	  AND t.id = ci.movie_id
	  AND t.id = mk.movie_id
	  AND ci.movie_id = mi.movie_id
	  AND ci.movie_id = mi_idx.movie_id
	  AND ci.movie_id = mk.movie_id
	  AND mi.movie_id = mi_idx.movie_id
	  AND mi.movie_id = mk.movie_id
	  AND mi_idx.movie_id = mk.movie_id
	  AND n.id = ci.person_id
	  AND it1.id = mi.info_type_id
	  AND it2.id = mi_idx.info_type_id
	  AND k.id = mk.keyword_id;
	
	
2026-02-06 01:21:09.732 UTC [3036836] AiChaosN@imdbload LOG:  Bao planning selected arm 0, in 1930.604000 CPU ms.
2026-02-06 01:21:09.732 UTC [3036836] AiChaosN@imdbload STATEMENT:  SELECT MIN(chn.name) AS voiced_char,
	       MIN(n.name) AS voicing_actress,
	       MIN(t.title) AS voiced_animation
	FROM aka_name AS an,
	     complete_cast AS cc,
	     comp_cast_type AS cct1,
	     comp_cast_type AS cct2,
	     char_name AS chn,
	     cast_info AS ci,
	     company_name AS cn,
	     info_type AS it,
	     info_type AS it3,
	     keyword AS k,
	     movie_companies AS mc,
	     movie_info AS mi,
	     movie_keyword AS mk,
	     name AS n,
	     person_info AS pi1,
	     role_type AS rt,
	     title AS t
	WHERE cct1.kind ='cast'
	  AND cct2.kind ='complete+verified'
	  AND chn.name = 'Queen'
	  AND ci.note IN ('(voice)',
	                  '(voice) (uncredited)',
	                  '(voice: English version)')
	  AND cn.country_code ='[us]'
	  AND it.info = 'release dates'
	  AND it3.info = 'trivia'
	  AND k.keyword = 'computer-animation'
	  AND mi.info IS NOT NULL
	  AND (mi.info LIKE 'Japan:%200%'
	       OR mi.info LIKE 'USA:%200%')
	  AND n.gender ='f'
	  AND n.name LIKE '%An%'
	  AND rt.role ='actress'
	  AND t.title = 'Shrek 2'
	  AND t.production_year BETWEEN 2000 AND 2010
	  AND t.id = mi.movie_id
	  AND t.id = mc.movie_id
	  AND t.id = ci.movie_id
	  AND t.id = mk.movie_id
	  AND t.id = cc.movie_id
	  AND mc.movie_id = ci.movie_id
	  AND mc.movie_id = mi.movie_id
	  AND mc.movie_id = mk.movie_id
	  AND mc.movie_id = cc.movie_id
	  AND mi.movie_id = ci.movie_id
	  AND mi.movie_id = mk.movie_id
	  AND mi.movie_id = cc.movie_id
	  AND ci.movie_id = mk.movie_id
	  AND ci.movie_id = cc.movie_id
	  AND mk.movie_id = cc.movie_id
	  AND cn.id = mc.company_id
	  AND it.id = mi.info_type_id
	  AND n.id = ci.person_id
	  AND rt.id = ci.role_id
	  AND n.id = an.person_id
	  AND ci.person_id = an.person_id
	  AND chn.id = ci.person_role_id
	  AND n.id = pi1.person_id
	  AND ci.person_id = pi1.person_id
	  AND it3.id = pi1.info_type_id
	  AND k.id = mk.keyword_id
	  AND cct1.id = cc.subject_id
	  AND cct2.id = cc.status_id;
	
	
2026-02-06 01:21:10.066 UTC [3036872] AiChaosN@imdbload LOG:  Bao planning selected arm 0, in 83.053000 CPU ms.
2026-02-06 01:21:10.066 UTC [3036872] AiChaosN@imdbload STATEMENT:  SELECT MIN(k.keyword) AS movie_keyword,
	       MIN(n.name) AS actor_name,
	       MIN(t.title) AS hero_movie
	FROM cast_info AS ci,
	     keyword AS k,
	     movie_keyword AS mk,
	     name AS n,
	     title AS t
	WHERE k.keyword IN ('superhero',
	                    'sequel',
	                    'second-part',
	                    'marvel-comics',
	                    'based-on-comic',
	                    'tv-special',
	                    'fight',
	                    'violence')
	  AND n.name LIKE '%Downey%Robert%'
	  AND t.production_year > 2014
	  AND k.id = mk.keyword_id
	  AND t.id = mk.movie_id
	  AND t.id = ci.movie_id
	  AND ci.movie_id = mk.movie_id
	  AND n.id = ci.person_id;
	
	
2026-02-06 01:21:10.303 UTC [3036886] AiChaosN@imdbload LOG:  Bao planning selected arm 0, in 80.266000 CPU ms.
2026-02-06 01:21:10.303 UTC [3036886] AiChaosN@imdbload STATEMENT:  SELECT MIN(mi.info) AS movie_budget,
	       MIN(mi_idx.info) AS movie_votes,
	       MIN(t.title) AS movie_title
	FROM cast_info AS ci,
	     info_type AS it1,
	     info_type AS it2,
	     movie_info AS mi,
	     movie_info_idx AS mi_idx,
	     name AS n,
	     title AS t
	WHERE ci.note IN ('(producer)',
	                  '(executive producer)')
	  AND it1.info = 'budget'
	  AND it2.info = 'votes'
	  AND n.gender = 'm'
	  AND n.name LIKE '%Tim%'
	  AND t.id = mi.movie_id
	  AND t.id = mi_idx.movie_id
	  AND t.id = ci.movie_id
	  AND ci.movie_id = mi.movie_id
	  AND ci.movie_id = mi_idx.movie_id
	  AND mi.movie_id = mi_idx.movie_id
	  AND n.id = ci.person_id
	  AND it1.id = mi.info_type_id
	  AND it2.id = mi_idx.info_type_id;
	
	
2026-02-06 01:21:11.083 UTC [3036909] AiChaosN@imdbload LOG:  Bao planning selected arm 0, in 84.363000 CPU ms.
2026-02-06 01:21:11.083 UTC [3036909] AiChaosN@imdbload STATEMENT:  SELECT MIN(n.name) AS cast_member_name,
	       MIN(pi1.info) AS cast_member_info
	FROM aka_name AS an,
	     cast_info AS ci,
	     info_type AS it,
	     link_type AS lt,
	     movie_link AS ml,
	     name AS n,
	     person_info AS pi1,
	     title AS t
	WHERE an.name IS NOT NULL
	  AND (an.name LIKE '%a%'
	       OR an.name LIKE 'A%')
	  AND it.info ='mini biography'
	  AND lt.link IN ('references',
	                  'referenced in',
	                  'features',
	                  'featured in')
	  AND n.name_pcode_cf BETWEEN 'A' AND 'F'
	  AND (n.gender='m'
	       OR (n.gender = 'f'
	           AND n.name LIKE 'A%'))
	  AND pi1.note IS NOT NULL
	  AND t.production_year BETWEEN 1980 AND 2010
	  AND n.id = an.person_id
	  AND n.id = pi1.person_id
	  AND ci.person_id = n.id
	  AND t.id = ci.movie_id
	  AND ml.linked_movie_id = t.id
	  AND lt.id = ml.link_type_id
	  AND it.id = pi1.info_type_id
	  AND pi1.person_id = an.person_id
	  AND pi1.person_id = ci.person_id
	  AND an.person_id = ci.person_id
	  AND ci.movie_id = ml.linked_movie_id;
	
	
2026-02-06 01:21:13.846 UTC [3036953] AiChaosN@imdbload LOG:  Bao planning selected arm 0, in 118.884000 CPU ms.
2026-02-06 01:21:13.846 UTC [3036953] AiChaosN@imdbload STATEMENT:  SELECT MIN(mi.info) AS release_date,
	       MIN(t.title) AS internet_movie
	FROM aka_title AS aka_t,
	     company_name AS cn,
	     company_type AS ct,
	     info_type AS it1,
	     keyword AS k,
	     movie_companies AS mc,
	     movie_info AS mi,
	     movie_keyword AS mk,
	     title AS t
	WHERE cn.country_code = '[us]'
	  AND it1.info = 'release dates'
	  AND mc.note LIKE '%(200%)%'
	  AND mc.note LIKE '%(worldwide)%'
	  AND mi.note LIKE '%internet%'
	  AND mi.info LIKE 'USA:% 200%'
	  AND t.production_year > 2000
	  AND t.id = aka_t.movie_id
	  AND t.id = mi.movie_id
	  AND t.id = mk.movie_id
	  AND t.id = mc.movie_id
	  AND mk.movie_id = mi.movie_id
	  AND mk.movie_id = mc.movie_id
	  AND mk.movie_id = aka_t.movie_id
	  AND mi.movie_id = mc.movie_id
	  AND mi.movie_id = aka_t.movie_id
	  AND mc.movie_id = aka_t.movie_id
	  AND k.id = mk.keyword_id
	  AND it1.id = mi.info_type_id
	  AND cn.id = mc.company_id
	  AND ct.id = mc.company_type_id;
	
2026-02-06 01:21:14.587 UTC [3036977] AiChaosN@imdbload LOG:  Bao planning selected arm 0, in 86.024000 CPU ms.
2026-02-06 01:21:14.587 UTC [3036977] AiChaosN@imdbload STATEMENT:  SELECT MIN(t.title) AS movie_title
	FROM company_name AS cn,
	     keyword AS k,
	     movie_companies AS mc,
	     movie_keyword AS mk,
	     title AS t
	WHERE cn.country_code ='[us]'
	  AND k.keyword ='character-name-in-title'
	  AND cn.id = mc.company_id
	  AND mc.movie_id = t.id
	  AND t.id = mk.movie_id
	  AND mk.keyword_id = k.id
	  AND mc.movie_id = mk.movie_id;
	
	
2026-02-06 01:21:15.111 UTC [3036987] AiChaosN@imdbload LOG:  Bao planning selected arm 0, in 95.682000 CPU ms.
2026-02-06 01:21:15.111 UTC [3036987] AiChaosN@imdbload STATEMENT:  SELECT MIN(n.name) AS voicing_actress,
	       MIN(t.title) AS kung_fu_panda
	FROM aka_name AS an,
	     char_name AS chn,
	     cast_info AS ci,
	     company_name AS cn,
	     info_type AS it,
	     movie_companies AS mc,
	     movie_info AS mi,
	     name AS n,
	     role_type AS rt,
	     title AS t
	WHERE ci.note = '(voice)'
	  AND cn.country_code ='[us]'
	  AND it.info = 'release dates'
	  AND mc.note LIKE '%(200%)%'
	  AND (mc.note LIKE '%(USA)%'
	       OR mc.note LIKE '%(worldwide)%')
	  AND mi.info IS NOT NULL
	  AND (mi.info LIKE 'Japan:%2007%'
	       OR mi.info LIKE 'USA:%2008%')
	  AND n.gender ='f'
	  AND n.name LIKE '%Angel%'
	  AND rt.role ='actress'
	  AND t.production_year BETWEEN 2007 AND 2008
	  AND t.title LIKE '%Kung%Fu%Panda%'
	  AND t.id = mi.movie_id
	  AND t.id = mc.movie_id
	  AND t.id = ci.movie_id
	  AND mc.movie_id = ci.movie_id
	  AND mc.movie_id = mi.movie_id
	  AND mi.movie_id = ci.movie_id
	  AND cn.id = mc.company_id
	  AND it.id = mi.info_type_id
	  AND n.id = ci.person_id
	  AND rt.id = ci.role_id
	  AND n.id = an.person_id
	  AND ci.person_id = an.person_id
	  AND chn.id = ci.person_role_id;
	
	
2026-02-06 01:21:15.453 UTC [3036988] AiChaosN@imdbload LOG:  Bao planning selected arm 0, in 91.622000 CPU ms.
2026-02-06 01:21:15.453 UTC [3036988] AiChaosN@imdbload STATEMENT:  SELECT MIN(n.name) AS cast_member,
	       MIN(t.title) AS complete_dynamic_hero_movie
	FROM complete_cast AS cc,
	     comp_cast_type AS cct1,
	     comp_cast_type AS cct2,
	     char_name AS chn,
	     cast_info AS ci,
	     keyword AS k,
	     kind_type AS kt,
	     movie_keyword AS mk,
	     name AS n,
	     title AS t
	WHERE cct1.kind = 'cast'
	  AND cct2.kind LIKE '%complete%'
	  AND chn.name IS NOT NULL
	  AND (chn.name LIKE '%man%'
	       OR chn.name LIKE '%Man%')
	  AND k.keyword IN ('superhero',
	                    'marvel-comics',
	                    'based-on-comic',
	                    'tv-special',
	                    'fight',
	                    'violence',
	                    'magnet',
	                    'web',
	                    'claw',
	                    'laser')
	  AND kt.kind = 'movie'
	  AND t.production_year > 2000
	  AND kt.id = t.kind_id
	  AND t.id = mk.movie_id
	  AND t.id = ci.movie_id
	  AND t.id = cc.movie_id
	  AND mk.movie_id = ci.movie_id
	  AND mk.movie_id = cc.movie_id
	  AND ci.movie_id = cc.movie_id
	  AND chn.id = ci.person_role_id
	  AND n.id = ci.person_id
	  AND k.id = mk.keyword_id
	  AND cct1.id = cc.subject_id
	  AND cct2.id = cc.status_id;
	
	
2026-02-06 01:21:16.444 UTC [3037023] AiChaosN@imdbload LOG:  Bao planning selected arm 0, in 87.859000 CPU ms.
2026-02-06 01:21:16.444 UTC [3037023] AiChaosN@imdbload STATEMENT:  SELECT MIN(mi.info) AS movie_budget,
	       MIN(mi_idx.info) AS movie_votes,
	       MIN(t.title) AS movie_title
	FROM cast_info AS ci,
	     info_type AS it1,
	     info_type AS it2,
	     movie_info AS mi,
	     movie_info_idx AS mi_idx,
	     name AS n,
	     title AS t
	WHERE ci.note IN ('(writer)',
	                  '(head writer)',
	                  '(written by)',
	                  '(story)',
	                  '(story editor)')
	  AND it1.info = 'genres'
	  AND it2.info = 'votes'
	  AND mi.info IN ('Horror',
	                  'Action',
	                  'Sci-Fi',
	                  'Thriller',
	                  'Crime',
	                  'War')
	  AND n.gender = 'm'
	  AND t.id = mi.movie_id
	  AND t.id = mi_idx.movie_id
	  AND t.id = ci.movie_id
	  AND ci.movie_id = mi.movie_id
	  AND ci.movie_id = mi_idx.movie_id
	  AND mi.movie_id = mi_idx.movie_id
	  AND n.id = ci.person_id
	  AND it1.id = mi.info_type_id
	  AND it2.id = mi_idx.info_type_id;
	
	
2026-02-06 01:21:23.479 UTC [3037165] AiChaosN@imdbload LOG:  Bao planning selected arm 0, in 90.904000 CPU ms.
2026-02-06 01:21:23.479 UTC [3037165] AiChaosN@imdbload STATEMENT:  SELECT MIN(an.name) AS alternative_name,
	       MIN(chn.name) AS voiced_char_name,
	       MIN(n.name) AS voicing_actress,
	       MIN(t.title) AS american_movie
	FROM aka_name AS an,
	     char_name AS chn,
	     cast_info AS ci,
	     company_name AS cn,
	     movie_companies AS mc,
	     name AS n,
	     role_type AS rt,
	     title AS t
	WHERE ci.note IN ('(voice)',
	                  '(voice: Japanese version)',
	                  '(voice) (uncredited)',
	                  '(voice: English version)')
	  AND cn.country_code ='[us]'
	  AND n.gender ='f'
	  AND rt.role ='actress'
	  AND ci.movie_id = t.id
	  AND t.id = mc.movie_id
	  AND ci.movie_id = mc.movie_id
	  AND mc.company_id = cn.id
	  AND ci.role_id = rt.id
	  AND n.id = ci.person_id
	  AND chn.id = ci.person_role_id
	  AND an.person_id = n.id
	  AND an.person_id = ci.person_id;
	
	
2026-02-06 01:21:26.087 UTC [3037210] AiChaosN@imdbload LOG:  Bao planning selected arm 0, in 114.715000 CPU ms.
2026-02-06 01:21:26.087 UTC [3037210] AiChaosN@imdbload STATEMENT:  SELECT MIN(chn.name) AS character_name,
	       MIN(mi_idx.info) AS rating,
	       MIN(t.title) AS complete_hero_movie
	FROM complete_cast AS cc,
	     comp_cast_type AS cct1,
	     comp_cast_type AS cct2,
	     char_name AS chn,
	     cast_info AS ci,
	     info_type AS it2,
	     keyword AS k,
	     kind_type AS kt,
	     movie_info_idx AS mi_idx,
	     movie_keyword AS mk,
	     name AS n,
	     title AS t
	WHERE cct1.kind = 'cast'
	  AND cct2.kind LIKE '%complete%'
	  AND chn.name IS NOT NULL
	  AND (chn.name LIKE '%man%'
	       OR chn.name LIKE '%Man%')
	  AND it2.info = 'rating'
	  AND k.keyword IN ('superhero',
	                    'marvel-comics',
	                    'based-on-comic',
	                    'tv-special',
	                    'fight',
	                    'violence',
	                    'magnet',
	                    'web',
	                    'claw',
	                    'laser')
	  AND kt.kind = 'movie'
	  AND t.production_year > 2000
	  AND kt.id = t.kind_id
	  AND t.id = mk.movie_id
	  AND t.id = ci.movie_id
	  AND t.id = cc.movie_id
	  AND t.id = mi_idx.movie_id
	  AND mk.movie_id = ci.movie_id
	  AND mk.movie_id = cc.movie_id
	  AND mk.movie_id = mi_idx.movie_id
	  AND ci.movie_id = cc.movie_id
	  AND ci.movie_id = mi_idx.movie_id
	  AND cc.movie_id = mi_idx.movie_id
	  AND chn.id = ci.person_role_id
	  AND n.id = ci.person_id
	  AND k.id = mk.keyword_id
	  AND cct1.id = cc.subject_id
	  AND cct2.id = cc.status_id
	  AND it2.id = mi_idx.info_type_id;
	
	
2026-02-06 01:21:29.446 UTC [3037285] AiChaosN@imdbload LOG:  Bao planning selected arm 0, in 92.970000 CPU ms.
2026-02-06 01:21:29.446 UTC [3037285] AiChaosN@imdbload STATEMENT:  SELECT MIN(mi.info) AS release_date,
	       MIN(t.title) AS youtube_movie
	FROM aka_title AS aka_t,
	     company_name AS cn,
	     company_type AS ct,
	     info_type AS it1,
	     keyword AS k,
	     movie_companies AS mc,
	     movie_info AS mi,
	     movie_keyword AS mk,
	     title AS t
	WHERE cn.country_code = '[us]'
	  AND cn.name = 'YouTube'
	  AND it1.info = 'release dates'
	  AND mc.note LIKE '%(200%)%'
	  AND mc.note LIKE '%(worldwide)%'
	  AND mi.note LIKE '%internet%'
	  AND mi.info LIKE 'USA:% 200%'
	  AND t.production_year BETWEEN 2005 AND 2010
	  AND t.id = aka_t.movie_id
	  AND t.id = mi.movie_id
	  AND t.id = mk.movie_id
	  AND t.id = mc.movie_id
	  AND mk.movie_id = mi.movie_id
	  AND mk.movie_id = mc.movie_id
	  AND mk.movie_id = aka_t.movie_id
	  AND mi.movie_id = mc.movie_id
	  AND mi.movie_id = aka_t.movie_id
	  AND mc.movie_id = aka_t.movie_id
	  AND k.id = mk.keyword_id
	  AND it1.id = mi.info_type_id
	  AND cn.id = mc.company_id
	  AND ct.id = mc.company_type_id;
	
	
2026-02-06 01:21:29.590 UTC [3037286] AiChaosN@imdbload LOG:  Bao planning selected arm 0, in 95.013000 CPU ms.
2026-02-06 01:21:29.590 UTC [3037286] AiChaosN@imdbload STATEMENT:  SELECT MIN(cn.name) AS movie_company,
	       MIN(mi_idx.info) AS rating,
	       MIN(t.title) AS drama_horror_movie
	FROM company_name AS cn,
	     company_type AS ct,
	     info_type AS it1,
	     info_type AS it2,
	     movie_companies AS mc,
	     movie_info AS mi,
	     movie_info_idx AS mi_idx,
	     title AS t
	WHERE cn.country_code = '[us]'
	  AND ct.kind = 'production companies'
	  AND it1.info = 'genres'
	  AND it2.info = 'rating'
	  AND mi.info IN ('Drama',
	                  'Horror')
	  AND mi_idx.info > '8.0'
	  AND t.production_year BETWEEN 2005 AND 2008
	  AND t.id = mi.movie_id
	  AND t.id = mi_idx.movie_id
	  AND mi.info_type_id = it1.id
	  AND mi_idx.info_type_id = it2.id
	  AND t.id = mc.movie_id
	  AND ct.id = mc.company_type_id
	  AND cn.id = mc.company_id
	  AND mc.movie_id = mi.movie_id
	  AND mc.movie_id = mi_idx.movie_id
	  AND mi.movie_id = mi_idx.movie_id;
	
	
2026-02-06 01:21:29.939 UTC [3037287] AiChaosN@imdbload LOG:  Bao planning selected arm 0, in 89.239000 CPU ms.
2026-02-06 01:21:29.939 UTC [3037287] AiChaosN@imdbload STATEMENT:  SELECT MIN(t.title) AS movie_title
	FROM keyword AS k,
	     movie_info AS mi,
	     movie_keyword AS mk,
	     title AS t
	WHERE k.keyword LIKE '%sequel%'
	  AND mi.info IN ('Sweden',
	                  'Norway',
	                  'Germany',
	                  'Denmark',
	                  'Swedish',
	                  'Denish',
	                  'Norwegian',
	                  'German')
	  AND t.production_year > 2005
	  AND t.id = mi.movie_id
	  AND t.id = mk.movie_id
	  AND mk.movie_id = mi.movie_id
	  AND k.id = mk.keyword_id;
	
	
2026-02-06 01:21:30.171 UTC [3037288] AiChaosN@imdbload LOG:  Bao planning selected arm 0, in 93.104000 CPU ms.
2026-02-06 01:21:30.171 UTC [3037288] AiChaosN@imdbload STATEMENT:  SELECT MIN(cn.name) AS company_name,
	       MIN(lt.link) AS link_type,
	       MIN(t.title) AS western_follow_up
	FROM company_name AS cn,
	     company_type AS ct,
	     keyword AS k,
	     link_type AS lt,
	     movie_companies AS mc,
	     movie_info AS mi,
	     movie_keyword AS mk,
	     movie_link AS ml,
	     title AS t
	WHERE cn.country_code !='[pl]'
	  AND (cn.name LIKE '%Film%'
	       OR cn.name LIKE '%Warner%')
	  AND ct.kind ='production companies'
	  AND k.keyword ='sequel'
	  AND lt.link LIKE '%follow%'
	  AND mc.note IS NULL
	  AND mi.info IN ('Sweden',
	                  'Norway',
	                  'Germany',
	                  'Denmark',
	                  'Swedish',
	                  'Denish',
	                  'Norwegian',
	                  'German',
	                  'English')
	  AND t.production_year BETWEEN 1950 AND 2010
	  AND lt.id = ml.link_type_id
	  AND ml.movie_id = t.id
	  AND t.id = mk.movie_id
	  AND mk.keyword_id = k.id
	  AND t.id = mc.movie_id
	  AND mc.company_type_id = ct.id
	  AND mc.company_id = cn.id
	  AND mi.movie_id = t.id
	  AND ml.movie_id = mk.movie_id
	  AND ml.movie_id = mc.movie_id
	  AND mk.movie_id = mc.movie_id
	  AND ml.movie_id = mi.movie_id
	  AND mk.movie_id = mi.movie_id
	  AND mc.movie_id = mi.movie_id;
	
	
2026-02-06 01:21:30.342 UTC [3037289] AiChaosN@imdbload LOG:  Bao planning selected arm 0, in 101.888000 CPU ms.
2026-02-06 01:21:30.342 UTC [3037289] AiChaosN@imdbload STATEMENT:  SELECT MIN(cn.name) AS movie_company,
	       MIN(mi_idx.info) AS rating,
	       MIN(t.title) AS western_violent_movie
	FROM company_name AS cn,
	     company_type AS ct,
	     info_type AS it1,
	     info_type AS it2,
	     keyword AS k,
	     kind_type AS kt,
	     movie_companies AS mc,
	     movie_info AS mi,
	     movie_info_idx AS mi_idx,
	     movie_keyword AS mk,
	     title AS t
	WHERE cn.country_code != '[us]'
	  AND it1.info = 'countries'
	  AND it2.info = 'rating'
	  AND k.keyword IN ('murder',
	                    'murder-in-title',
	                    'blood',
	                    'violence')
	  AND kt.kind IN ('movie',
	                  'episode')
	  AND mc.note NOT LIKE '%(USA)%'
	  AND mc.note LIKE '%(200%)%'
	  AND mi.info IN ('Sweden',
	                  'Norway',
	                  'Germany',
	                  'Denmark',
	                  'Swedish',
	                  'Danish',
	                  'Norwegian',
	                  'German',
	                  'USA',
	                  'American')
	  AND mi_idx.info < '8.5'
	  AND t.production_year > 2005
	  AND kt.id = t.kind_id
	  AND t.id = mi.movie_id
	  AND t.id = mk.movie_id
	  AND t.id = mi_idx.movie_id
	  AND t.id = mc.movie_id
	  AND mk.movie_id = mi.movie_id
	  AND mk.movie_id = mi_idx.movie_id
	  AND mk.movie_id = mc.movie_id
	  AND mi.movie_id = mi_idx.movie_id
	  AND mi.movie_id = mc.movie_id
	  AND mc.movie_id = mi_idx.movie_id
	  AND k.id = mk.keyword_id
	  AND it1.id = mi.info_type_id
	  AND it2.id = mi_idx.info_type_id
	  AND ct.id = mc.company_type_id
	  AND cn.id = mc.company_id;
	
	
2026-02-06 01:21:31.672 UTC [3037345] AiChaosN@imdbload LOG:  Bao planning selected arm 0, in 86.856000 CPU ms.
2026-02-06 01:21:31.672 UTC [3037345] AiChaosN@imdbload STATEMENT:  SELECT MIN(t.title) AS typical_european_movie
	FROM company_type AS ct,
	     info_type AS it,
	     movie_companies AS mc,
	     movie_info AS mi,
	     title AS t
	WHERE ct.kind = 'production companies'
	  AND mc.note LIKE '%(theatrical)%'
	  AND mc.note LIKE '%(France)%'
	  AND mi.info IN ('Sweden',
	                  'Norway',
	                  'Germany',
	                  'Denmark',
	                  'Swedish',
	                  'Denish',
	                  'Norwegian',
	                  'German')
	  AND t.production_year > 2005
	  AND t.id = mi.movie_id
	  AND t.id = mc.movie_id
	  AND mc.movie_id = mi.movie_id
	  AND ct.id = mc.company_type_id
	  AND it.id = mi.info_type_id;
	
	
2026-02-06 01:21:32.121 UTC [3037346] AiChaosN@imdbload LOG:  Bao planning selected arm 0, in 296.993000 CPU ms.
2026-02-06 01:21:32.121 UTC [3037346] AiChaosN@imdbload STATEMENT:  SELECT MIN(cn1.name) AS first_company,
	       MIN(cn2.name) AS second_company,
	       MIN(mii1.info) AS first_rating,
	       MIN(mii2.info) AS second_rating,
	       MIN(t1.title) AS first_movie,
	       MIN(t2.title) AS second_movie
	FROM company_name AS cn1,
	     company_name AS cn2,
	     info_type AS it1,
	     info_type AS it2,
	     kind_type AS kt1,
	     kind_type AS kt2,
	     link_type AS lt,
	     movie_companies AS mc1,
	     movie_companies AS mc2,
	     movie_info_idx AS mii1,
	     movie_info_idx AS mii2,
	     movie_link AS ml,
	     title AS t1,
	     title AS t2
	WHERE cn1.country_code = '[us]'
	  AND it1.info = 'rating'
	  AND it2.info = 'rating'
	  AND kt1.kind IN ('tv series')
	  AND kt2.kind IN ('tv series')
	  AND lt.link IN ('sequel',
	                  'follows',
	                  'followed by')
	  AND mii2.info < '3.0'
	  AND t2.production_year BETWEEN 2005 AND 2008
	  AND lt.id = ml.link_type_id
	  AND t1.id = ml.movie_id
	  AND t2.id = ml.linked_movie_id
	  AND it1.id = mii1.info_type_id
	  AND t1.id = mii1.movie_id
	  AND kt1.id = t1.kind_id
	  AND cn1.id = mc1.company_id
	  AND t1.id = mc1.movie_id
	  AND ml.movie_id = mii1.movie_id
	  AND ml.movie_id = mc1.movie_id
	  AND mii1.movie_id = mc1.movie_id
	  AND it2.id = mii2.info_type_id
	  AND t2.id = mii2.movie_id
	  AND kt2.id = t2.kind_id
	  AND cn2.id = mc2.company_id
	  AND t2.id = mc2.movie_id
	  AND ml.linked_movie_id = mii2.movie_id
	  AND ml.linked_movie_id = mc2.movie_id
	  AND mii2.movie_id = mc2.movie_id;
	
	
2026-02-06 01:21:32.244 UTC [3037347] AiChaosN@imdbload LOG:  Bao planning selected arm 0, in 90.287000 CPU ms.
2026-02-06 01:21:32.244 UTC [3037347] AiChaosN@imdbload STATEMENT:  SELECT MIN(t.title) AS complete_downey_ironman_movie
	FROM complete_cast AS cc,
	     comp_cast_type AS cct1,
	     comp_cast_type AS cct2,
	     char_name AS chn,
	     cast_info AS ci,
	     keyword AS k,
	     kind_type AS kt,
	     movie_keyword AS mk,
	     name AS n,
	     title AS t
	WHERE cct1.kind = 'cast'
	  AND cct2.kind LIKE '%complete%'
	  AND chn.name NOT LIKE '%Sherlock%'
	  AND (chn.name LIKE '%Tony%Stark%'
	       OR chn.name LIKE '%Iron%Man%')
	  AND k.keyword IN ('superhero',
	                    'sequel',
	                    'second-part',
	                    'marvel-comics',
	                    'based-on-comic',
	                    'tv-special',
	                    'fight',
	                    'violence')
	  AND kt.kind = 'movie'
	  AND t.production_year > 1950
	  AND kt.id = t.kind_id
	  AND t.id = mk.movie_id
	  AND t.id = ci.movie_id
	  AND t.id = cc.movie_id
	  AND mk.movie_id = ci.movie_id
	  AND mk.movie_id = cc.movie_id
	  AND ci.movie_id = cc.movie_id
	  AND chn.id = ci.person_role_id
	  AND n.id = ci.person_id
	  AND k.id = mk.keyword_id
	  AND cct1.id = cc.subject_id
	  AND cct2.id = cc.status_id;
	
	
2026-02-06 01:21:34.067 UTC [3037381] AiChaosN@imdbload LOG:  Bao planning selected arm 0, in 110.457000 CPU ms.
2026-02-06 01:21:34.067 UTC [3037381] AiChaosN@imdbload STATEMENT:  SELECT MIN(mi.info) AS movie_budget,
	       MIN(mi_idx.info) AS movie_votes,
	       MIN(n.name) AS writer,
	       MIN(t.title) AS violent_liongate_movie
	FROM cast_info AS ci,
	     company_name AS cn,
	     info_type AS it1,
	     info_type AS it2,
	     keyword AS k,
	     movie_companies AS mc,
	     movie_info AS mi,
	     movie_info_idx AS mi_idx,
	     movie_keyword AS mk,
	     name AS n,
	     title AS t
	WHERE ci.note IN ('(writer)',
	                  '(head writer)',
	                  '(written by)',
	                  '(story)',
	                  '(story editor)')
	  AND cn.name LIKE 'Lionsgate%'
	  AND it1.info = 'genres'
	  AND it2.info = 'votes'
	  AND k.keyword IN ('murder',
	                    'violence',
	                    'blood',
	                    'gore',
	                    'death',
	                    'female-nudity',
	                    'hospital')
	  AND mi.info IN ('Horror',
	                  'Action',
	                  'Sci-Fi',
	                  'Thriller',
	                  'Crime',
	                  'War')
	  AND t.id = mi.movie_id
	  AND t.id = mi_idx.movie_id
	  AND t.id = ci.movie_id
	  AND t.id = mk.movie_id
	  AND t.id = mc.movie_id
	  AND ci.movie_id = mi.movie_id
	  AND ci.movie_id = mi_idx.movie_id
	  AND ci.movie_id = mk.movie_id
	  AND ci.movie_id = mc.movie_id
	  AND mi.movie_id = mi_idx.movie_id
	  AND mi.movie_id = mk.movie_id
	  AND mi.movie_id = mc.movie_id
	  AND mi_idx.movie_id = mk.movie_id
	  AND mi_idx.movie_id = mc.movie_id
	  AND mk.movie_id = mc.movie_id
	  AND n.id = ci.person_id
	  AND it1.id = mi.info_type_id
	  AND it2.id = mi_idx.info_type_id
	  AND k.id = mk.keyword_id
	  AND cn.id = mc.company_id;
	
	
2026-02-06 01:21:35.704 UTC [3037426] AiChaosN@imdbload LOG:  Bao planning selected arm 0, in 88.193000 CPU ms.
2026-02-06 01:21:35.704 UTC [3037426] AiChaosN@imdbload STATEMENT:  SELECT MIN(mc.note) AS production_note,
	       MIN(t.title) AS movie_title,
	       MIN(t.production_year) AS movie_year
	FROM company_type AS ct,
	     info_type AS it,
	     movie_companies AS mc,
	     movie_info_idx AS mi_idx,
	     title AS t
	WHERE ct.kind = 'production companies'
	  AND it.info = 'top 250 rank'
	  AND mc.note NOT LIKE '%(as Metro-Goldwyn-Mayer Pictures)%'
	  AND (mc.note LIKE '%(co-production)%'
	       OR mc.note LIKE '%(presents)%')
	  AND ct.id = mc.company_type_id
	  AND t.id = mc.movie_id
	  AND t.id = mi_idx.movie_id
	  AND mc.movie_id = mi_idx.movie_id
	  AND it.id = mi_idx.info_type_id;
	
	
2026-02-06 01:21:35.908 UTC [3037427] AiChaosN@imdbload LOG:  Bao planning selected arm 0, in 95.415000 CPU ms.
2026-02-06 01:21:35.908 UTC [3037427] AiChaosN@imdbload STATEMENT:  SELECT MIN(n.name) AS voicing_actress,
	       MIN(t.title) AS voiced_movie
	FROM aka_name AS an,
	     char_name AS chn,
	     cast_info AS ci,
	     company_name AS cn,
	     info_type AS it,
	     movie_companies AS mc,
	     movie_info AS mi,
	     name AS n,
	     role_type AS rt,
	     title AS t
	WHERE ci.note IN ('(voice)',
	                  '(voice: Japanese version)',
	                  '(voice) (uncredited)',
	                  '(voice: English version)')
	  AND cn.country_code ='[us]'
	  AND it.info = 'release dates'
	  AND mc.note IS NOT NULL
	  AND (mc.note LIKE '%(USA)%'
	       OR mc.note LIKE '%(worldwide)%')
	  AND mi.info IS NOT NULL
	  AND (mi.info LIKE 'Japan:%200%'
	       OR mi.info LIKE 'USA:%200%')
	  AND n.gender ='f'
	  AND n.name LIKE '%Ang%'
	  AND rt.role ='actress'
	  AND t.production_year BETWEEN 2005 AND 2009
	  AND t.id = mi.movie_id
	  AND t.id = mc.movie_id
	  AND t.id = ci.movie_id
	  AND mc.movie_id = ci.movie_id
	  AND mc.movie_id = mi.movie_id
	  AND mi.movie_id = ci.movie_id
	  AND cn.id = mc.company_id
	  AND it.id = mi.info_type_id
	  AND n.id = ci.person_id
	  AND rt.id = ci.role_id
	  AND n.id = an.person_id
	  AND ci.person_id = an.person_id
	  AND chn.id = ci.person_role_id;
	
	
2026-02-06 01:21:37.432 UTC [3037468] AiChaosN@imdbload LOG:  Bao planning selected arm 0, in 87.454000 CPU ms.
2026-02-06 01:21:37.432 UTC [3037468] AiChaosN@imdbload STATEMENT:  SELECT MIN(lt.link) AS link_type,
	       MIN(t1.title) AS first_movie,
	       MIN(t2.title) AS second_movie
	FROM keyword AS k,
	     link_type AS lt,
	     movie_keyword AS mk,
	     movie_link AS ml,
	     title AS t1,
	     title AS t2
	WHERE k.keyword ='character-name-in-title'
	  AND mk.keyword_id = k.id
	  AND t1.id = mk.movie_id
	  AND ml.movie_id = t1.id
	  AND ml.linked_movie_id = t2.id
	  AND lt.id = ml.link_type_id
	  AND mk.movie_id = t1.id;
	
	
2026-02-06 01:21:37.622 UTC [3037469] AiChaosN@imdbload LOG:  Bao planning selected arm 0, in 90.686000 CPU ms.
2026-02-06 01:21:37.622 UTC [3037469] AiChaosN@imdbload STATEMENT:  SELECT MIN(an.name) AS writer_pseudo_name,
	       MIN(t.title) AS movie_title
	FROM aka_name AS an,
	     cast_info AS ci,
	     company_name AS cn,
	     movie_companies AS mc,
	     name AS n,
	     role_type AS rt,
	     title AS t
	WHERE cn.country_code ='[us]'
	  AND rt.role ='writer'
	  AND an.person_id = n.id
	  AND n.id = ci.person_id
	  AND ci.movie_id = t.id
	  AND t.id = mc.movie_id
	  AND mc.company_id = cn.id
	  AND ci.role_id = rt.id
	  AND an.person_id = ci.person_id
	  AND ci.movie_id = mc.movie_id;
	
	
2026-02-06 01:21:42.191 UTC [3037557] AiChaosN@imdbload LOG:  Bao planning selected arm 0, in 100.148000 CPU ms.
2026-02-06 01:21:42.191 UTC [3037557] AiChaosN@imdbload STATEMENT:  SELECT MIN(mi_idx.info) AS rating,
	       MIN(t.title) AS movie_title
	FROM info_type AS it,
	     keyword AS k,
	     movie_info_idx AS mi_idx,
	     movie_keyword AS mk,
	     title AS t
	WHERE it.info ='rating'
	  AND k.keyword LIKE '%sequel%'
	  AND mi_idx.info > '5.0'
	  AND t.production_year > 2005
	  AND t.id = mi_idx.movie_id
	  AND t.id = mk.movie_id
	  AND mk.movie_id = mi_idx.movie_id
	  AND k.id = mk.keyword_id
	  AND it.id = mi_idx.info_type_id;
	
	
2026-02-06 01:21:42.368 UTC [3037558] AiChaosN@imdbload LOG:  Bao planning selected arm 0, in 91.310000 CPU ms.
2026-02-06 01:21:42.368 UTC [3037558] AiChaosN@imdbload STATEMENT:  SELECT MIN(mi.info) AS release_date,
	       MIN(miidx.info) AS rating,
	       MIN(t.title) AS german_movie
	FROM company_name AS cn,
	     company_type AS ct,
	     info_type AS it,
	     info_type AS it2,
	     kind_type AS kt,
	     movie_companies AS mc,
	     movie_info AS mi,
	     movie_info_idx AS miidx,
	     title AS t
	WHERE cn.country_code ='[de]'
	  AND ct.kind ='production companies'
	  AND it.info ='rating'
	  AND it2.info ='release dates'
	  AND kt.kind ='movie'
	  AND mi.movie_id = t.id
	  AND it2.id = mi.info_type_id
	  AND kt.id = t.kind_id
	  AND mc.movie_id = t.id
	  AND cn.id = mc.company_id
	  AND ct.id = mc.company_type_id
	  AND miidx.movie_id = t.id
	  AND it.id = miidx.info_type_id
	  AND mi.movie_id = miidx.movie_id
	  AND mi.movie_id = mc.movie_id
	  AND miidx.movie_id = mc.movie_id;
	
	
2026-02-06 01:21:44.490 UTC [3037591] AiChaosN@imdbload LOG:  Bao planning selected arm 0, in 104.263000 CPU ms.
2026-02-06 01:21:44.490 UTC [3037591] AiChaosN@imdbload STATEMENT:  SELECT MIN(n.name) AS member_in_charnamed_movie
	FROM cast_info AS ci,
	     company_name AS cn,
	     keyword AS k,
	     movie_companies AS mc,
	     movie_keyword AS mk,
	     name AS n,
	     title AS t
	WHERE k.keyword ='character-name-in-title'
	  AND n.name LIKE '%B%'
	  AND n.id = ci.person_id
	  AND ci.movie_id = t.id
	  AND t.id = mk.movie_id
	  AND mk.keyword_id = k.id
	  AND t.id = mc.movie_id
	  AND mc.company_id = cn.id
	  AND ci.movie_id = mc.movie_id
	  AND ci.movie_id = mk.movie_id
	  AND mc.movie_id = mk.movie_id;
	
	
2026-02-06 01:21:50.370 UTC [3037712] AiChaosN@imdbload LOG:  Bao planning selected arm 0, in 94.065000 CPU ms.
2026-02-06 01:21:50.370 UTC [3037712] AiChaosN@imdbload STATEMENT:  SELECT MIN(mi_idx.info) AS rating,
	       MIN(t.title) AS western_dark_production
	FROM info_type AS it1,
	     info_type AS it2,
	     keyword AS k,
	     kind_type AS kt,
	     movie_info AS mi,
	     movie_info_idx AS mi_idx,
	     movie_keyword AS mk,
	     title AS t
	WHERE it1.info = 'countries'
	  AND it2.info = 'rating'
	  AND k.keyword IN ('murder',
	                    'murder-in-title')
	  AND kt.kind = 'movie'
	  AND mi.info IN ('Sweden',
	                  'Norway',
	                  'Germany',
	                  'Denmark',
	                  'Swedish',
	                  'Denish',
	                  'Norwegian',
	                  'German',
	                  'USA',
	                  'American')
	  AND mi_idx.info > '6.0'
	  AND t.production_year > 2010
	  AND (t.title LIKE '%murder%'
	       OR t.title LIKE '%Murder%'
	       OR t.title LIKE '%Mord%')
	  AND kt.id = t.kind_id
	  AND t.id = mi.movie_id
	  AND t.id = mk.movie_id
	  AND t.id = mi_idx.movie_id
	  AND mk.movie_id = mi.movie_id
	  AND mk.movie_id = mi_idx.movie_id
	  AND mi.movie_id = mi_idx.movie_id
	  AND k.id = mk.keyword_id
	  AND it1.id = mi.info_type_id
	  AND it2.id = mi_idx.info_type_id;
	
	
2026-02-06 01:21:50.535 UTC [3037713] AiChaosN@imdbload LOG:  Bao planning selected arm 0, in 89.464000 CPU ms.
2026-02-06 01:21:50.535 UTC [3037713] AiChaosN@imdbload STATEMENT:  SELECT MIN(t.title) AS movie_title
	FROM keyword AS k,
	     movie_info AS mi,
	     movie_keyword AS mk,
	     title AS t
	WHERE k.keyword LIKE '%sequel%'
	  AND mi.info IN ('Sweden',
	                  'Norway',
	                  'Germany',
	                  'Denmark',
	                  'Swedish',
	                  'Denish',
	                  'Norwegian',
	                  'German',
	                  'USA',
	                  'American')
	  AND t.production_year > 1990
	  AND t.id = mi.movie_id
	  AND t.id = mk.movie_id
	  AND mk.movie_id = mi.movie_id
	  AND k.id = mk.keyword_id;
	
	
2026-02-06 01:21:50.972 UTC [3037726] AiChaosN@imdbload LOG:  Bao planning selected arm 0, in 209.236000 CPU ms.
2026-02-06 01:21:50.972 UTC [3037726] AiChaosN@imdbload STATEMENT:  SELECT MIN(cn.name) AS movie_company,
	       MIN(mi_idx.info) AS rating,
	       MIN(t.title) AS complete_euro_dark_movie
	FROM complete_cast AS cc,
	     comp_cast_type AS cct1,
	     comp_cast_type AS cct2,
	     company_name AS cn,
	     company_type AS ct,
	     info_type AS it1,
	     info_type AS it2,
	     keyword AS k,
	     kind_type AS kt,
	     movie_companies AS mc,
	     movie_info AS mi,
	     movie_info_idx AS mi_idx,
	     movie_keyword AS mk,
	     title AS t
	WHERE cct1.kind = 'crew'
	  AND cct2.kind != 'complete+verified'
	  AND cn.country_code != '[us]'
	  AND it1.info = 'countries'
	  AND it2.info = 'rating'
	  AND k.keyword IN ('murder',
	                    'murder-in-title',
	                    'blood',
	                    'violence')
	  AND kt.kind IN ('movie',
	                  'episode')
	  AND mc.note NOT LIKE '%(USA)%'
	  AND mc.note LIKE '%(200%)%'
	  AND mi.info IN ('Sweden',
	                  'Norway',
	                  'Germany',
	                  'Denmark',
	                  'Swedish',
	                  'Danish',
	                  'Norwegian',
	                  'German',
	                  'USA',
	                  'American')
	  AND mi_idx.info < '8.5'
	  AND t.production_year > 2000
	  AND kt.id = t.kind_id
	  AND t.id = mi.movie_id
	  AND t.id = mk.movie_id
	  AND t.id = mi_idx.movie_id
	  AND t.id = mc.movie_id
	  AND t.id = cc.movie_id
	  AND mk.movie_id = mi.movie_id
	  AND mk.movie_id = mi_idx.movie_id
	  AND mk.movie_id = mc.movie_id
	  AND mk.movie_id = cc.movie_id
	  AND mi.movie_id = mi_idx.movie_id
	  AND mi.movie_id = mc.movie_id
	  AND mi.movie_id = cc.movie_id
	  AND mc.movie_id = mi_idx.movie_id
	  AND mc.movie_id = cc.movie_id
	  AND mi_idx.movie_id = cc.movie_id
	  AND k.id = mk.keyword_id
	  AND it1.id = mi.info_type_id
	  AND it2.id = mi_idx.info_type_id
	  AND ct.id = mc.company_type_id
	  AND cn.id = mc.company_id
	  AND cct1.id = cc.subject_id
	  AND cct2.id = cc.status_id;
	
	
2026-02-06 01:21:51.621 UTC [3037756] AiChaosN@imdbload LOG:  Bao planning selected arm 0, in 109.347000 CPU ms.
2026-02-06 01:21:51.621 UTC [3037756] AiChaosN@imdbload STATEMENT:  SELECT MIN(k.keyword) AS movie_keyword,
	       MIN(n.name) AS actor_name,
	       MIN(t.title) AS marvel_movie
	FROM cast_info AS ci,
	     keyword AS k,
	     movie_keyword AS mk,
	     name AS n,
	     title AS t
	WHERE k.keyword = 'marvel-cinematic-universe'
	  AND n.name LIKE '%Downey%Robert%'
	  AND t.production_year > 2000
	  AND k.id = mk.keyword_id
	  AND t.id = mk.movie_id
	  AND t.id = ci.movie_id
	  AND ci.movie_id = mk.movie_id
	  AND n.id = ci.person_id;
	
	
2026-02-06 01:21:51.760 UTC [3037762] AiChaosN@imdbload LOG:  Bao planning selected arm 0, in 100.087000 CPU ms.
2026-02-06 01:21:51.760 UTC [3037762] AiChaosN@imdbload STATEMENT:  SELECT MIN(t.title) AS movie_title
	FROM company_name AS cn,
	     keyword AS k,
	     movie_companies AS mc,
	     movie_keyword AS mk,
	     title AS t
	WHERE cn.country_code ='[nl]'
	  AND k.keyword ='character-name-in-title'
	  AND cn.id = mc.company_id
	  AND mc.movie_id = t.id
	  AND t.id = mk.movie_id
	  AND mk.keyword_id = k.id
	  AND mc.movie_id = mk.movie_id;
	
	
2026-02-06 01:21:52.312 UTC [3037763] AiChaosN@imdbload LOG:  Bao planning selected arm 0, in 109.581000 CPU ms.
2026-02-06 01:21:52.312 UTC [3037763] AiChaosN@imdbload STATEMENT:  SELECT MIN(chn.name) AS character,
	       MIN(t.title) AS movie_with_american_producer
	FROM char_name AS chn,
	     cast_info AS ci,
	     company_name AS cn,
	     company_type AS ct,
	     movie_companies AS mc,
	     role_type AS rt,
	     title AS t
	WHERE ci.note LIKE '%(producer)%'
	  AND cn.country_code = '[us]'
	  AND t.production_year > 1990
	  AND t.id = mc.movie_id
	  AND t.id = ci.movie_id
	  AND ci.movie_id = mc.movie_id
	  AND chn.id = ci.person_role_id
	  AND rt.id = ci.role_id
	  AND cn.id = mc.company_id
	  AND ct.id = mc.company_type_id;
	
2026-02-06 01:21:58.320 UTC [3037893] AiChaosN@imdbload LOG:  Bao planning selected arm 0, in 96.735000 CPU ms.
2026-02-06 01:21:58.320 UTC [3037893] AiChaosN@imdbload STATEMENT:  SELECT MIN(an.name) AS acress_pseudonym,
	       MIN(t.title) AS japanese_anime_movie
	FROM aka_name AS an,
	     cast_info AS ci,
	     company_name AS cn,
	     movie_companies AS mc,
	     name AS n,
	     role_type AS rt,
	     title AS t
	WHERE ci.note ='(voice: English version)'
	  AND cn.country_code ='[jp]'
	  AND mc.note LIKE '%(Japan)%'
	  AND mc.note NOT LIKE '%(USA)%'
	  AND (mc.note LIKE '%(2006)%'
	       OR mc.note LIKE '%(2007)%')
	  AND n.name LIKE '%Yo%'
	  AND n.name NOT LIKE '%Yu%'
	  AND rt.role ='actress'
	  AND t.production_year BETWEEN 2006 AND 2007
	  AND (t.title LIKE 'One Piece%'
	       OR t.title LIKE 'Dragon Ball Z%')
	  AND an.person_id = n.id
	  AND n.id = ci.person_id
	  AND ci.movie_id = t.id
	  AND t.id = mc.movie_id
	  AND mc.company_id = cn.id
	  AND ci.role_id = rt.id
	  AND an.person_id = ci.person_id
	  AND ci.movie_id = mc.movie_id;
	
	
2026-02-06 01:21:58.710 UTC [3037905] AiChaosN@imdbload LOG:  Bao planning selected arm 0, in 88.591000 CPU ms.
2026-02-06 01:21:58.710 UTC [3037905] AiChaosN@imdbload STATEMENT:  SELECT MIN(n.name) AS member_in_charnamed_american_movie,
	       MIN(n.name) AS a1
	FROM cast_info AS ci,
	     company_name AS cn,
	     keyword AS k,
	     movie_companies AS mc,
	     movie_keyword AS mk,
	     name AS n,
	     title AS t
	WHERE cn.country_code ='[us]'
	  AND k.keyword ='character-name-in-title'
	  AND n.name LIKE 'B%'
	  AND n.id = ci.person_id
	  AND ci.movie_id = t.id
	  AND t.id = mk.movie_id
	  AND mk.keyword_id = k.id
	  AND t.id = mc.movie_id
	  AND mc.company_id = cn.id
	  AND ci.movie_id = mc.movie_id
	  AND ci.movie_id = mk.movie_id
	  AND mc.movie_id = mk.movie_id;
	
	
2026-02-06 01:22:05.554 UTC [3038065] AiChaosN@imdbload LOG:  Bao planning selected arm 0, in 89.438000 CPU ms.
2026-02-06 01:22:05.554 UTC [3038065] AiChaosN@imdbload STATEMENT:  SELECT MIN(t.title) AS american_vhs_movie
	FROM company_type AS ct,
	     info_type AS it,
	     movie_companies AS mc,
	     movie_info AS mi,
	     title AS t
	WHERE ct.kind = 'production companies'
	  AND mc.note LIKE '%(VHS)%'
	  AND mc.note LIKE '%(USA)%'
	  AND mc.note LIKE '%(1994)%'
	  AND mi.info IN ('USA',
	                  'America')
	  AND t.production_year > 2010
	  AND t.id = mi.movie_id
	  AND t.id = mc.movie_id
	  AND mc.movie_id = mi.movie_id
	  AND ct.id = mc.company_type_id
	  AND it.id = mi.info_type_id;
	
	
2026-02-06 01:22:05.816 UTC [3038066] AiChaosN@imdbload LOG:  Bao planning selected arm 0, in 114.835000 CPU ms.
2026-02-06 01:22:05.816 UTC [3038066] AiChaosN@imdbload STATEMENT:  SELECT MIN(chn.name) AS character_name,
	       MIN(mi_idx.info) AS rating,
	       MIN(t.title) AS complete_hero_movie
	FROM complete_cast AS cc,
	     comp_cast_type AS cct1,
	     comp_cast_type AS cct2,
	     char_name AS chn,
	     cast_info AS ci,
	     info_type AS it2,
	     keyword AS k,
	     kind_type AS kt,
	     movie_info_idx AS mi_idx,
	     movie_keyword AS mk,
	     name AS n,
	     title AS t
	WHERE cct1.kind = 'cast'
	  AND cct2.kind LIKE '%complete%'
	  AND chn.name IS NOT NULL
	  AND (chn.name LIKE '%man%'
	       OR chn.name LIKE '%Man%')
	  AND it2.info = 'rating'
	  AND k.keyword IN ('superhero',
	                    'marvel-comics',
	                    'based-on-comic',
	                    'fight')
	  AND kt.kind = 'movie'
	  AND mi_idx.info > '8.0'
	  AND t.production_year > 2005
	  AND kt.id = t.kind_id
	  AND t.id = mk.movie_id
	  AND t.id = ci.movie_id
	  AND t.id = cc.movie_id
	  AND t.id = mi_idx.movie_id
	  AND mk.movie_id = ci.movie_id
	  AND mk.movie_id = cc.movie_id
	  AND mk.movie_id = mi_idx.movie_id
	  AND ci.movie_id = cc.movie_id
	  AND ci.movie_id = mi_idx.movie_id
	  AND cc.movie_id = mi_idx.movie_id
	  AND chn.id = ci.person_role_id
	  AND n.id = ci.person_id
	  AND k.id = mk.keyword_id
	  AND cct1.id = cc.subject_id
	  AND cct2.id = cc.status_id
	  AND it2.id = mi_idx.info_type_id;
	
	
2026-02-06 01:22:06.035 UTC [3038073] AiChaosN@imdbload LOG:  Bao planning selected arm 0, in 88.590000 CPU ms.
2026-02-06 01:22:06.035 UTC [3038073] AiChaosN@imdbload STATEMENT:  SELECT MIN(mi_idx.info) AS rating,
	       MIN(t.title) AS north_european_dark_production
	FROM info_type AS it1,
	     info_type AS it2,
	     keyword AS k,
	     kind_type AS kt,
	     movie_info AS mi,
	     movie_info_idx AS mi_idx,
	     movie_keyword AS mk,
	     title AS t
	WHERE it1.info = 'countries'
	  AND it2.info = 'rating'
	  AND k.keyword IS NOT NULL
	  AND k.keyword IN ('murder',
	                    'murder-in-title',
	                    'blood',
	                    'violence')
	  AND kt.kind IN ('movie',
	                  'episode')
	  AND mi.info IN ('Sweden',
	                  'Norway',
	                  'Germany',
	                  'Denmark',
	                  'Swedish',
	                  'Danish',
	                  'Norwegian',
	                  'German',
	                  'USA',
	                  'American')
	  AND mi_idx.info < '8.5'
	  AND t.production_year > 2005
	  AND kt.id = t.kind_id
	  AND t.id = mi.movie_id
	  AND t.id = mk.movie_id
	  AND t.id = mi_idx.movie_id
	  AND mk.movie_id = mi.movie_id
	  AND mk.movie_id = mi_idx.movie_id
	  AND mi.movie_id = mi_idx.movie_id
	  AND k.id = mk.keyword_id
	  AND it1.id = mi.info_type_id
	  AND it2.id = mi_idx.info_type_id;
	
	
2026-02-06 01:22:06.477 UTC [3038080] AiChaosN@imdbload LOG:  Bao planning selected arm 0, in 93.601000 CPU ms.
2026-02-06 01:22:06.477 UTC [3038080] AiChaosN@imdbload STATEMENT:  SELECT MIN(t.title) AS complete_downey_ironman_movie
	FROM complete_cast AS cc,
	     comp_cast_type AS cct1,
	     comp_cast_type AS cct2,
	     char_name AS chn,
	     cast_info AS ci,
	     keyword AS k,
	     kind_type AS kt,
	     movie_keyword AS mk,
	     name AS n,
	     title AS t
	WHERE cct1.kind = 'cast'
	  AND cct2.kind LIKE '%complete%'
	  AND chn.name NOT LIKE '%Sherlock%'
	  AND (chn.name LIKE '%Tony%Stark%'
	       OR chn.name LIKE '%Iron%Man%')
	  AND k.keyword IN ('superhero',
	                    'sequel',
	                    'second-part',
	                    'marvel-comics',
	                    'based-on-comic',
	                    'tv-special',
	                    'fight',
	                    'violence')
	  AND kt.kind = 'movie'
	  AND n.name LIKE '%Downey%Robert%'
	  AND t.production_year > 2000
	  AND kt.id = t.kind_id
	  AND t.id = mk.movie_id
	  AND t.id = ci.movie_id
	  AND t.id = cc.movie_id
	  AND mk.movie_id = ci.movie_id
	  AND mk.movie_id = cc.movie_id
	  AND ci.movie_id = cc.movie_id
	  AND chn.id = ci.person_role_id
	  AND n.id = ci.person_id
	  AND k.id = mk.keyword_id
	  AND cct1.id = cc.subject_id
	  AND cct2.id = cc.status_id;
	
	
2026-02-06 01:22:07.802 UTC [3038124] AiChaosN@imdbload LOG:  Bao planning selected arm 0, in 92.387000 CPU ms.
2026-02-06 01:22:07.802 UTC [3038124] AiChaosN@imdbload STATEMENT:  SELECT MIN(mi_idx.info) AS rating,
	       MIN(t.title) AS movie_title
	FROM info_type AS it,
	     keyword AS k,
	     movie_info_idx AS mi_idx,
	     movie_keyword AS mk,
	     title AS t
	WHERE it.info ='rating'
	  AND k.keyword LIKE '%sequel%'
	  AND mi_idx.info > '9.0'
	  AND t.production_year > 2010
	  AND t.id = mi_idx.movie_id
	  AND t.id = mk.movie_id
	  AND mk.movie_id = mi_idx.movie_id
	  AND k.id = mk.keyword_id
	  AND it.id = mi_idx.info_type_id;
	
	
2026-02-06 01:22:07.965 UTC [3038125] AiChaosN@imdbload LOG:  Bao planning selected arm 0, in 91.723000 CPU ms.
2026-02-06 01:22:07.965 UTC [3038125] AiChaosN@imdbload STATEMENT:  SELECT MIN(cn.name) AS producing_company,
	       MIN(miidx.info) AS rating,
	       MIN(t.title) AS movie_about_winning
	FROM company_name AS cn,
	     company_type AS ct,
	     info_type AS it,
	     info_type AS it2,
	     kind_type AS kt,
	     movie_companies AS mc,
	     movie_info AS mi,
	     movie_info_idx AS miidx,
	     title AS t
	WHERE cn.country_code ='[us]'
	  AND ct.kind ='production companies'
	  AND it.info ='rating'
	  AND it2.info ='release dates'
	  AND kt.kind ='movie'
	  AND t.title != ''
	  AND (t.title LIKE 'Champion%'
	       OR t.title LIKE 'Loser%')
	  AND mi.movie_id = t.id
	  AND it2.id = mi.info_type_id
	  AND kt.id = t.kind_id
	  AND mc.movie_id = t.id
	  AND cn.id = mc.company_id
	  AND ct.id = mc.company_type_id
	  AND miidx.movie_id = t.id
	  AND it.id = miidx.info_type_id
	  AND mi.movie_id = miidx.movie_id
	  AND mi.movie_id = mc.movie_id
	  AND miidx.movie_id = mc.movie_id;
	
	
2026-02-06 01:22:08.807 UTC [3038148] AiChaosN@imdbload LOG:  Bao planning selected arm 0, in 88.766000 CPU ms.
2026-02-06 01:22:08.807 UTC [3038148] AiChaosN@imdbload STATEMENT:  SELECT MIN(n.name) AS member_in_charnamed_movie
	FROM cast_info AS ci,
	     company_name AS cn,
	     keyword AS k,
	     movie_companies AS mc,
	     movie_keyword AS mk,
	     name AS n,
	     title AS t
	WHERE k.keyword ='character-name-in-title'
	  AND n.name LIKE '%Bert%'
	  AND n.id = ci.person_id
	  AND ci.movie_id = t.id
	  AND t.id = mk.movie_id
	  AND mk.keyword_id = k.id
	  AND t.id = mc.movie_id
	  AND mc.company_id = cn.id
	  AND ci.movie_id = mc.movie_id
	  AND ci.movie_id = mk.movie_id
	  AND mc.movie_id = mk.movie_id;
	
	
2026-02-06 01:22:12.740 UTC [3038224] AiChaosN@imdbload LOG:  Bao planning selected arm 0, in 93.307000 CPU ms.
2026-02-06 01:22:12.740 UTC [3038224] AiChaosN@imdbload STATEMENT:  SELECT MIN(cn.name) AS from_company,
	       MIN(lt.link) AS movie_link_type,
	       MIN(t.title) AS sequel_movie
	FROM company_name AS cn,
	     company_type AS ct,
	     keyword AS k,
	     link_type AS lt,
	     movie_companies AS mc,
	     movie_keyword AS mk,
	     movie_link AS ml,
	     title AS t
	WHERE cn.country_code !='[pl]'
	  AND (cn.name LIKE '%Film%'
	       OR cn.name LIKE '%Warner%')
	  AND ct.kind ='production companies'
	  AND k.keyword ='sequel'
	  AND lt.link LIKE '%follows%'
	  AND mc.note IS NULL
	  AND t.production_year = 1998
	  AND t.title LIKE '%Money%'
	  AND lt.id = ml.link_type_id
	  AND ml.movie_id = t.id
	  AND t.id = mk.movie_id
	  AND mk.keyword_id = k.id
	  AND t.id = mc.movie_id
	  AND mc.company_type_id = ct.id
	  AND mc.company_id = cn.id
	  AND ml.movie_id = mk.movie_id
	  AND ml.movie_id = mc.movie_id
	  AND mk.movie_id = mc.movie_id;
	
	
2026-02-06 01:22:12.865 UTC [3038235] AiChaosN@imdbload LOG:  Bao planning selected arm 0, in 87.114000 CPU ms.
2026-02-06 01:22:12.865 UTC [3038235] AiChaosN@imdbload STATEMENT:  SELECT MIN(cn.name) AS from_company,
	       MIN(lt.link) AS movie_link_type,
	       MIN(t.title) AS non_polish_sequel_movie
	FROM company_name AS cn,
	     company_type AS ct,
	     keyword AS k,
	     link_type AS lt,
	     movie_companies AS mc,
	     movie_keyword AS mk,
	     movie_link AS ml,
	     title AS t
	WHERE cn.country_code !='[pl]'
	  AND (cn.name LIKE '%Film%'
	       OR cn.name LIKE '%Warner%')
	  AND ct.kind ='production companies'
	  AND k.keyword ='sequel'
	  AND lt.link LIKE '%follow%'
	  AND mc.note IS NULL
	  AND t.production_year BETWEEN 1950 AND 2000
	  AND lt.id = ml.link_type_id
	  AND ml.movie_id = t.id
	  AND t.id = mk.movie_id
	  AND mk.keyword_id = k.id
	  AND t.id = mc.movie_id
	  AND mc.company_type_id = ct.id
	  AND mc.company_id = cn.id
	  AND ml.movie_id = mk.movie_id
	  AND ml.movie_id = mc.movie_id
	  AND mk.movie_id = mc.movie_id;
	
	
2026-02-06 01:23:18.349 UTC [3039303] AiChaosN@imdbload LOG:  Bao planning selected arm 17, in 680.260000 CPU ms.
2026-02-06 01:23:18.349 UTC [3039303] AiChaosN@imdbload STATEMENT:  SELECT MIN(cn.name) AS movie_company,
	       MIN(mi_idx.info) AS rating,
	       MIN(t.title) AS western_violent_movie
	FROM company_name AS cn,
	     company_type AS ct,
	     info_type AS it1,
	     info_type AS it2,
	     keyword AS k,
	     kind_type AS kt,
	     movie_companies AS mc,
	     movie_info AS mi,
	     movie_info_idx AS mi_idx,
	     movie_keyword AS mk,
	     title AS t
	WHERE cn.country_code != '[us]'
	  AND it1.info = 'countries'
	  AND it2.info = 'rating'
	  AND k.keyword IN ('murder',
	                    'murder-in-title',
	                    'blood',
	                    'violence')
	  AND kt.kind IN ('movie',
	                  'episode')
	  AND mc.note NOT LIKE '%(USA)%'
	  AND mc.note LIKE '%(200%)%'
	  AND mi.info IN ('Germany',
	                  'German',
	                  'USA',
	                  'American')
	  AND mi_idx.info < '7.0'
	  AND t.production_year > 2008
	  AND kt.id = t.kind_id
	  AND t.id = mi.movie_id
	  AND t.id = mk.movie_id
	  AND t.id = mi_idx.movie_id
	  AND t.id = mc.movie_id
	  AND mk.movie_id = mi.movie_id
	  AND mk.movie_id = mi_idx.movie_id
	  AND mk.movie_id = mc.movie_id
	  AND mi.movie_id = mi_idx.movie_id
	  AND mi.movie_id = mc.movie_id
	  AND mc.movie_id = mi_idx.movie_id
	  AND k.id = mk.keyword_id
	  AND it1.id = mi.info_type_id
	  AND it2.id = mi_idx.info_type_id
	  AND ct.id = mc.company_type_id
	  AND cn.id = mc.company_id;
	
	
2026-02-06 01:23:18.814 UTC [3039337] AiChaosN@imdbload LOG:  Bao planning selected arm 3, in 141.433000 CPU ms.
2026-02-06 01:23:18.814 UTC [3039337] AiChaosN@imdbload STATEMENT:  SELECT MIN(mi.info) AS movie_budget,
	       MIN(mi_idx.info) AS movie_votes,
	       MIN(t.title) AS movie_title
	FROM cast_info AS ci,
	     info_type AS it1,
	     info_type AS it2,
	     movie_info AS mi,
	     movie_info_idx AS mi_idx,
	     name AS n,
	     title AS t
	WHERE ci.note IN ('(writer)',
	                  '(head writer)',
	                  '(written by)',
	                  '(story)',
	                  '(story editor)')
	  AND it1.info = 'genres'
	  AND it2.info = 'rating'
	  AND mi.info IN ('Horror',
	                  'Thriller')
	  AND mi.note IS NULL
	  AND mi_idx.info > '8.0'
	  AND n.gender IS NOT NULL
	  AND n.gender = 'f'
	  AND t.production_year BETWEEN 2008 AND 2014
	  AND t.id = mi.movie_id
	  AND t.id = mi_idx.movie_id
	  AND t.id = ci.movie_id
	  AND ci.movie_id = mi.movie_id
	  AND ci.movie_id = mi_idx.movie_id
	  AND mi.movie_id = mi_idx.movie_id
	  AND n.id = ci.person_id
	  AND it1.id = mi.info_type_id
	  AND it2.id = mi_idx.info_type_id;
	
	
2026-02-06 01:23:19.388 UTC [3039347] AiChaosN@imdbload LOG:  Bao planning selected arm 38, in 141.544000 CPU ms.
2026-02-06 01:23:19.388 UTC [3039347] AiChaosN@imdbload STATEMENT:  SELECT MIN(n.name) AS member_in_charnamed_movie,
	       MIN(n.name) AS a1
	FROM cast_info AS ci,
	     company_name AS cn,
	     keyword AS k,
	     movie_companies AS mc,
	     movie_keyword AS mk,
	     name AS n,
	     title AS t
	WHERE k.keyword ='character-name-in-title'
	  AND n.name LIKE 'Z%'
	  AND n.id = ci.person_id
	  AND ci.movie_id = t.id
	  AND t.id = mk.movie_id
	  AND mk.keyword_id = k.id
	  AND t.id = mc.movie_id
	  AND mc.company_id = cn.id
	  AND ci.movie_id = mc.movie_id
	  AND ci.movie_id = mk.movie_id
	  AND mc.movie_id = mk.movie_id;
	
	
2026-02-06 01:23:51.223 UTC [3039347] AiChaosN@imdbload ERROR:  canceling statement due to statement timeout
2026-02-06 01:23:51.223 UTC [3039347] AiChaosN@imdbload STATEMENT:  SELECT MIN(n.name) AS member_in_charnamed_movie,
	       MIN(n.name) AS a1
	FROM cast_info AS ci,
	     company_name AS cn,
	     keyword AS k,
	     movie_companies AS mc,
	     movie_keyword AS mk,
	     name AS n,
	     title AS t
	WHERE k.keyword ='character-name-in-title'
	  AND n.name LIKE 'Z%'
	  AND n.id = ci.person_id
	  AND ci.movie_id = t.id
	  AND t.id = mk.movie_id
	  AND mk.keyword_id = k.id
	  AND t.id = mc.movie_id
	  AND mc.company_id = cn.id
	  AND ci.movie_id = mc.movie_id
	  AND ci.movie_id = mk.movie_id
	  AND mc.movie_id = mk.movie_id;
	
	
2026-02-06 01:23:51.394 UTC [3039937] AiChaosN@imdbload LOG:  Bao planning selected arm 29, in 135.158000 CPU ms.
2026-02-06 01:23:51.394 UTC [3039937] AiChaosN@imdbload STATEMENT:  SELECT MIN(mc.note) AS production_note,
	       MIN(t.title) AS movie_title,
	       MIN(t.production_year) AS movie_year
	FROM company_type AS ct,
	     info_type AS it,
	     movie_companies AS mc,
	     movie_info_idx AS mi_idx,
	     title AS t
	WHERE ct.kind = 'production companies'
	  AND it.info = 'bottom 10 rank'
	  AND mc.note NOT LIKE '%(as Metro-Goldwyn-Mayer Pictures)%'
	  AND t.production_year BETWEEN 2005 AND 2010
	  AND ct.id = mc.company_type_id
	  AND t.id = mc.movie_id
	  AND t.id = mi_idx.movie_id
	  AND mc.movie_id = mi_idx.movie_id
	  AND it.id = mi_idx.info_type_id;
	
	
2026-02-06 01:23:51.720 UTC [3039938] AiChaosN@imdbload LOG:  Bao planning selected arm 3, in 194.797000 CPU ms.
2026-02-06 01:23:51.720 UTC [3039938] AiChaosN@imdbload STATEMENT:  SELECT MIN(n.name) AS of_person,
	       MIN(t.title) AS biography_movie
	FROM aka_name AS an,
	     cast_info AS ci,
	     info_type AS it,
	     link_type AS lt,
	     movie_link AS ml,
	     name AS n,
	     person_info AS pi1,
	     title AS t
	WHERE an.name LIKE '%a%'
	  AND it.info ='mini biography'
	  AND lt.link ='features'
	  AND n.name_pcode_cf LIKE 'D%'
	  AND n.gender='m'
	  AND pi1.note ='Volker Boehm'
	  AND t.production_year BETWEEN 1980 AND 1984
	  AND n.id = an.person_id
	  AND n.id = pi1.person_id
	  AND ci.person_id = n.id
	  AND t.id = ci.movie_id
	  AND ml.linked_movie_id = t.id
	  AND lt.id = ml.link_type_id
	  AND it.id = pi1.info_type_id
	  AND pi1.person_id = an.person_id
	  AND pi1.person_id = ci.person_id
	  AND an.person_id = ci.person_id
	  AND ci.movie_id = ml.linked_movie_id;
	
	
2026-02-06 01:23:52.175 UTC [3039949] AiChaosN@imdbload LOG:  Bao planning selected arm 38, in 180.609000 CPU ms.
2026-02-06 01:23:52.175 UTC [3039949] AiChaosN@imdbload STATEMENT:  SELECT MIN(an.name) AS cool_actor_pseudonym,
	       MIN(t.title) AS series_named_after_char
	FROM aka_name AS an,
	     cast_info AS ci,
	     company_name AS cn,
	     keyword AS k,
	     movie_companies AS mc,
	     movie_keyword AS mk,
	     name AS n,
	     title AS t
	WHERE cn.country_code ='[us]'
	  AND k.keyword ='character-name-in-title'
	  AND an.person_id = n.id
	  AND n.id = ci.person_id
	  AND ci.movie_id = t.id
	  AND t.id = mk.movie_id
	  AND mk.keyword_id = k.id
	  AND t.id = mc.movie_id
	  AND mc.company_id = cn.id
	  AND an.person_id = ci.person_id
	  AND ci.movie_id = mc.movie_id
	  AND ci.movie_id = mk.movie_id
	  AND mc.movie_id = mk.movie_id;
	
	
2026-02-06 01:24:23.956 UTC [3039949] AiChaosN@imdbload ERROR:  canceling statement due to statement timeout
2026-02-06 01:24:23.956 UTC [3039949] AiChaosN@imdbload STATEMENT:  SELECT MIN(an.name) AS cool_actor_pseudonym,
	       MIN(t.title) AS series_named_after_char
	FROM aka_name AS an,
	     cast_info AS ci,
	     company_name AS cn,
	     keyword AS k,
	     movie_companies AS mc,
	     movie_keyword AS mk,
	     name AS n,
	     title AS t
	WHERE cn.country_code ='[us]'
	  AND k.keyword ='character-name-in-title'
	  AND an.person_id = n.id
	  AND n.id = ci.person_id
	  AND ci.movie_id = t.id
	  AND t.id = mk.movie_id
	  AND mk.keyword_id = k.id
	  AND t.id = mc.movie_id
	  AND mc.company_id = cn.id
	  AND an.person_id = ci.person_id
	  AND ci.movie_id = mc.movie_id
	  AND ci.movie_id = mk.movie_id
	  AND mc.movie_id = mk.movie_id;
	
	
2026-02-06 01:24:24.175 UTC [3040499] AiChaosN@imdbload LOG:  Bao planning selected arm 34, in 182.863000 CPU ms.
2026-02-06 01:24:24.175 UTC [3040499] AiChaosN@imdbload STATEMENT:  SELECT MIN(cn.name) AS movie_company,
	       MIN(mi_idx.info) AS rating,
	       MIN(t.title) AS mainstream_movie
	FROM company_name AS cn,
	     company_type AS ct,
	     info_type AS it1,
	     info_type AS it2,
	     movie_companies AS mc,
	     movie_info AS mi,
	     movie_info_idx AS mi_idx,
	     title AS t
	WHERE cn.country_code = '[us]'
	  AND ct.kind = 'production companies'
	  AND it1.info = 'genres'
	  AND it2.info = 'rating'
	  AND mi.info IN ('Drama',
	                  'Horror',
	                  'Western',
	                  'Family')
	  AND mi_idx.info > '7.0'
	  AND t.production_year BETWEEN 2000 AND 2010
	  AND t.id = mi.movie_id
	  AND t.id = mi_idx.movie_id
	  AND mi.info_type_id = it1.id
	  AND mi_idx.info_type_id = it2.id
	  AND t.id = mc.movie_id
	  AND ct.id = mc.company_type_id
	  AND cn.id = mc.company_id
	  AND mc.movie_id = mi.movie_id
	  AND mc.movie_id = mi_idx.movie_id
	  AND mi.movie_id = mi_idx.movie_id;
	
	
2026-02-06 01:24:55.965 UTC [3040499] AiChaosN@imdbload ERROR:  canceling statement due to statement timeout
2026-02-06 01:24:55.965 UTC [3040499] AiChaosN@imdbload STATEMENT:  SELECT MIN(cn.name) AS movie_company,
	       MIN(mi_idx.info) AS rating,
	       MIN(t.title) AS mainstream_movie
	FROM company_name AS cn,
	     company_type AS ct,
	     info_type AS it1,
	     info_type AS it2,
	     movie_companies AS mc,
	     movie_info AS mi,
	     movie_info_idx AS mi_idx,
	     title AS t
	WHERE cn.country_code = '[us]'
	  AND ct.kind = 'production companies'
	  AND it1.info = 'genres'
	  AND it2.info = 'rating'
	  AND mi.info IN ('Drama',
	                  'Horror',
	                  'Western',
	                  'Family')
	  AND mi_idx.info > '7.0'
	  AND t.production_year BETWEEN 2000 AND 2010
	  AND t.id = mi.movie_id
	  AND t.id = mi_idx.movie_id
	  AND mi.info_type_id = it1.id
	  AND mi_idx.info_type_id = it2.id
	  AND t.id = mc.movie_id
	  AND ct.id = mc.company_type_id
	  AND cn.id = mc.company_id
	  AND mc.movie_id = mi.movie_id
	  AND mc.movie_id = mi_idx.movie_id
	  AND mi.movie_id = mi_idx.movie_id;
	
	
2026-02-06 01:24:56.750 UTC [3041089] AiChaosN@imdbload LOG:  Bao planning selected arm 17, in 742.103000 CPU ms.
2026-02-06 01:24:56.750 UTC [3041089] AiChaosN@imdbload STATEMENT:  SELECT MIN(kt.kind) AS movie_kind,
	       MIN(t.title) AS complete_nerdy_internet_movie
	FROM complete_cast AS cc,
	     comp_cast_type AS cct1,
	     company_name AS cn,
	     company_type AS ct,
	     info_type AS it1,
	     keyword AS k,
	     kind_type AS kt,
	     movie_companies AS mc,
	     movie_info AS mi,
	     movie_keyword AS mk,
	     title AS t
	WHERE cct1.kind = 'complete+verified'
	  AND cn.country_code = '[us]'
	  AND it1.info = 'release dates'
	  AND k.keyword IN ('nerd',
	                    'loner',
	                    'alienation',
	                    'dignity')
	  AND kt.kind IN ('movie')
	  AND mi.note LIKE '%internet%'
	  AND mi.info LIKE 'USA:% 200%'
	  AND t.production_year > 2000
	  AND kt.id = t.kind_id
	  AND t.id = mi.movie_id
	  AND t.id = mk.movie_id
	  AND t.id = mc.movie_id
	  AND t.id = cc.movie_id
	  AND mk.movie_id = mi.movie_id
	  AND mk.movie_id = mc.movie_id
	  AND mk.movie_id = cc.movie_id
	  AND mi.movie_id = mc.movie_id
	  AND mi.movie_id = cc.movie_id
	  AND mc.movie_id = cc.movie_id
	  AND k.id = mk.keyword_id
	  AND it1.id = mi.info_type_id
	  AND cn.id = mc.company_id
	  AND ct.id = mc.company_type_id
	  AND cct1.id = cc.status_id;
	
	
2026-02-06 01:24:57.318 UTC [3041103] AiChaosN@imdbload LOG:  Bao planning selected arm 37, in 440.498000 CPU ms.
2026-02-06 01:24:57.318 UTC [3041103] AiChaosN@imdbload STATEMENT:  SELECT MIN(n.name) AS voicing_actress,
	       MIN(t.title) AS jap_engl_voiced_movie
	FROM aka_name AS an,
	     char_name AS chn,
	     cast_info AS ci,
	     company_name AS cn,
	     info_type AS it,
	     movie_companies AS mc,
	     movie_info AS mi,
	     name AS n,
	     role_type AS rt,
	     title AS t
	WHERE ci.note IN ('(voice)',
	                  '(voice: Japanese version)',
	                  '(voice) (uncredited)',
	                  '(voice: English version)')
	  AND cn.country_code ='[us]'
	  AND it.info = 'release dates'
	  AND mi.info IS NOT NULL
	  AND (mi.info LIKE 'Japan:%200%'
	       OR mi.info LIKE 'USA:%200%')
	  AND n.gender ='f'
	  AND n.name LIKE '%An%'
	  AND rt.role ='actress'
	  AND t.production_year > 2000
	  AND t.id = mi.movie_id
	  AND t.id = mc.movie_id
	  AND t.id = ci.movie_id
	  AND mc.movie_id = ci.movie_id
	  AND mc.movie_id = mi.movie_id
	  AND mi.movie_id = ci.movie_id
	  AND cn.id = mc.company_id
	  AND it.id = mi.info_type_id
	  AND n.id = ci.person_id
	  AND rt.id = ci.role_id
	  AND n.id = an.person_id
	  AND ci.person_id = an.person_id
	  AND chn.id = ci.person_role_id;
	
	
2026-02-06 01:25:28.843 UTC [3041103] AiChaosN@imdbload ERROR:  canceling statement due to statement timeout
2026-02-06 01:25:28.843 UTC [3041103] AiChaosN@imdbload STATEMENT:  SELECT MIN(n.name) AS voicing_actress,
	       MIN(t.title) AS jap_engl_voiced_movie
	FROM aka_name AS an,
	     char_name AS chn,
	     cast_info AS ci,
	     company_name AS cn,
	     info_type AS it,
	     movie_companies AS mc,
	     movie_info AS mi,
	     name AS n,
	     role_type AS rt,
	     title AS t
	WHERE ci.note IN ('(voice)',
	                  '(voice: Japanese version)',
	                  '(voice) (uncredited)',
	                  '(voice: English version)')
	  AND cn.country_code ='[us]'
	  AND it.info = 'release dates'
	  AND mi.info IS NOT NULL
	  AND (mi.info LIKE 'Japan:%200%'
	       OR mi.info LIKE 'USA:%200%')
	  AND n.gender ='f'
	  AND n.name LIKE '%An%'
	  AND rt.role ='actress'
	  AND t.production_year > 2000
	  AND t.id = mi.movie_id
	  AND t.id = mc.movie_id
	  AND t.id = ci.movie_id
	  AND mc.movie_id = ci.movie_id
	  AND mc.movie_id = mi.movie_id
	  AND mi.movie_id = ci.movie_id
	  AND cn.id = mc.company_id
	  AND it.id = mi.info_type_id
	  AND n.id = ci.person_id
	  AND rt.id = ci.role_id
	  AND n.id = an.person_id
	  AND ci.person_id = an.person_id
	  AND chn.id = ci.person_role_id;
	
	
2026-02-06 01:25:29.617 UTC [3041676] AiChaosN@imdbload LOG:  Bao planning selected arm 17, in 721.261000 CPU ms.
2026-02-06 01:25:29.617 UTC [3041676] AiChaosN@imdbload STATEMENT:  SELECT MIN(cn.name) AS movie_company,
	       MIN(mi_idx.info) AS rating,
	       MIN(t.title) AS western_violent_movie
	FROM company_name AS cn,
	     company_type AS ct,
	     info_type AS it1,
	     info_type AS it2,
	     keyword AS k,
	     kind_type AS kt,
	     movie_companies AS mc,
	     movie_info AS mi,
	     movie_info_idx AS mi_idx,
	     movie_keyword AS mk,
	     title AS t
	WHERE cn.country_code != '[us]'
	  AND it1.info = 'countries'
	  AND it2.info = 'rating'
	  AND k.keyword IN ('murder',
	                    'murder-in-title',
	                    'blood',
	                    'violence')
	  AND kt.kind IN ('movie',
	                  'episode')
	  AND mc.note NOT LIKE '%(USA)%'
	  AND mc.note LIKE '%(200%)%'
	  AND mi.info IN ('Germany',
	                  'German',
	                  'USA',
	                  'American')
	  AND mi_idx.info < '7.0'
	  AND t.production_year > 2009
	  AND kt.id = t.kind_id
	  AND t.id = mi.movie_id
	  AND t.id = mk.movie_id
	  AND t.id = mi_idx.movie_id
	  AND t.id = mc.movie_id
	  AND mk.movie_id = mi.movie_id
	  AND mk.movie_id = mi_idx.movie_id
	  AND mk.movie_id = mc.movie_id
	  AND mi.movie_id = mi_idx.movie_id
	  AND mi.movie_id = mc.movie_id
	  AND mc.movie_id = mi_idx.movie_id
	  AND k.id = mk.keyword_id
	  AND it1.id = mi.info_type_id
	  AND it2.id = mi_idx.info_type_id
	  AND ct.id = mc.company_type_id
	  AND cn.id = mc.company_id;
	
	
2026-02-06 01:25:41.423 UTC [3041935] AiChaosN@imdbload LOG:  Bao planning selected arm 37, in 119.548000 CPU ms.
2026-02-06 01:25:41.423 UTC [3041935] AiChaosN@imdbload STATEMENT:  SELECT MIN(k.keyword) AS movie_keyword,
	       MIN(n.name) AS actor_name,
	       MIN(t.title) AS marvel_movie
	FROM cast_info AS ci,
	     keyword AS k,
	     movie_keyword AS mk,
	     name AS n,
	     title AS t
	WHERE k.keyword = 'marvel-cinematic-universe'
	  AND n.name LIKE '%Downey%Robert%'
	  AND t.production_year > 2014
	  AND k.id = mk.keyword_id
	  AND t.id = mk.movie_id
	  AND t.id = ci.movie_id
	  AND ci.movie_id = mk.movie_id
	  AND n.id = ci.person_id;
	
	
2026-02-06 01:25:54.494 UTC [3042177] AiChaosN@imdbload LOG:  Bao planning selected arm 48, in 1368.412000 CPU ms.
2026-02-06 01:25:54.494 UTC [3042177] AiChaosN@imdbload STATEMENT:  SELECT MIN(mi.info) AS movie_budget,
	       MIN(mi_idx.info) AS movie_votes,
	       MIN(n.name) AS writer,
	       MIN(t.title) AS violent_liongate_movie
	FROM cast_info AS ci,
	     company_name AS cn,
	     info_type AS it1,
	     info_type AS it2,
	     keyword AS k,
	     movie_companies AS mc,
	     movie_info AS mi,
	     movie_info_idx AS mi_idx,
	     movie_keyword AS mk,
	     name AS n,
	     title AS t
	WHERE ci.note IN ('(writer)',
	                  '(head writer)',
	                  '(written by)',
	                  '(story)',
	                  '(story editor)')
	  AND cn.name LIKE 'Lionsgate%'
	  AND it1.info = 'genres'
	  AND it2.info = 'votes'
	  AND k.keyword IN ('murder',
	                    'violence',
	                    'blood',
	                    'gore',
	                    'death',
	                    'female-nudity',
	                    'hospital')
	  AND mc.note LIKE '%(Blu-ray)%'
	  AND mi.info IN ('Horror',
	                  'Thriller')
	  AND n.gender = 'm'
	  AND t.production_year > 2000
	  AND (t.title LIKE '%Freddy%'
	       OR t.title LIKE '%Jason%'
	       OR t.title LIKE 'Saw%')
	  AND t.id = mi.movie_id
	  AND t.id = mi_idx.movie_id
	  AND t.id = ci.movie_id
	  AND t.id = mk.movie_id
	  AND t.id = mc.movie_id
	  AND ci.movie_id = mi.movie_id
	  AND ci.movie_id = mi_idx.movie_id
	  AND ci.movie_id = mk.movie_id
	  AND ci.movie_id = mc.movie_id
	  AND mi.movie_id = mi_idx.movie_id
	  AND mi.movie_id = mk.movie_id
	  AND mi.movie_id = mc.movie_id
	  AND mi_idx.movie_id = mk.movie_id
	  AND mi_idx.movie_id = mc.movie_id
	  AND mk.movie_id = mc.movie_id
	  AND n.id = ci.person_id
	  AND it1.id = mi.info_type_id
	  AND it2.id = mi_idx.info_type_id
	  AND k.id = mk.keyword_id
	  AND cn.id = mc.company_id;
	
	
2026-02-06 01:26:06.940 UTC [3042421] AiChaosN@imdbload LOG:  Bao planning selected arm 48, in 150.272000 CPU ms.
2026-02-06 01:26:06.940 UTC [3042421] AiChaosN@imdbload STATEMENT:  SELECT MIN(lt.link) AS link_type,
	       MIN(t1.title) AS first_movie,
	       MIN(t2.title) AS second_movie
	FROM keyword AS k,
	     link_type AS lt,
	     movie_keyword AS mk,
	     movie_link AS ml,
	     title AS t1,
	     title AS t2
	WHERE k.keyword ='10,000-mile-club'
	  AND mk.keyword_id = k.id
	  AND t1.id = mk.movie_id
	  AND ml.movie_id = t1.id
	  AND ml.linked_movie_id = t2.id
	  AND lt.id = ml.link_type_id
	  AND mk.movie_id = t1.id;
	
	
2026-02-06 01:26:08.613 UTC [3042433] AiChaosN@imdbload LOG:  Bao planning selected arm 3, in 1110.605000 CPU ms.
2026-02-06 01:26:08.613 UTC [3042433] AiChaosN@imdbload STATEMENT:  SELECT MIN(mi.info) AS movie_budget,
	       MIN(mi_idx.info) AS movie_votes,
	       MIN(n.name) AS writer,
	       MIN(t.title) AS violent_liongate_movie
	FROM cast_info AS ci,
	     company_name AS cn,
	     info_type AS it1,
	     info_type AS it2,
	     keyword AS k,
	     movie_companies AS mc,
	     movie_info AS mi,
	     movie_info_idx AS mi_idx,
	     movie_keyword AS mk,
	     name AS n,
	     title AS t
	WHERE ci.note IN ('(writer)',
	                  '(head writer)',
	                  '(written by)',
	                  '(story)',
	                  '(story editor)')
	  AND cn.name LIKE 'Lionsgate%'
	  AND it1.info = 'genres'
	  AND it2.info = 'votes'
	  AND k.keyword IN ('murder',
	                    'violence',
	                    'blood',
	                    'gore',
	                    'death',
	                    'female-nudity',
	                    'hospital')
	  AND mi.info IN ('Horror',
	                  'Thriller')
	  AND n.gender = 'm'
	  AND t.id = mi.movie_id
	  AND t.id = mi_idx.movie_id
	  AND t.id = ci.movie_id
	  AND t.id = mk.movie_id
	  AND t.id = mc.movie_id
	  AND ci.movie_id = mi.movie_id
	  AND ci.movie_id = mi_idx.movie_id
	  AND ci.movie_id = mk.movie_id
	  AND ci.movie_id = mc.movie_id
	  AND mi.movie_id = mi_idx.movie_id
	  AND mi.movie_id = mk.movie_id
	  AND mi.movie_id = mc.movie_id
	  AND mi_idx.movie_id = mk.movie_id
	  AND mi_idx.movie_id = mc.movie_id
	  AND mk.movie_id = mc.movie_id
	  AND n.id = ci.person_id
	  AND it1.id = mi.info_type_id
	  AND it2.id = mi_idx.info_type_id
	  AND k.id = mk.keyword_id
	  AND cn.id = mc.company_id;
	
	
2026-02-06 01:26:10.482 UTC [3042513] AiChaosN@imdbload LOG:  Bao planning selected arm 4, in 303.125000 CPU ms.
2026-02-06 01:26:10.482 UTC [3042513] AiChaosN@imdbload STATEMENT:  SELECT MIN(cn.name) AS company_name,
	       MIN(lt.link) AS link_type,
	       MIN(t.title) AS western_follow_up
	FROM company_name AS cn,
	     company_type AS ct,
	     keyword AS k,
	     link_type AS lt,
	     movie_companies AS mc,
	     movie_info AS mi,
	     movie_keyword AS mk,
	     movie_link AS ml,
	     title AS t
	WHERE cn.country_code !='[pl]'
	  AND (cn.name LIKE '%Film%'
	       OR cn.name LIKE '%Warner%')
	  AND ct.kind ='production companies'
	  AND k.keyword ='sequel'
	  AND lt.link LIKE '%follow%'
	  AND mc.note IS NULL
	  AND mi.info IN ('Sweden',
	                  'Norway',
	                  'Germany',
	                  'Denmark',
	                  'Swedish',
	                  'Denish',
	                  'Norwegian',
	                  'German')
	  AND t.production_year BETWEEN 1950 AND 2000
	  AND lt.id = ml.link_type_id
	  AND ml.movie_id = t.id
	  AND t.id = mk.movie_id
	  AND mk.keyword_id = k.id
	  AND t.id = mc.movie_id
	  AND mc.company_type_id = ct.id
	  AND mc.company_id = cn.id
	  AND mi.movie_id = t.id
	  AND ml.movie_id = mk.movie_id
	  AND ml.movie_id = mc.movie_id
	  AND mk.movie_id = mc.movie_id
	  AND ml.movie_id = mi.movie_id
	  AND mk.movie_id = mi.movie_id
	  AND mc.movie_id = mi.movie_id;
	
	
2026-02-06 01:26:11.011 UTC [3042514] AiChaosN@imdbload LOG:  Bao planning selected arm 4, in 189.613000 CPU ms.
2026-02-06 01:26:11.011 UTC [3042514] AiChaosN@imdbload STATEMENT:  SELECT MIN(cn.name) AS from_company,
	       MIN(mc.note) AS production_note,
	       MIN(t.title) AS movie_based_on_book
	FROM company_name AS cn,
	     company_type AS ct,
	     keyword AS k,
	     link_type AS lt,
	     movie_companies AS mc,
	     movie_keyword AS mk,
	     movie_link AS ml,
	     title AS t
	WHERE cn.country_code !='[pl]'
	  AND (cn.name LIKE '20th Century Fox%'
	       OR cn.name LIKE 'Twentieth Century Fox%')
	  AND ct.kind != 'production companies'
	  AND ct.kind IS NOT NULL
	  AND k.keyword IN ('sequel',
	                    'revenge',
	                    'based-on-novel')
	  AND mc.note IS NOT NULL
	  AND t.production_year > 1950
	  AND lt.id = ml.link_type_id
	  AND ml.movie_id = t.id
	  AND t.id = mk.movie_id
	  AND mk.keyword_id = k.id
	  AND t.id = mc.movie_id
	  AND mc.company_type_id = ct.id
	  AND mc.company_id = cn.id
	  AND ml.movie_id = mk.movie_id
	  AND ml.movie_id = mc.movie_id
	  AND mk.movie_id = mc.movie_id;
	
	
2026-02-06 01:26:13.220 UTC [3042525] AiChaosN@imdbload LOG:  Bao planning selected arm 48, in 1901.888000 CPU ms.
2026-02-06 01:26:13.220 UTC [3042525] AiChaosN@imdbload STATEMENT:  SELECT MIN(mi.info) AS movie_budget,
	       MIN(mi_idx.info) AS movie_votes,
	       MIN(n.name) AS writer,
	       MIN(t.title) AS complete_gore_movie
	FROM complete_cast AS cc,
	     comp_cast_type AS cct1,
	     comp_cast_type AS cct2,
	     cast_info AS ci,
	     info_type AS it1,
	     info_type AS it2,
	     keyword AS k,
	     movie_info AS mi,
	     movie_info_idx AS mi_idx,
	     movie_keyword AS mk,
	     name AS n,
	     title AS t
	WHERE cct1.kind IN ('cast',
	                    'crew')
	  AND cct2.kind ='complete+verified'
	  AND ci.note IN ('(writer)',
	                  '(head writer)',
	                  '(written by)',
	                  '(story)',
	                  '(story editor)')
	  AND it1.info = 'genres'
	  AND it2.info = 'votes'
	  AND k.keyword IN ('murder',
	                    'violence',
	                    'blood',
	                    'gore',
	                    'death',
	                    'female-nudity',
	                    'hospital')
	  AND mi.info IN ('Horror',
	                  'Thriller')
	  AND n.gender = 'm'
	  AND t.production_year > 2000
	  AND (t.title LIKE '%Freddy%'
	       OR t.title LIKE '%Jason%'
	       OR t.title LIKE 'Saw%')
	  AND t.id = mi.movie_id
	  AND t.id = mi_idx.movie_id
	  AND t.id = ci.movie_id
	  AND t.id = mk.movie_id
	  AND t.id = cc.movie_id
	  AND ci.movie_id = mi.movie_id
	  AND ci.movie_id = mi_idx.movie_id
	  AND ci.movie_id = mk.movie_id
	  AND ci.movie_id = cc.movie_id
	  AND mi.movie_id = mi_idx.movie_id
	  AND mi.movie_id = mk.movie_id
	  AND mi.movie_id = cc.movie_id
	  AND mi_idx.movie_id = mk.movie_id
	  AND mi_idx.movie_id = cc.movie_id
	  AND mk.movie_id = cc.movie_id
	  AND n.id = ci.person_id
	  AND it1.id = mi.info_type_id
	  AND it2.id = mi_idx.info_type_id
	  AND k.id = mk.keyword_id
	  AND cct1.id = cc.subject_id
	  AND cct2.id = cc.status_id;
	
	
2026-02-06 01:26:24.550 UTC [3042740] AiChaosN@imdbload LOG:  Bao planning selected arm 18, in 1695.937000 CPU ms.
2026-02-06 01:26:24.550 UTC [3042740] AiChaosN@imdbload STATEMENT:  SELECT MIN(chn.name) AS voiced_char_name,
	       MIN(n.name) AS voicing_actress_name,
	       MIN(t.title) AS voiced_action_movie_jap_eng
	FROM aka_name AS an,
	     char_name AS chn,
	     cast_info AS ci,
	     company_name AS cn,
	     info_type AS it,
	     keyword AS k,
	     movie_companies AS mc,
	     movie_info AS mi,
	     movie_keyword AS mk,
	     name AS n,
	     role_type AS rt,
	     title AS t
	WHERE ci.note IN ('(voice)',
	                  '(voice: Japanese version)',
	                  '(voice) (uncredited)',
	                  '(voice: English version)')
	  AND cn.country_code ='[us]'
	  AND it.info = 'release dates'
	  AND k.keyword IN ('hero',
	                    'martial-arts',
	                    'hand-to-hand-combat')
	  AND mi.info IS NOT NULL
	  AND (mi.info LIKE 'Japan:%201%'
	       OR mi.info LIKE 'USA:%201%')
	  AND n.gender ='f'
	  AND n.name LIKE '%An%'
	  AND rt.role ='actress'
	  AND t.production_year > 2010
	  AND t.id = mi.movie_id
	  AND t.id = mc.movie_id
	  AND t.id = ci.movie_id
	  AND t.id = mk.movie_id
	  AND mc.movie_id = ci.movie_id
	  AND mc.movie_id = mi.movie_id
	  AND mc.movie_id = mk.movie_id
	  AND mi.movie_id = ci.movie_id
	  AND mi.movie_id = mk.movie_id
	  AND ci.movie_id = mk.movie_id
	  AND cn.id = mc.company_id
	  AND it.id = mi.info_type_id
	  AND n.id = ci.person_id
	  AND rt.id = ci.role_id
	  AND n.id = an.person_id
	  AND ci.person_id = an.person_id
	  AND chn.id = ci.person_role_id
	  AND k.id = mk.keyword_id;
	
	
2026-02-06 01:26:25.086 UTC [3042798] AiChaosN@imdbload LOG:  Bao planning selected arm 38, in 122.197000 CPU ms.
2026-02-06 01:26:25.086 UTC [3042798] AiChaosN@imdbload STATEMENT:  SELECT MIN(t.title) AS movie_title
	FROM company_name AS cn,
	     keyword AS k,
	     movie_companies AS mc,
	     movie_keyword AS mk,
	     title AS t
	WHERE cn.country_code ='[de]'
	  AND k.keyword ='character-name-in-title'
	  AND cn.id = mc.company_id
	  AND mc.movie_id = t.id
	  AND t.id = mk.movie_id
	  AND mk.keyword_id = k.id
	  AND mc.movie_id = mk.movie_id;
	
	
2026-02-06 01:26:56.945 UTC [3042798] AiChaosN@imdbload ERROR:  canceling statement due to statement timeout
2026-02-06 01:26:56.945 UTC [3042798] AiChaosN@imdbload STATEMENT:  SELECT MIN(t.title) AS movie_title
	FROM company_name AS cn,
	     keyword AS k,
	     movie_companies AS mc,
	     movie_keyword AS mk,
	     title AS t
	WHERE cn.country_code ='[de]'
	  AND k.keyword ='character-name-in-title'
	  AND cn.id = mc.company_id
	  AND mc.movie_id = t.id
	  AND t.id = mk.movie_id
	  AND mk.keyword_id = k.id
	  AND mc.movie_id = mk.movie_id;
	
	
2026-02-06 01:26:57.498 UTC [3043331] AiChaosN@imdbload LOG:  Bao planning selected arm 12, in 503.919000 CPU ms.
2026-02-06 01:26:57.498 UTC [3043331] AiChaosN@imdbload STATEMENT:  SELECT MIN(n.name) AS voicing_actress,
	       MIN(t.title) AS jap_engl_voiced_movie
	FROM aka_name AS an,
	     char_name AS chn,
	     cast_info AS ci,
	     company_name AS cn,
	     info_type AS it,
	     movie_companies AS mc,
	     movie_info AS mi,
	     name AS n,
	     role_type AS rt,
	     title AS t
	WHERE ci.note IN ('(voice)',
	                  '(voice: Japanese version)',
	                  '(voice) (uncredited)',
	                  '(voice: English version)')
	  AND cn.country_code ='[us]'
	  AND it.info = 'release dates'
	  AND n.gender ='f'
	  AND rt.role ='actress'
	  AND t.production_year > 2000
	  AND t.id = mi.movie_id
	  AND t.id = mc.movie_id
	  AND t.id = ci.movie_id
	  AND mc.movie_id = ci.movie_id
	  AND mc.movie_id = mi.movie_id
	  AND mi.movie_id = ci.movie_id
	  AND cn.id = mc.company_id
	  AND it.id = mi.info_type_id
	  AND n.id = ci.person_id
	  AND rt.id = ci.role_id
	  AND n.id = an.person_id
	  AND ci.person_id = an.person_id
	  AND chn.id = ci.person_role_id;
	
	
2026-02-06 01:27:23.132 UTC [3043876] AiChaosN@imdbload LOG:  Bao planning selected arm 12, in 133.796000 CPU ms.
2026-02-06 01:27:23.132 UTC [3043876] AiChaosN@imdbload STATEMENT:  SELECT MIN(t.title) AS movie_title
	FROM keyword AS k,
	     movie_info AS mi,
	     movie_keyword AS mk,
	     title AS t
	WHERE k.keyword LIKE '%sequel%'
	  AND mi.info IN ('Bulgaria')
	  AND t.production_year > 2010
	  AND t.id = mi.movie_id
	  AND t.id = mk.movie_id
	  AND mk.movie_id = mi.movie_id
	  AND k.id = mk.keyword_id;
	
	
2026-02-06 01:27:31.049 UTC [3044018] AiChaosN@imdbload LOG:  Bao planning selected arm 35, in 155.665000 CPU ms.
2026-02-06 01:27:31.049 UTC [3044018] AiChaosN@imdbload STATEMENT:  SELECT MIN(chn.name) AS uncredited_voiced_character,
	       MIN(t.title) AS russian_movie
	FROM char_name AS chn,
	     cast_info AS ci,
	     company_name AS cn,
	     company_type AS ct,
	     movie_companies AS mc,
	     role_type AS rt,
	     title AS t
	WHERE ci.note LIKE '%(voice)%'
	  AND ci.note LIKE '%(uncredited)%'
	  AND cn.country_code = '[ru]'
	  AND rt.role = 'actor'
	  AND t.production_year > 2005
	  AND t.id = mc.movie_id
	  AND t.id = ci.movie_id
	  AND ci.movie_id = mc.movie_id
	  AND chn.id = ci.person_role_id
	  AND rt.id = ci.role_id
	  AND cn.id = mc.company_id
	  AND ct.id = mc.company_type_id;
	
	
2026-02-06 01:27:36.421 UTC [3044115] AiChaosN@imdbload LOG:  Bao planning selected arm 10, in 682.553000 CPU ms.
2026-02-06 01:27:36.421 UTC [3044115] AiChaosN@imdbload STATEMENT:  SELECT MIN(kt.kind) AS movie_kind,
	       MIN(t.title) AS complete_us_internet_movie
	FROM complete_cast AS cc,
	     comp_cast_type AS cct1,
	     company_name AS cn,
	     company_type AS ct,
	     info_type AS it1,
	     keyword AS k,
	     kind_type AS kt,
	     movie_companies AS mc,
	     movie_info AS mi,
	     movie_keyword AS mk,
	     title AS t
	WHERE cct1.kind = 'complete+verified'
	  AND cn.country_code = '[us]'
	  AND it1.info = 'release dates'
	  AND kt.kind IN ('movie',
	                  'tv movie',
	                  'video movie',
	                  'video game')
	  AND mi.note LIKE '%internet%'
	  AND mi.info IS NOT NULL
	  AND (mi.info LIKE 'USA:% 199%'
	       OR mi.info LIKE 'USA:% 200%')
	  AND t.production_year > 1990
	  AND kt.id = t.kind_id
	  AND t.id = mi.movie_id
	  AND t.id = mk.movie_id
	  AND t.id = mc.movie_id
	  AND t.id = cc.movie_id
	  AND mk.movie_id = mi.movie_id
	  AND mk.movie_id = mc.movie_id
	  AND mk.movie_id = cc.movie_id
	  AND mi.movie_id = mc.movie_id
	  AND mi.movie_id = cc.movie_id
	  AND mc.movie_id = cc.movie_id
	  AND k.id = mk.keyword_id
	  AND it1.id = mi.info_type_id
	  AND cn.id = mc.company_id
	  AND ct.id = mc.company_type_id
	  AND cct1.id = cc.status_id;
	
	
2026-02-06 01:27:47.314 UTC [3044184] AiChaosN@imdbload LOG:  Bao planning selected arm 39, in 8684.500000 CPU ms.
2026-02-06 01:27:47.314 UTC [3044184] AiChaosN@imdbload STATEMENT:  SELECT MIN(cn.name) AS movie_company,
	       MIN(mi_idx.info) AS rating,
	       MIN(t.title) AS complete_euro_dark_movie
	FROM complete_cast AS cc,
	     comp_cast_type AS cct1,
	     comp_cast_type AS cct2,
	     company_name AS cn,
	     company_type AS ct,
	     info_type AS it1,
	     info_type AS it2,
	     keyword AS k,
	     kind_type AS kt,
	     movie_companies AS mc,
	     movie_info AS mi,
	     movie_info_idx AS mi_idx,
	     movie_keyword AS mk,
	     title AS t
	WHERE cct1.kind = 'cast'
	  AND cct2.kind = 'complete'
	  AND cn.country_code != '[us]'
	  AND it1.info = 'countries'
	  AND it2.info = 'rating'
	  AND k.keyword IN ('murder',
	                    'murder-in-title',
	                    'blood',
	                    'violence')
	  AND kt.kind IN ('movie',
	                  'episode')
	  AND mc.note NOT LIKE '%(USA)%'
	  AND mc.note LIKE '%(200%)%'
	  AND mi.info IN ('Sweden',
	                  'Norway',
	                  'Germany',
	                  'Denmark',
	                  'Swedish',
	                  'Danish',
	                  'Norwegian',
	                  'German',
	                  'USA',
	                  'American')
	  AND mi_idx.info < '8.5'
	  AND t.production_year > 2005
	  AND kt.id = t.kind_id
	  AND t.id = mi.movie_id
	  AND t.id = mk.movie_id
	  AND t.id = mi_idx.movie_id
	  AND t.id = mc.movie_id
	  AND t.id = cc.movie_id
	  AND mk.movie_id = mi.movie_id
	  AND mk.movie_id = mi_idx.movie_id
	  AND mk.movie_id = mc.movie_id
	  AND mk.movie_id = cc.movie_id
	  AND mi.movie_id = mi_idx.movie_id
	  AND mi.movie_id = mc.movie_id
	  AND mi.movie_id = cc.movie_id
	  AND mc.movie_id = mi_idx.movie_id
	  AND mc.movie_id = cc.movie_id
	  AND mi_idx.movie_id = cc.movie_id
	  AND k.id = mk.keyword_id
	  AND it1.id = mi.info_type_id
	  AND it2.id = mi_idx.info_type_id
	  AND ct.id = mc.company_type_id
	  AND cn.id = mc.company_id
	  AND cct1.id = cc.subject_id
	  AND cct2.id = cc.status_id;
	
	
2026-02-06 01:27:54.112 UTC [3044436] AiChaosN@imdbload LOG:  Bao planning selected arm 27, in 738.582000 CPU ms.
2026-02-06 01:27:54.112 UTC [3044436] AiChaosN@imdbload STATEMENT:  SELECT MIN(cn.name) AS movie_company,
	       MIN(mi_idx.info) AS rating,
	       MIN(t.title) AS western_violent_movie
	FROM company_name AS cn,
	     company_type AS ct,
	     info_type AS it1,
	     info_type AS it2,
	     keyword AS k,
	     kind_type AS kt,
	     movie_companies AS mc,
	     movie_info AS mi,
	     movie_info_idx AS mi_idx,
	     movie_keyword AS mk,
	     title AS t
	WHERE cn.country_code != '[us]'
	  AND it1.info = 'countries'
	  AND it2.info = 'rating'
	  AND k.keyword IN ('murder',
	                    'murder-in-title',
	                    'blood',
	                    'violence')
	  AND kt.kind IN ('movie',
	                  'episode')
	  AND mi.info IN ('Sweden',
	                  'Norway',
	                  'Germany',
	                  'Denmark',
	                  'Swedish',
	                  'Danish',
	                  'Norwegian',
	                  'German',
	                  'USA',
	                  'American')
	  AND mi_idx.info < '8.5'
	  AND t.production_year > 2005
	  AND kt.id = t.kind_id
	  AND t.id = mi.movie_id
	  AND t.id = mk.movie_id
	  AND t.id = mi_idx.movie_id
	  AND t.id = mc.movie_id
	  AND mk.movie_id = mi.movie_id
	  AND mk.movie_id = mi_idx.movie_id
	  AND mk.movie_id = mc.movie_id
	  AND mi.movie_id = mi_idx.movie_id
	  AND mi.movie_id = mc.movie_id
	  AND mc.movie_id = mi_idx.movie_id
	  AND k.id = mk.keyword_id
	  AND it1.id = mi.info_type_id
	  AND it2.id = mi_idx.info_type_id
	  AND ct.id = mc.company_type_id
	  AND cn.id = mc.company_id;
	
	
2026-02-06 01:27:59.618 UTC [3044555] AiChaosN@imdbload LOG:  Bao planning selected arm 9, in 189.394000 CPU ms.
2026-02-06 01:27:59.618 UTC [3044555] AiChaosN@imdbload STATEMENT:  SELECT MIN(mi_idx.info) AS rating,
	       MIN(t.title) AS northern_dark_movie
	FROM info_type AS it1,
	     info_type AS it2,
	     keyword AS k,
	     kind_type AS kt,
	     movie_info AS mi,
	     movie_info_idx AS mi_idx,
	     movie_keyword AS mk,
	     title AS t
	WHERE it1.info = 'countries'
	  AND it2.info = 'rating'
	  AND k.keyword IN ('murder',
	                    'murder-in-title',
	                    'blood',
	                    'violence')
	  AND kt.kind = 'movie'
	  AND mi.info IN ('Sweden',
	                  'Norway',
	                  'Germany',
	                  'Denmark',
	                  'Swedish',
	                  'Denish',
	                  'Norwegian',
	                  'German',
	                  'USA',
	                  'American')
	  AND mi_idx.info < '8.5'
	  AND t.production_year > 2010
	  AND kt.id = t.kind_id
	  AND t.id = mi.movie_id
	  AND t.id = mk.movie_id
	  AND t.id = mi_idx.movie_id
	  AND mk.movie_id = mi.movie_id
	  AND mk.movie_id = mi_idx.movie_id
	  AND mi.movie_id = mi_idx.movie_id
	  AND k.id = mk.keyword_id
	  AND it1.id = mi.info_type_id
	  AND it2.id = mi_idx.info_type_id;
	
	
2026-02-06 01:28:31.401 UTC [3044555] AiChaosN@imdbload ERROR:  canceling statement due to statement timeout
2026-02-06 01:28:31.401 UTC [3044555] AiChaosN@imdbload STATEMENT:  SELECT MIN(mi_idx.info) AS rating,
	       MIN(t.title) AS northern_dark_movie
	FROM info_type AS it1,
	     info_type AS it2,
	     keyword AS k,
	     kind_type AS kt,
	     movie_info AS mi,
	     movie_info_idx AS mi_idx,
	     movie_keyword AS mk,
	     title AS t
	WHERE it1.info = 'countries'
	  AND it2.info = 'rating'
	  AND k.keyword IN ('murder',
	                    'murder-in-title',
	                    'blood',
	                    'violence')
	  AND kt.kind = 'movie'
	  AND mi.info IN ('Sweden',
	                  'Norway',
	                  'Germany',
	                  'Denmark',
	                  'Swedish',
	                  'Denish',
	                  'Norwegian',
	                  'German',
	                  'USA',
	                  'American')
	  AND mi_idx.info < '8.5'
	  AND t.production_year > 2010
	  AND kt.id = t.kind_id
	  AND t.id = mi.movie_id
	  AND t.id = mk.movie_id
	  AND t.id = mi_idx.movie_id
	  AND mk.movie_id = mi.movie_id
	  AND mk.movie_id = mi_idx.movie_id
	  AND mi.movie_id = mi_idx.movie_id
	  AND k.id = mk.keyword_id
	  AND it1.id = mi.info_type_id
	  AND it2.id = mi_idx.info_type_id;
	
	
2026-02-06 01:28:31.697 UTC [3045099] AiChaosN@imdbload LOG:  Bao planning selected arm 3, in 254.345000 CPU ms.
2026-02-06 01:28:31.697 UTC [3045099] AiChaosN@imdbload STATEMENT:  SELECT MIN(cn.name) AS producing_company,
	       MIN(miidx.info) AS rating,
	       MIN(t.title) AS movie_about_winning
	FROM company_name AS cn,
	     company_type AS ct,
	     info_type AS it,
	     info_type AS it2,
	     kind_type AS kt,
	     movie_companies AS mc,
	     movie_info AS mi,
	     movie_info_idx AS miidx,
	     title AS t
	WHERE cn.country_code ='[us]'
	  AND ct.kind ='production companies'
	  AND it.info ='rating'
	  AND it2.info ='release dates'
	  AND kt.kind ='movie'
	  AND t.title != ''
	  AND (t.title LIKE '%Champion%'
	       OR t.title LIKE '%Loser%')
	  AND mi.movie_id = t.id
	  AND it2.id = mi.info_type_id
	  AND kt.id = t.kind_id
	  AND mc.movie_id = t.id
	  AND cn.id = mc.company_id
	  AND ct.id = mc.company_type_id
	  AND miidx.movie_id = t.id
	  AND it.id = miidx.info_type_id
	  AND mi.movie_id = miidx.movie_id
	  AND mi.movie_id = mc.movie_id
	  AND miidx.movie_id = mc.movie_id;
	
	
2026-02-06 01:28:32.683 UTC [3045118] AiChaosN@imdbload LOG:  Bao planning selected arm 34, in 197.647000 CPU ms.
2026-02-06 01:28:32.683 UTC [3045118] AiChaosN@imdbload STATEMENT:  SELECT MIN(an.name) AS alternative_name,
	       MIN(chn.name) AS voiced_character_name,
	       MIN(n.name) AS voicing_actress,
	       MIN(t.title) AS american_movie
	FROM aka_name AS an,
	     char_name AS chn,
	     cast_info AS ci,
	     company_name AS cn,
	     movie_companies AS mc,
	     name AS n,
	     role_type AS rt,
	     title AS t
	WHERE ci.note IN ('(voice)',
	                  '(voice: Japanese version)',
	                  '(voice) (uncredited)',
	                  '(voice: English version)')
	  AND cn.country_code ='[us]'
	  AND n.gender ='f'
	  AND n.name LIKE '%An%'
	  AND rt.role ='actress'
	  AND ci.movie_id = t.id
	  AND t.id = mc.movie_id
	  AND ci.movie_id = mc.movie_id
	  AND mc.company_id = cn.id
	  AND ci.role_id = rt.id
	  AND n.id = ci.person_id
	  AND chn.id = ci.person_role_id
	  AND an.person_id = n.id
	  AND an.person_id = ci.person_id;
	
	
2026-02-06 01:28:52.340 UTC [3045445] AiChaosN@imdbload LOG:  Bao planning selected arm 9, in 1706.543000 CPU ms.
2026-02-06 01:28:52.340 UTC [3045445] AiChaosN@imdbload STATEMENT:  SELECT MIN(mi.info) AS movie_budget,
	       MIN(mi_idx.info) AS movie_votes,
	       MIN(n.name) AS writer,
	       MIN(t.title) AS complete_violent_movie
	FROM complete_cast AS cc,
	     comp_cast_type AS cct1,
	     comp_cast_type AS cct2,
	     cast_info AS ci,
	     info_type AS it1,
	     info_type AS it2,
	     keyword AS k,
	     movie_info AS mi,
	     movie_info_idx AS mi_idx,
	     movie_keyword AS mk,
	     name AS n,
	     title AS t
	WHERE cct1.kind = 'cast'
	  AND cct2.kind ='complete+verified'
	  AND ci.note IN ('(writer)',
	                  '(head writer)',
	                  '(written by)',
	                  '(story)',
	                  '(story editor)')
	  AND it1.info = 'genres'
	  AND it2.info = 'votes'
	  AND k.keyword IN ('murder',
	                    'violence',
	                    'blood',
	                    'gore',
	                    'death',
	                    'female-nudity',
	                    'hospital')
	  AND mi.info IN ('Horror',
	                  'Action',
	                  'Sci-Fi',
	                  'Thriller',
	                  'Crime',
	                  'War')
	  AND n.gender = 'm'
	  AND t.id = mi.movie_id
	  AND t.id = mi_idx.movie_id
	  AND t.id = ci.movie_id
	  AND t.id = mk.movie_id
	  AND t.id = cc.movie_id
	  AND ci.movie_id = mi.movie_id
	  AND ci.movie_id = mi_idx.movie_id
	  AND ci.movie_id = mk.movie_id
	  AND ci.movie_id = cc.movie_id
	  AND mi.movie_id = mi_idx.movie_id
	  AND mi.movie_id = mk.movie_id
	  AND mi.movie_id = cc.movie_id
	  AND mi_idx.movie_id = mk.movie_id
	  AND mi_idx.movie_id = cc.movie_id
	  AND mk.movie_id = cc.movie_id
	  AND n.id = ci.person_id
	  AND it1.id = mi.info_type_id
	  AND it2.id = mi_idx.info_type_id
	  AND k.id = mk.keyword_id
	  AND cct1.id = cc.subject_id
	  AND cct2.id = cc.status_id;
	
	
2026-02-06 01:29:26.324 UTC [3045526] AiChaosN@imdbload ERROR:  canceling statement due to statement timeout
2026-02-06 01:29:26.324 UTC [3045526] AiChaosN@imdbload STATEMENT:  SELECT MIN(chn.name) AS voiced_char,
	       MIN(n.name) AS voicing_actress,
	       MIN(t.title) AS voiced_animation
	FROM aka_name AS an,
	     complete_cast AS cc,
	     comp_cast_type AS cct1,
	     comp_cast_type AS cct2,
	     char_name AS chn,
	     cast_info AS ci,
	     company_name AS cn,
	     info_type AS it,
	     info_type AS it3,
	     keyword AS k,
	     movie_companies AS mc,
	     movie_info AS mi,
	     movie_keyword AS mk,
	     name AS n,
	     person_info AS pi1,
	     role_type AS rt,
	     title AS t
	WHERE cct1.kind ='cast'
	  AND cct2.kind ='complete+verified'
	  AND ci.note IN ('(voice)',
	                  '(voice: Japanese version)',
	                  '(voice) (uncredited)',
	                  '(voice: English version)')
	  AND cn.country_code ='[us]'
	  AND it.info = 'release dates'
	  AND it3.info = 'trivia'
	  AND k.keyword = 'computer-animation'
	  AND mi.info IS NOT NULL
	  AND (mi.info LIKE 'Japan:%200%'
	       OR mi.info LIKE 'USA:%200%')
	  AND n.gender ='f'
	  AND n.name LIKE '%An%'
	  AND rt.role ='actress'
	  AND t.production_year BETWEEN 2000 AND 2010
	  AND t.id = mi.movie_id
	  AND t.id = mc.movie_id
	  AND t.id = ci.movie_id
	  AND t.id = mk.movie_id
	  AND t.id = cc.movie_id
	  AND mc.movie_id = ci.movie_id
	  AND mc.movie_id = mi.movie_id
	  AND mc.movie_id = mk.movie_id
	  AND mc.movie_id = cc.movie_id
	  AND mi.movie_id = ci.movie_id
	  AND mi.movie_id = mk.movie_id
	  AND mi.movie_id = cc.movie_id
	  AND ci.movie_id = mk.movie_id
	  AND ci.movie_id = cc.movie_id
	  AND mk.movie_id = cc.movie_id
	  AND cn.id = mc.company_id
	  AND it.id = mi.info_type_id
	  AND n.id = ci.person_id
	  AND rt.id = ci.role_id
	  AND n.id = an.person_id
	  AND ci.person_id = an.person_id
	  AND chn.id = ci.person_role_id
	  AND n.id = pi1.person_id
	  AND ci.person_id = pi1.person_id
	  AND it3.id = pi1.info_type_id
	  AND k.id = mk.keyword_id
	  AND cct1.id = cc.subject_id
	  AND cct2.id = cc.status_id;
	
	
2026-02-06 01:29:35.306 UTC [3046207] AiChaosN@imdbload LOG:  Bao planning selected arm 5, in 2073.079000 CPU ms.
2026-02-06 01:29:35.306 UTC [3046207] AiChaosN@imdbload STATEMENT:  SELECT MIN(cn.name) AS producing_company,
	       MIN(lt.link) AS link_type,
	       MIN(t.title) AS complete_western_sequel
	FROM complete_cast AS cc,
	     comp_cast_type AS cct1,
	     comp_cast_type AS cct2,
	     company_name AS cn,
	     company_type AS ct,
	     keyword AS k,
	     link_type AS lt,
	     movie_companies AS mc,
	     movie_info AS mi,
	     movie_keyword AS mk,
	     movie_link AS ml,
	     title AS t
	WHERE cct1.kind IN ('cast',
	                    'crew')
	  AND cct2.kind = 'complete'
	  AND cn.country_code !='[pl]'
	  AND (cn.name LIKE '%Film%'
	       OR cn.name LIKE '%Warner%')
	  AND ct.kind ='production companies'
	  AND k.keyword ='sequel'
	  AND lt.link LIKE '%follow%'
	  AND mc.note IS NULL
	  AND mi.info IN ('Sweden',
	                  'Germany',
	                  'Swedish',
	                  'German')
	  AND t.production_year = 1998
	  AND lt.id = ml.link_type_id
	  AND ml.movie_id = t.id
	  AND t.id = mk.movie_id
	  AND mk.keyword_id = k.id
	  AND t.id = mc.movie_id
	  AND mc.company_type_id = ct.id
	  AND mc.company_id = cn.id
	  AND mi.movie_id = t.id
	  AND t.id = cc.movie_id
	  AND cct1.id = cc.subject_id
	  AND cct2.id = cc.status_id
	  AND ml.movie_id = mk.movie_id
	  AND ml.movie_id = mc.movie_id
	  AND mk.movie_id = mc.movie_id
	  AND ml.movie_id = mi.movie_id
	  AND mk.movie_id = mi.movie_id
	  AND mc.movie_id = mi.movie_id
	  AND ml.movie_id = cc.movie_id
	  AND mk.movie_id = cc.movie_id
	  AND mc.movie_id = cc.movie_id
	  AND mi.movie_id = cc.movie_id;
	
	
2026-02-06 01:29:35.615 UTC [3046272] AiChaosN@imdbload LOG:  Bao planning selected arm 0, in 195.314000 CPU ms.
2026-02-06 01:29:35.615 UTC [3046272] AiChaosN@imdbload STATEMENT:  SELECT MIN(cn.name) AS from_company,
	       MIN(mc.note) AS production_note,
	       MIN(t.title) AS movie_based_on_book
	FROM company_name AS cn,
	     company_type AS ct,
	     keyword AS k,
	     link_type AS lt,
	     movie_companies AS mc,
	     movie_keyword AS mk,
	     movie_link AS ml,
	     title AS t
	WHERE cn.country_code !='[pl]'
	  AND ct.kind != 'production companies'
	  AND ct.kind IS NOT NULL
	  AND k.keyword IN ('sequel',
	                    'revenge',
	                    'based-on-novel')
	  AND mc.note IS NOT NULL
	  AND t.production_year > 1950
	  AND lt.id = ml.link_type_id
	  AND ml.movie_id = t.id
	  AND t.id = mk.movie_id
	  AND mk.keyword_id = k.id
	  AND t.id = mc.movie_id
	  AND mc.company_type_id = ct.id
	  AND mc.company_id = cn.id
	  AND ml.movie_id = mk.movie_id
	  AND ml.movie_id = mc.movie_id
	  AND mk.movie_id = mc.movie_id;
	
	
2026-02-06 01:29:35.976 UTC [3046286] AiChaosN@imdbload LOG:  Bao planning selected arm 35, in 193.215000 CPU ms.
2026-02-06 01:29:35.976 UTC [3046286] AiChaosN@imdbload STATEMENT:  SELECT MIN(n.name) AS of_person,
	       MIN(t.title) AS biography_movie
	FROM aka_name AS an,
	     cast_info AS ci,
	     info_type AS it,
	     link_type AS lt,
	     movie_link AS ml,
	     name AS n,
	     person_info AS pi1,
	     title AS t
	WHERE an.name LIKE '%a%'
	  AND it.info ='mini biography'
	  AND lt.link ='features'
	  AND n.name_pcode_cf BETWEEN 'A' AND 'F'
	  AND (n.gender='m'
	       OR (n.gender = 'f'
	           AND n.name LIKE 'B%'))
	  AND pi1.note ='Volker Boehm'
	  AND t.production_year BETWEEN 1980 AND 1995
	  AND n.id = an.person_id
	  AND n.id = pi1.person_id
	  AND ci.person_id = n.id
	  AND t.id = ci.movie_id
	  AND ml.linked_movie_id = t.id
	  AND lt.id = ml.link_type_id
	  AND it.id = pi1.info_type_id
	  AND pi1.person_id = an.person_id
	  AND pi1.person_id = ci.person_id
	  AND an.person_id = ci.person_id
	  AND ci.movie_id = ml.linked_movie_id;
	
	
2026-02-06 01:30:07.752 UTC [3046286] AiChaosN@imdbload ERROR:  canceling statement due to statement timeout
2026-02-06 01:30:07.752 UTC [3046286] AiChaosN@imdbload STATEMENT:  SELECT MIN(n.name) AS of_person,
	       MIN(t.title) AS biography_movie
	FROM aka_name AS an,
	     cast_info AS ci,
	     info_type AS it,
	     link_type AS lt,
	     movie_link AS ml,
	     name AS n,
	     person_info AS pi1,
	     title AS t
	WHERE an.name LIKE '%a%'
	  AND it.info ='mini biography'
	  AND lt.link ='features'
	  AND n.name_pcode_cf BETWEEN 'A' AND 'F'
	  AND (n.gender='m'
	       OR (n.gender = 'f'
	           AND n.name LIKE 'B%'))
	  AND pi1.note ='Volker Boehm'
	  AND t.production_year BETWEEN 1980 AND 1995
	  AND n.id = an.person_id
	  AND n.id = pi1.person_id
	  AND ci.person_id = n.id
	  AND t.id = ci.movie_id
	  AND ml.linked_movie_id = t.id
	  AND lt.id = ml.link_type_id
	  AND it.id = pi1.info_type_id
	  AND pi1.person_id = an.person_id
	  AND pi1.person_id = ci.person_id
	  AND an.person_id = ci.person_id
	  AND ci.movie_id = ml.linked_movie_id;
	
	
2026-02-06 01:30:14.777 UTC [3046810] AiChaosN@imdbload LOG:  Bao planning selected arm 28, in 6938.902000 CPU ms.
2026-02-06 01:30:14.777 UTC [3046810] AiChaosN@imdbload STATEMENT:  SELECT MIN(cn1.name) AS first_company,
	       MIN(cn2.name) AS second_company,
	       MIN(mii1.info) AS first_rating,
	       MIN(mii2.info) AS second_rating,
	       MIN(t1.title) AS first_movie,
	       MIN(t2.title) AS second_movie
	FROM company_name AS cn1,
	     company_name AS cn2,
	     info_type AS it1,
	     info_type AS it2,
	     kind_type AS kt1,
	     kind_type AS kt2,
	     link_type AS lt,
	     movie_companies AS mc1,
	     movie_companies AS mc2,
	     movie_info_idx AS mii1,
	     movie_info_idx AS mii2,
	     movie_link AS ml,
	     title AS t1,
	     title AS t2
	WHERE cn1.country_code = '[nl]'
	  AND it1.info = 'rating'
	  AND it2.info = 'rating'
	  AND kt1.kind IN ('tv series')
	  AND kt2.kind IN ('tv series')
	  AND lt.link LIKE '%follow%'
	  AND mii2.info < '3.0'
	  AND t2.production_year = 2007
	  AND lt.id = ml.link_type_id
	  AND t1.id = ml.movie_id
	  AND t2.id = ml.linked_movie_id
	  AND it1.id = mii1.info_type_id
	  AND t1.id = mii1.movie_id
	  AND kt1.id = t1.kind_id
	  AND cn1.id = mc1.company_id
	  AND t1.id = mc1.movie_id
	  AND ml.movie_id = mii1.movie_id
	  AND ml.movie_id = mc1.movie_id
	  AND mii1.movie_id = mc1.movie_id
	  AND it2.id = mii2.info_type_id
	  AND t2.id = mii2.movie_id
	  AND kt2.id = t2.kind_id
	  AND cn2.id = mc2.company_id
	  AND t2.id = mc2.movie_id
	  AND ml.linked_movie_id = mii2.movie_id
	  AND ml.linked_movie_id = mc2.movie_id
	  AND mii2.movie_id = mc2.movie_id;
	
	
2026-02-06 01:30:15.124 UTC [3046941] AiChaosN@imdbload LOG:  Bao planning selected arm 37, in 127.281000 CPU ms.
2026-02-06 01:30:15.124 UTC [3046941] AiChaosN@imdbload STATEMENT:  SELECT MIN(mi_idx.info) AS rating,
	       MIN(t.title) AS movie_title
	FROM info_type AS it,
	     keyword AS k,
	     movie_info_idx AS mi_idx,
	     movie_keyword AS mk,
	     title AS t
	WHERE it.info ='rating'
	  AND k.keyword LIKE '%sequel%'
	  AND mi_idx.info > '2.0'
	  AND t.production_year > 1990
	  AND t.id = mi_idx.movie_id
	  AND t.id = mk.movie_id
	  AND mk.movie_id = mi_idx.movie_id
	  AND k.id = mk.keyword_id
	  AND it.id = mi_idx.info_type_id;
	
	
2026-02-06 01:30:46.975 UTC [3046941] AiChaosN@imdbload ERROR:  canceling statement due to statement timeout
2026-02-06 01:30:46.975 UTC [3046941] AiChaosN@imdbload STATEMENT:  SELECT MIN(mi_idx.info) AS rating,
	       MIN(t.title) AS movie_title
	FROM info_type AS it,
	     keyword AS k,
	     movie_info_idx AS mi_idx,
	     movie_keyword AS mk,
	     title AS t
	WHERE it.info ='rating'
	  AND k.keyword LIKE '%sequel%'
	  AND mi_idx.info > '2.0'
	  AND t.production_year > 1990
	  AND t.id = mi_idx.movie_id
	  AND t.id = mk.movie_id
	  AND mk.movie_id = mi_idx.movie_id
	  AND k.id = mk.keyword_id
	  AND it.id = mi_idx.info_type_id;
	
	
2026-02-06 01:30:47.148 UTC [3047484] AiChaosN@imdbload LOG:  Bao planning selected arm 38, in 141.942000 CPU ms.
2026-02-06 01:30:47.148 UTC [3047484] AiChaosN@imdbload STATEMENT:  SELECT MIN(k.keyword) AS movie_keyword,
	       MIN(n.name) AS actor_name,
	       MIN(t.title) AS hero_movie
	FROM cast_info AS ci,
	     keyword AS k,
	     movie_keyword AS mk,
	     name AS n,
	     title AS t
	WHERE k.keyword IN ('superhero',
	                    'sequel',
	                    'second-part',
	                    'marvel-comics',
	                    'based-on-comic',
	                    'tv-special',
	                    'fight',
	                    'violence')
	  AND t.production_year > 2000
	  AND k.id = mk.keyword_id
	  AND t.id = mk.movie_id
	  AND t.id = ci.movie_id
	  AND ci.movie_id = mk.movie_id
	  AND n.id = ci.person_id;
	
	
2026-02-06 01:31:18.984 UTC [3047484] AiChaosN@imdbload ERROR:  canceling statement due to statement timeout
2026-02-06 01:31:18.984 UTC [3047484] AiChaosN@imdbload STATEMENT:  SELECT MIN(k.keyword) AS movie_keyword,
	       MIN(n.name) AS actor_name,
	       MIN(t.title) AS hero_movie
	FROM cast_info AS ci,
	     keyword AS k,
	     movie_keyword AS mk,
	     name AS n,
	     title AS t
	WHERE k.keyword IN ('superhero',
	                    'sequel',
	                    'second-part',
	                    'marvel-comics',
	                    'based-on-comic',
	                    'tv-special',
	                    'fight',
	                    'violence')
	  AND t.production_year > 2000
	  AND k.id = mk.keyword_id
	  AND t.id = mk.movie_id
	  AND t.id = ci.movie_id
	  AND ci.movie_id = mk.movie_id
	  AND n.id = ci.person_id;
	
	
2026-02-06 01:31:20.857 UTC [3048007] AiChaosN@imdbload LOG:  Bao planning selected arm 5, in 1824.971000 CPU ms.
2026-02-06 01:31:20.857 UTC [3048007] AiChaosN@imdbload STATEMENT:  SELECT MIN(cn.name) AS producing_company,
	       MIN(lt.link) AS link_type,
	       MIN(t.title) AS complete_western_sequel
	FROM complete_cast AS cc,
	     comp_cast_type AS cct1,
	     comp_cast_type AS cct2,
	     company_name AS cn,
	     company_type AS ct,
	     keyword AS k,
	     link_type AS lt,
	     movie_companies AS mc,
	     movie_info AS mi,
	     movie_keyword AS mk,
	     movie_link AS ml,
	     title AS t
	WHERE cct1.kind IN ('cast',
	                    'crew')
	  AND cct2.kind = 'complete'
	  AND cn.country_code !='[pl]'
	  AND (cn.name LIKE '%Film%'
	       OR cn.name LIKE '%Warner%')
	  AND ct.kind ='production companies'
	  AND k.keyword ='sequel'
	  AND lt.link LIKE '%follow%'
	  AND mc.note IS NULL
	  AND mi.info IN ('Sweden',
	                  'Germany',
	                  'Swedish',
	                  'German')
	  AND t.production_year BETWEEN 1950 AND 2000
	  AND lt.id = ml.link_type_id
	  AND ml.movie_id = t.id
	  AND t.id = mk.movie_id
	  AND mk.keyword_id = k.id
	  AND t.id = mc.movie_id
	  AND mc.company_type_id = ct.id
	  AND mc.company_id = cn.id
	  AND mi.movie_id = t.id
	  AND t.id = cc.movie_id
	  AND cct1.id = cc.subject_id
	  AND cct2.id = cc.status_id
	  AND ml.movie_id = mk.movie_id
	  AND ml.movie_id = mc.movie_id
	  AND mk.movie_id = mc.movie_id
	  AND ml.movie_id = mi.movie_id
	  AND mk.movie_id = mi.movie_id
	  AND mc.movie_id = mi.movie_id
	  AND ml.movie_id = cc.movie_id
	  AND mk.movie_id = cc.movie_id
	  AND mc.movie_id = cc.movie_id
	  AND mi.movie_id = cc.movie_id;
	
	
2026-02-06 01:31:21.167 UTC [3048052] AiChaosN@imdbload LOG:  Bao planning selected arm 38, in 202.027000 CPU ms.
2026-02-06 01:31:21.167 UTC [3048052] AiChaosN@imdbload STATEMENT:  SELECT MIN(an.name) AS cool_actor_pseudonym,
	       MIN(t.title) AS series_named_after_char
	FROM aka_name AS an,
	     cast_info AS ci,
	     company_name AS cn,
	     keyword AS k,
	     movie_companies AS mc,
	     movie_keyword AS mk,
	     name AS n,
	     title AS t
	WHERE cn.country_code ='[us]'
	  AND k.keyword ='character-name-in-title'
	  AND t.episode_nr < 100
	  AND an.person_id = n.id
	  AND n.id = ci.person_id
	  AND ci.movie_id = t.id
	  AND t.id = mk.movie_id
	  AND mk.keyword_id = k.id
	  AND t.id = mc.movie_id
	  AND mc.company_id = cn.id
	  AND an.person_id = ci.person_id
	  AND ci.movie_id = mc.movie_id
	  AND ci.movie_id = mk.movie_id
	  AND mc.movie_id = mk.movie_id;
	
	
2026-02-06 01:31:52.937 UTC [3048052] AiChaosN@imdbload ERROR:  canceling statement due to statement timeout
2026-02-06 01:31:52.937 UTC [3048052] AiChaosN@imdbload STATEMENT:  SELECT MIN(an.name) AS cool_actor_pseudonym,
	       MIN(t.title) AS series_named_after_char
	FROM aka_name AS an,
	     cast_info AS ci,
	     company_name AS cn,
	     keyword AS k,
	     movie_companies AS mc,
	     movie_keyword AS mk,
	     name AS n,
	     title AS t
	WHERE cn.country_code ='[us]'
	  AND k.keyword ='character-name-in-title'
	  AND t.episode_nr < 100
	  AND an.person_id = n.id
	  AND n.id = ci.person_id
	  AND ci.movie_id = t.id
	  AND t.id = mk.movie_id
	  AND mk.keyword_id = k.id
	  AND t.id = mc.movie_id
	  AND mc.company_id = cn.id
	  AND an.person_id = ci.person_id
	  AND ci.movie_id = mc.movie_id
	  AND ci.movie_id = mk.movie_id
	  AND mc.movie_id = mk.movie_id;
	
	
2026-02-06 01:31:53.721 UTC [3048606] AiChaosN@imdbload LOG:  Bao planning selected arm 12, in 734.353000 CPU ms.
2026-02-06 01:31:53.721 UTC [3048606] AiChaosN@imdbload STATEMENT:  SELECT MIN(kt.kind) AS movie_kind,
	       MIN(t.title) AS complete_us_internet_movie
	FROM complete_cast AS cc,
	     comp_cast_type AS cct1,
	     company_name AS cn,
	     company_type AS ct,
	     info_type AS it1,
	     keyword AS k,
	     kind_type AS kt,
	     movie_companies AS mc,
	     movie_info AS mi,
	     movie_keyword AS mk,
	     title AS t
	WHERE cct1.kind = 'complete+verified'
	  AND cn.country_code = '[us]'
	  AND it1.info = 'release dates'
	  AND kt.kind IN ('movie')
	  AND mi.note LIKE '%internet%'
	  AND mi.info IS NOT NULL
	  AND (mi.info LIKE 'USA:% 199%'
	       OR mi.info LIKE 'USA:% 200%')
	  AND t.production_year > 2000
	  AND kt.id = t.kind_id
	  AND t.id = mi.movie_id
	  AND t.id = mk.movie_id
	  AND t.id = mc.movie_id
	  AND t.id = cc.movie_id
	  AND mk.movie_id = mi.movie_id
	  AND mk.movie_id = mc.movie_id
	  AND mk.movie_id = cc.movie_id
	  AND mi.movie_id = mc.movie_id
	  AND mi.movie_id = cc.movie_id
	  AND mc.movie_id = cc.movie_id
	  AND k.id = mk.keyword_id
	  AND it1.id = mi.info_type_id
	  AND cn.id = mc.company_id
	  AND ct.id = mc.company_type_id
	  AND cct1.id = cc.status_id;
	
	
2026-02-06 01:32:04.002 UTC [3048793] AiChaosN@imdbload LOG:  Bao planning selected arm 36, in 654.289000 CPU ms.
2026-02-06 01:32:04.002 UTC [3048793] AiChaosN@imdbload STATEMENT:  SELECT COUNT(*) FROM title as t,
	kind_type as kt,
	info_type as it1,
	movie_info as mi1,
	movie_info as mi2,
	info_type as it2,
	cast_info as ci,
	role_type as rt,
	name as n,
	movie_keyword as mk,
	keyword as k
	WHERE
	t.id = ci.movie_id
	AND t.id = mi1.movie_id
	AND t.id = mi2.movie_id
	AND t.id = mk.movie_id
	AND k.id = mk.keyword_id
	AND mi1.movie_id = mi2.movie_id
	AND mi1.info_type_id = it1.id
	AND mi2.info_type_id = it2.id
	AND (it1.id in ('8'))
	AND (it2.id in ('6'))
	AND t.kind_id = kt.id
	AND ci.person_id = n.id
	AND ci.role_id = rt.id
	AND (mi1.info in ('Austria','Belgium','Brazil','Hungary','India','Mexico','Poland','Spain'))
	AND (mi2.info in ('Mono','Silent'))
	AND (kt.kind in ('episode','movie','tv movie'))
	AND (rt.role in ('costume designer','production designer'))
	AND (n.gender IS NULL)
	AND (t.production_year <= 1975)
	AND (t.production_year >= 1875)
	AND (k.keyword IN ('based-on-play','cigarette-smoking','friendship','independent-film','jealousy','lesbian-sex','male-nudity','marriage','mother-daughter-relationship','one-word-title','oral-sex','police','singing','song'))
	
2026-02-06 01:33:00.543 UTC [3049272] AiChaosN@imdbload ERROR:  canceling statement due to statement timeout
2026-02-06 01:33:00.543 UTC [3049272] AiChaosN@imdbload STATEMENT:  SELECT MIN(chn.name) AS voiced_char,
	       MIN(n.name) AS voicing_actress,
	       MIN(t.title) AS voiced_animation
	FROM aka_name AS an,
	     complete_cast AS cc,
	     comp_cast_type AS cct1,
	     comp_cast_type AS cct2,
	     char_name AS chn,
	     cast_info AS ci,
	     company_name AS cn,
	     info_type AS it,
	     info_type AS it3,
	     keyword AS k,
	     movie_companies AS mc,
	     movie_info AS mi,
	     movie_keyword AS mk,
	     name AS n,
	     person_info AS pi1,
	     role_type AS rt,
	     title AS t
	WHERE cct1.kind ='cast'
	  AND cct2.kind ='complete+verified'
	  AND chn.name = 'Queen'
	  AND ci.note IN ('(voice)',
	                  '(voice) (uncredited)',
	                  '(voice: English version)')
	  AND cn.country_code ='[us]'
	  AND it.info = 'release dates'
	  AND it3.info = 'height'
	  AND k.keyword = 'computer-animation'
	  AND mi.info LIKE 'USA:%200%'
	  AND n.gender ='f'
	  AND n.name LIKE '%An%'
	  AND rt.role ='actress'
	  AND t.title = 'Shrek 2'
	  AND t.production_year BETWEEN 2000 AND 2005
	  AND t.id = mi.movie_id
	  AND t.id = mc.movie_id
	  AND t.id = ci.movie_id
	  AND t.id = mk.movie_id
	  AND t.id = cc.movie_id
	  AND mc.movie_id = ci.movie_id
	  AND mc.movie_id = mi.movie_id
	  AND mc.movie_id = mk.movie_id
	  AND mc.movie_id = cc.movie_id
	  AND mi.movie_id = ci.movie_id
	  AND mi.movie_id = mk.movie_id
	  AND mi.movie_id = cc.movie_id
	  AND ci.movie_id = mk.movie_id
	  AND ci.movie_id = cc.movie_id
	  AND mk.movie_id = cc.movie_id
	  AND cn.id = mc.company_id
	  AND it.id = mi.info_type_id
	  AND n.id = ci.person_id
	  AND rt.id = ci.role_id
	  AND n.id = an.person_id
	  AND ci.person_id = an.person_id
	  AND chn.id = ci.person_role_id
	  AND n.id = pi1.person_id
	  AND ci.person_id = pi1.person_id
	  AND it3.id = pi1.info_type_id
	  AND k.id = mk.keyword_id
	  AND cct1.id = cc.subject_id
	  AND cct2.id = cc.status_id;
	
	
2026-02-06 01:33:01.080 UTC [3049834] AiChaosN@imdbload LOG:  Bao planning selected arm 3, in 149.532000 CPU ms.
2026-02-06 01:33:01.080 UTC [3049834] AiChaosN@imdbload STATEMENT:  SELECT MIN(t.title) AS movie_title
	FROM company_name AS cn,
	     keyword AS k,
	     movie_companies AS mc,
	     movie_keyword AS mk,
	     title AS t
	WHERE cn.country_code ='[sm]'
	  AND k.keyword ='character-name-in-title'
	  AND cn.id = mc.company_id
	  AND mc.movie_id = t.id
	  AND t.id = mk.movie_id
	  AND mk.keyword_id = k.id
	  AND mc.movie_id = mk.movie_id;
	
	
2026-02-06 01:33:07.579 UTC [3049846] AiChaosN@imdbload LOG:  Bao planning selected arm 10, in 5822.649000 CPU ms.
2026-02-06 01:33:07.579 UTC [3049846] AiChaosN@imdbload STATEMENT:  SELECT MIN(cn.name) AS movie_company,
	       MIN(mi_idx.info) AS rating,
	       MIN(t.title) AS complete_euro_dark_movie
	FROM complete_cast AS cc,
	     comp_cast_type AS cct1,
	     comp_cast_type AS cct2,
	     company_name AS cn,
	     company_type AS ct,
	     info_type AS it1,
	     info_type AS it2,
	     keyword AS k,
	     kind_type AS kt,
	     movie_companies AS mc,
	     movie_info AS mi,
	     movie_info_idx AS mi_idx,
	     movie_keyword AS mk,
	     title AS t
	WHERE cct1.kind = 'crew'
	  AND cct2.kind != 'complete+verified'
	  AND cn.country_code != '[us]'
	  AND it1.info = 'countries'
	  AND it2.info = 'rating'
	  AND k.keyword IN ('murder',
	                    'murder-in-title',
	                    'blood',
	                    'violence')
	  AND kt.kind IN ('movie',
	                  'episode')
	  AND mc.note NOT LIKE '%(USA)%'
	  AND mc.note LIKE '%(200%)%'
	  AND mi.info IN ('Sweden',
	                  'Germany',
	                  'Swedish',
	                  'German')
	  AND mi_idx.info > '6.5'
	  AND t.production_year > 2005
	  AND kt.id = t.kind_id
	  AND t.id = mi.movie_id
	  AND t.id = mk.movie_id
	  AND t.id = mi_idx.movie_id
	  AND t.id = mc.movie_id
	  AND t.id = cc.movie_id
	  AND mk.movie_id = mi.movie_id
	  AND mk.movie_id = mi_idx.movie_id
	  AND mk.movie_id = mc.movie_id
	  AND mk.movie_id = cc.movie_id
	  AND mi.movie_id = mi_idx.movie_id
	  AND mi.movie_id = mc.movie_id
	  AND mi.movie_id = cc.movie_id
	  AND mc.movie_id = mi_idx.movie_id
	  AND mc.movie_id = cc.movie_id
	  AND mi_idx.movie_id = cc.movie_id
	  AND k.id = mk.keyword_id
	  AND it1.id = mi.info_type_id
	  AND it2.id = mi_idx.info_type_id
	  AND ct.id = mc.company_type_id
	  AND cn.id = mc.company_id
	  AND cct1.id = cc.subject_id
	  AND cct2.id = cc.status_id;
	
	
2026-02-06 01:33:33.508 UTC [3049846] AiChaosN@imdbload ERROR:  canceling statement due to statement timeout
2026-02-06 01:33:33.508 UTC [3049846] AiChaosN@imdbload STATEMENT:  SELECT MIN(cn.name) AS movie_company,
	       MIN(mi_idx.info) AS rating,
	       MIN(t.title) AS complete_euro_dark_movie
	FROM complete_cast AS cc,
	     comp_cast_type AS cct1,
	     comp_cast_type AS cct2,
	     company_name AS cn,
	     company_type AS ct,
	     info_type AS it1,
	     info_type AS it2,
	     keyword AS k,
	     kind_type AS kt,
	     movie_companies AS mc,
	     movie_info AS mi,
	     movie_info_idx AS mi_idx,
	     movie_keyword AS mk,
	     title AS t
	WHERE cct1.kind = 'crew'
	  AND cct2.kind != 'complete+verified'
	  AND cn.country_code != '[us]'
	  AND it1.info = 'countries'
	  AND it2.info = 'rating'
	  AND k.keyword IN ('murder',
	                    'murder-in-title',
	                    'blood',
	                    'violence')
	  AND kt.kind IN ('movie',
	                  'episode')
	  AND mc.note NOT LIKE '%(USA)%'
	  AND mc.note LIKE '%(200%)%'
	  AND mi.info IN ('Sweden',
	                  'Germany',
	                  'Swedish',
	                  'German')
	  AND mi_idx.info > '6.5'
	  AND t.production_year > 2005
	  AND kt.id = t.kind_id
	  AND t.id = mi.movie_id
	  AND t.id = mk.movie_id
	  AND t.id = mi_idx.movie_id
	  AND t.id = mc.movie_id
	  AND t.id = cc.movie_id
	  AND mk.movie_id = mi.movie_id
	  AND mk.movie_id = mi_idx.movie_id
	  AND mk.movie_id = mc.movie_id
	  AND mk.movie_id = cc.movie_id
	  AND mi.movie_id = mi_idx.movie_id
	  AND mi.movie_id = mc.movie_id
	  AND mi.movie_id = cc.movie_id
	  AND mc.movie_id = mi_idx.movie_id
	  AND mc.movie_id = cc.movie_id
	  AND mi_idx.movie_id = cc.movie_id
	  AND k.id = mk.keyword_id
	  AND it1.id = mi.info_type_id
	  AND it2.id = mi_idx.info_type_id
	  AND ct.id = mc.company_type_id
	  AND cn.id = mc.company_id
	  AND cct1.id = cc.subject_id
	  AND cct2.id = cc.status_id;
	
	
2026-02-06 01:33:33.880 UTC [3050424] AiChaosN@imdbload LOG:  Bao planning selected arm 17, in 175.677000 CPU ms.
2026-02-06 01:33:33.880 UTC [3050424] AiChaosN@imdbload STATEMENT:  SELECT MIN(n.name) AS member_in_charnamed_movie
	FROM cast_info AS ci,
	     company_name AS cn,
	     keyword AS k,
	     movie_companies AS mc,
	     movie_keyword AS mk,
	     name AS n,
	     title AS t
	WHERE cn.country_code ='[us]'
	  AND k.keyword ='character-name-in-title'
	  AND n.id = ci.person_id
	  AND ci.movie_id = t.id
	  AND t.id = mk.movie_id
	  AND mk.keyword_id = k.id
	  AND t.id = mc.movie_id
	  AND mc.company_id = cn.id
	  AND ci.movie_id = mc.movie_id
	  AND ci.movie_id = mk.movie_id
	  AND mc.movie_id = mk.movie_id;
	
	
2026-02-06 01:33:41.107 UTC [3050557] AiChaosN@imdbload LOG:  Bao planning selected arm 8, in 301.916000 CPU ms.
2026-02-06 01:33:41.107 UTC [3050557] AiChaosN@imdbload STATEMENT:  SELECT MIN(mi.info) AS movie_budget,
	       MIN(mi_idx.info) AS movie_votes,
	       MIN(n.name) AS male_writer,
	       MIN(t.title) AS violent_movie_title
	FROM cast_info AS ci,
	     info_type AS it1,
	     info_type AS it2,
	     keyword AS k,
	     movie_info AS mi,
	     movie_info_idx AS mi_idx,
	     movie_keyword AS mk,
	     name AS n,
	     title AS t
	WHERE ci.note IN ('(writer)',
	                  '(head writer)',
	                  '(written by)',
	                  '(story)',
	                  '(story editor)')
	  AND it1.info = 'genres'
	  AND it2.info = 'votes'
	  AND k.keyword IN ('murder',
	                    'violence',
	                    'blood',
	                    'gore',
	                    'death',
	                    'female-nudity',
	                    'hospital')
	  AND mi.info IN ('Horror',
	                  'Action',
	                  'Sci-Fi',
	                  'Thriller',
	                  'Crime',
	                  'War')
	  AND n.gender = 'm'
	  AND t.id = mi.movie_id
	  AND t.id = mi_idx.movie_id
	  AND t.id = ci.movie_id
	  AND t.id = mk.movie_id
	  AND ci.movie_id = mi.movie_id
	  AND ci.movie_id = mi_idx.movie_id
	  AND ci.movie_id = mk.movie_id
	  AND mi.movie_id = mi_idx.movie_id
	  AND mi.movie_id = mk.movie_id
	  AND mi_idx.movie_id = mk.movie_id
	  AND n.id = ci.person_id
	  AND it1.id = mi.info_type_id
	  AND it2.id = mi_idx.info_type_id
	  AND k.id = mk.keyword_id;
	
	
2026-02-06 01:33:50.969 UTC [3050745] AiChaosN@imdbload LOG:  Bao planning selected arm 3, in 140.539000 CPU ms.
2026-02-06 01:33:50.969 UTC [3050745] AiChaosN@imdbload STATEMENT:  SELECT MIN(k.keyword) AS movie_keyword,
	       MIN(n.name) AS actor_name,
	       MIN(t.title) AS hero_movie
	FROM cast_info AS ci,
	     keyword AS k,
	     movie_keyword AS mk,
	     name AS n,
	     title AS t
	WHERE k.keyword IN ('superhero',
	                    'sequel',
	                    'second-part',
	                    'marvel-comics',
	                    'based-on-comic',
	                    'tv-special',
	                    'fight',
	                    'violence')
	  AND n.name LIKE '%Downey%Robert%'
	  AND t.production_year > 2000
	  AND k.id = mk.keyword_id
	  AND t.id = mk.movie_id
	  AND t.id = ci.movie_id
	  AND ci.movie_id = mk.movie_id
	  AND n.id = ci.person_id;
	
	
2026-02-06 01:33:57.722 UTC [3050831] AiChaosN@imdbload LOG:  Bao planning selected arm 10, in 3335.484000 CPU ms.
2026-02-06 01:33:57.722 UTC [3050831] AiChaosN@imdbload STATEMENT:  SELECT COUNT(*)
	FROM title as t,
	movie_info as mi1,
	kind_type as kt,
	info_type as it1,
	info_type as it3,
	info_type as it4,
	movie_info_idx as mii1,
	movie_info_idx as mii2,
	aka_name as an,
	name as n,
	info_type as it5,
	person_info as pi1,
	cast_info as ci,
	role_type as rt
	WHERE
	t.id = mi1.movie_id
	AND t.id = ci.movie_id
	AND t.id = mii1.movie_id
	AND t.id = mii2.movie_id
	AND mii2.movie_id = mii1.movie_id
	AND mi1.movie_id = mii1.movie_id
	AND mi1.info_type_id = it1.id
	AND mii1.info_type_id = it3.id
	AND mii2.info_type_id = it4.id
	AND t.kind_id = kt.id
	AND (kt.kind IN ('episode','movie'))
	AND (t.production_year <= 2015)
	AND (t.production_year >= 1925)
	AND (mi1.info IN ('Black and White'))
	AND (it1.id IN ('2'))
	AND it3.id = '100'
	AND it4.id = '101'
	AND (mii2.info ~ '^(?:[1-9]\d*|0)?(?:\.\d+)?$' AND mii2.info::float <= 7.0)
	AND (mii2.info ~ '^(?:[1-9]\d*|0)?(?:\.\d+)?$' AND 3.0 <= mii2.info::float)
	AND (mii1.info ~ '^(?:[1-9]\d*|0)?(?:\.\d+)?$' AND 0.0 <= mii1.info::float)
	AND (mii1.info ~ '^(?:[1-9]\d*|0)?(?:\.\d+)?$' AND mii1.info::float <= 10000.0)
	AND n.id = ci.person_id
	AND ci.person_id = pi1.person_id
	AND it5.id = pi1.info_type_id
	AND n.id = pi1.person_id
	AND n.id = an.person_id
	AND ci.person_id = an.person_id
	AND an.person_id = pi1.person_id
	AND rt.id = ci.role_id
	AND (n.gender in ('m') OR n.gender IS NULL)
	AND (n.name_pcode_nf in ('A5136','B4532','C6435','H4524','J2451','J6362','L2525','M6415','S4125','W5245'))
	AND (ci.note in ('(writer)') OR ci.note IS NULL)
	AND (rt.role in ('actor','cinematographer','writer'))
	AND (it5.id in ('26'))
	
2026-02-06 01:34:26.314 UTC [3050831] AiChaosN@imdbload ERROR:  canceling statement due to statement timeout
2026-02-06 01:34:26.314 UTC [3050831] AiChaosN@imdbload STATEMENT:  SELECT COUNT(*)
	FROM title as t,
	movie_info as mi1,
	kind_type as kt,
	info_type as it1,
	info_type as it3,
	info_type as it4,
	movie_info_idx as mii1,
	movie_info_idx as mii2,
	aka_name as an,
	name as n,
	info_type as it5,
	person_info as pi1,
	cast_info as ci,
	role_type as rt
	WHERE
	t.id = mi1.movie_id
	AND t.id = ci.movie_id
	AND t.id = mii1.movie_id
	AND t.id = mii2.movie_id
	AND mii2.movie_id = mii1.movie_id
	AND mi1.movie_id = mii1.movie_id
	AND mi1.info_type_id = it1.id
	AND mii1.info_type_id = it3.id
	AND mii2.info_type_id = it4.id
	AND t.kind_id = kt.id
	AND (kt.kind IN ('episode','movie'))
	AND (t.production_year <= 2015)
	AND (t.production_year >= 1925)
	AND (mi1.info IN ('Black and White'))
	AND (it1.id IN ('2'))
	AND it3.id = '100'
	AND it4.id = '101'
	AND (mii2.info ~ '^(?:[1-9]\d*|0)?(?:\.\d+)?$' AND mii2.info::float <= 7.0)
	AND (mii2.info ~ '^(?:[1-9]\d*|0)?(?:\.\d+)?$' AND 3.0 <= mii2.info::float)
	AND (mii1.info ~ '^(?:[1-9]\d*|0)?(?:\.\d+)?$' AND 0.0 <= mii1.info::float)
	AND (mii1.info ~ '^(?:[1-9]\d*|0)?(?:\.\d+)?$' AND mii1.info::float <= 10000.0)
	AND n.id = ci.person_id
	AND ci.person_id = pi1.person_id
	AND it5.id = pi1.info_type_id
	AND n.id = pi1.person_id
	AND n.id = an.person_id
	AND ci.person_id = an.person_id
	AND an.person_id = pi1.person_id
	AND rt.id = ci.role_id
	AND (n.gender in ('m') OR n.gender IS NULL)
	AND (n.name_pcode_nf in ('A5136','B4532','C6435','H4524','J2451','J6362','L2525','M6415','S4125','W5245'))
	AND (ci.note in ('(writer)') OR ci.note IS NULL)
	AND (rt.role in ('actor','cinematographer','writer'))
	AND (it5.id in ('26'))
	
2026-02-06 01:34:26.685 UTC [3051378] AiChaosN@imdbload LOG:  Bao planning selected arm 17, in 212.463000 CPU ms.
2026-02-06 01:34:26.685 UTC [3051378] AiChaosN@imdbload STATEMENT:  SELECT MIN(an.name) AS cool_actor_pseudonym,
	       MIN(t.title) AS series_named_after_char
	FROM aka_name AS an,
	     cast_info AS ci,
	     company_name AS cn,
	     keyword AS k,
	     movie_companies AS mc,
	     movie_keyword AS mk,
	     name AS n,
	     title AS t
	WHERE cn.country_code ='[us]'
	  AND k.keyword ='character-name-in-title'
	  AND t.episode_nr >= 5
	  AND t.episode_nr < 100
	  AND an.person_id = n.id
	  AND n.id = ci.person_id
	  AND ci.movie_id = t.id
	  AND t.id = mk.movie_id
	  AND mk.keyword_id = k.id
	  AND t.id = mc.movie_id
	  AND mc.company_id = cn.id
	  AND an.person_id = ci.person_id
	  AND ci.movie_id = mc.movie_id
	  AND ci.movie_id = mk.movie_id
	  AND mc.movie_id = mk.movie_id;
	
	
2026-02-06 01:34:27.789 UTC [3051403] AiChaosN@imdbload LOG:  Bao planning selected arm 12, in 208.788000 CPU ms.
2026-02-06 01:34:27.789 UTC [3051403] AiChaosN@imdbload STATEMENT:  SELECT MIN(an.name) AS alternative_name,
	       MIN(chn.name) AS voiced_character,
	       MIN(n.name) AS voicing_actress,
	       MIN(t.title) AS american_movie
	FROM aka_name AS an,
	     char_name AS chn,
	     cast_info AS ci,
	     company_name AS cn,
	     movie_companies AS mc,
	     name AS n,
	     role_type AS rt,
	     title AS t
	WHERE ci.note = '(voice)'
	  AND cn.country_code ='[us]'
	  AND mc.note LIKE '%(200%)%'
	  AND (mc.note LIKE '%(USA)%'
	       OR mc.note LIKE '%(worldwide)%')
	  AND n.gender ='f'
	  AND n.name LIKE '%Angel%'
	  AND rt.role ='actress'
	  AND t.production_year BETWEEN 2007 AND 2010
	  AND ci.movie_id = t.id
	  AND t.id = mc.movie_id
	  AND ci.movie_id = mc.movie_id
	  AND mc.company_id = cn.id
	  AND ci.role_id = rt.id
	  AND n.id = ci.person_id
	  AND chn.id = ci.person_role_id
	  AND an.person_id = n.id
	  AND an.person_id = ci.person_id;
	
	
2026-02-06 01:34:42.756 UTC [3051681] AiChaosN@imdbload LOG:  Bao planning selected arm 9, in 143.192000 CPU ms.
2026-02-06 01:34:42.756 UTC [3051681] AiChaosN@imdbload STATEMENT:  SELECT MIN(mc.note) AS production_note,
	       MIN(t.title) AS movie_title,
	       MIN(t.production_year) AS movie_year
	FROM company_type AS ct,
	     info_type AS it,
	     movie_companies AS mc,
	     movie_info_idx AS mi_idx,
	     title AS t
	WHERE ct.kind = 'production companies'
	  AND it.info = 'top 250 rank'
	  AND mc.note NOT LIKE '%(as Metro-Goldwyn-Mayer Pictures)%'
	  AND (mc.note LIKE '%(co-production)%')
	  AND t.production_year >2010
	  AND ct.id = mc.company_type_id
	  AND t.id = mc.movie_id
	  AND t.id = mi_idx.movie_id
	  AND mc.movie_id = mi_idx.movie_id
	  AND it.id = mi_idx.info_type_id;
	
	
2026-02-06 01:34:49.723 UTC [3051836] AiChaosN@imdbload LOG:  Bao planning selected arm 8, in 245.130000 CPU ms.
2026-02-06 01:34:49.723 UTC [3051836] AiChaosN@imdbload STATEMENT:  SELECT MIN(cn.name) AS producing_company,
	       MIN(miidx.info) AS rating,
	       MIN(t.title) AS movie
	FROM company_name AS cn,
	     company_type AS ct,
	     info_type AS it,
	     info_type AS it2,
	     kind_type AS kt,
	     movie_companies AS mc,
	     movie_info AS mi,
	     movie_info_idx AS miidx,
	     title AS t
	WHERE cn.country_code ='[us]'
	  AND ct.kind ='production companies'
	  AND it.info ='rating'
	  AND it2.info ='release dates'
	  AND kt.kind ='movie'
	  AND mi.movie_id = t.id
	  AND it2.id = mi.info_type_id
	  AND kt.id = t.kind_id
	  AND mc.movie_id = t.id
	  AND cn.id = mc.company_id
	  AND ct.id = mc.company_type_id
	  AND miidx.movie_id = t.id
	  AND it.id = miidx.info_type_id
	  AND mi.movie_id = miidx.movie_id
	  AND mi.movie_id = mc.movie_id
	  AND miidx.movie_id = mc.movie_id;
	
	
2026-02-06 01:34:57.257 UTC [3051968] AiChaosN@imdbload LOG:  Bao planning selected arm 8, in 1808.103000 CPU ms.
2026-02-06 01:34:57.257 UTC [3051968] AiChaosN@imdbload STATEMENT:  SELECT MIN(cn.name) AS producing_company,
	       MIN(lt.link) AS link_type,
	       MIN(t.title) AS complete_western_sequel
	FROM complete_cast AS cc,
	     comp_cast_type AS cct1,
	     comp_cast_type AS cct2,
	     company_name AS cn,
	     company_type AS ct,
	     keyword AS k,
	     link_type AS lt,
	     movie_companies AS mc,
	     movie_info AS mi,
	     movie_keyword AS mk,
	     movie_link AS ml,
	     title AS t
	WHERE cct1.kind = 'cast'
	  AND cct2.kind LIKE 'complete%'
	  AND cn.country_code !='[pl]'
	  AND (cn.name LIKE '%Film%'
	       OR cn.name LIKE '%Warner%')
	  AND ct.kind ='production companies'
	  AND k.keyword ='sequel'
	  AND lt.link LIKE '%follow%'
	  AND mc.note IS NULL
	  AND mi.info IN ('Sweden',
	                  'Norway',
	                  'Germany',
	                  'Denmark',
	                  'Swedish',
	                  'Denish',
	                  'Norwegian',
	                  'German',
	                  'English')
	  AND t.production_year BETWEEN 1950 AND 2010
	  AND lt.id = ml.link_type_id
	  AND ml.movie_id = t.id
	  AND t.id = mk.movie_id
	  AND mk.keyword_id = k.id
	  AND t.id = mc.movie_id
	  AND mc.company_type_id = ct.id
	  AND mc.company_id = cn.id
	  AND mi.movie_id = t.id
	  AND t.id = cc.movie_id
	  AND cct1.id = cc.subject_id
	  AND cct2.id = cc.status_id
	  AND ml.movie_id = mk.movie_id
	  AND ml.movie_id = mc.movie_id
	  AND mk.movie_id = mc.movie_id
	  AND ml.movie_id = mi.movie_id
	  AND mk.movie_id = mi.movie_id
	  AND mc.movie_id = mi.movie_id
	  AND ml.movie_id = cc.movie_id
	  AND mk.movie_id = cc.movie_id
	  AND mc.movie_id = cc.movie_id
	  AND mi.movie_id = cc.movie_id;
	
	
2026-02-06 01:34:57.882 UTC [3052002] AiChaosN@imdbload LOG:  Bao planning selected arm 8, in 166.384000 CPU ms.
2026-02-06 01:34:57.882 UTC [3052002] AiChaosN@imdbload STATEMENT:  SELECT MIN(n.name) AS member_in_charnamed_movie,
	       MIN(n.name) AS a1
	FROM cast_info AS ci,
	     company_name AS cn,
	     keyword AS k,
	     movie_companies AS mc,
	     movie_keyword AS mk,
	     name AS n,
	     title AS t
	WHERE k.keyword ='character-name-in-title'
	  AND n.name LIKE 'X%'
	  AND n.id = ci.person_id
	  AND ci.movie_id = t.id
	  AND t.id = mk.movie_id
	  AND mk.keyword_id = k.id
	  AND t.id = mc.movie_id
	  AND mc.company_id = cn.id
	  AND ci.movie_id = mc.movie_id
	  AND ci.movie_id = mk.movie_id
	  AND mc.movie_id = mk.movie_id;
	
	
2026-02-06 01:35:05.447 UTC [3052175] AiChaosN@imdbload LOG:  Bao planning selected arm 8, in 158.900000 CPU ms.
2026-02-06 01:35:05.447 UTC [3052175] AiChaosN@imdbload STATEMENT:  SELECT MIN(an.name) AS costume_designer_pseudo,
	       MIN(t.title) AS movie_with_costumes
	FROM aka_name AS an,
	     cast_info AS ci,
	     company_name AS cn,
	     movie_companies AS mc,
	     name AS n,
	     role_type AS rt,
	     title AS t
	WHERE cn.country_code ='[us]'
	  AND rt.role ='costume designer'
	  AND an.person_id = n.id
	  AND n.id = ci.person_id
	  AND ci.movie_id = t.id
	  AND t.id = mc.movie_id
	  AND mc.company_id = cn.id
	  AND ci.role_id = rt.id
	  AND an.person_id = ci.person_id
	  AND ci.movie_id = mc.movie_id;
	
	
2026-02-06 01:35:12.050 UTC [3052295] AiChaosN@imdbload LOG:  Bao planning selected arm 36, in 173.478000 CPU ms.
2026-02-06 01:35:12.050 UTC [3052295] AiChaosN@imdbload STATEMENT:  SELECT MIN(an.name) AS actress_pseudonym,
	       MIN(t.title) AS japanese_movie_dubbed
	FROM aka_name AS an,
	     cast_info AS ci,
	     company_name AS cn,
	     movie_companies AS mc,
	     name AS n,
	     role_type AS rt,
	     title AS t
	WHERE ci.note ='(voice: English version)'
	  AND cn.country_code ='[jp]'
	  AND mc.note LIKE '%(Japan)%'
	  AND mc.note NOT LIKE '%(USA)%'
	  AND n.name LIKE '%Yo%'
	  AND n.name NOT LIKE '%Yu%'
	  AND rt.role ='actress'
	  AND an.person_id = n.id
	  AND n.id = ci.person_id
	  AND ci.movie_id = t.id
	  AND t.id = mc.movie_id
	  AND mc.company_id = cn.id
	  AND ci.role_id = rt.id
	  AND an.person_id = ci.person_id
	  AND ci.movie_id = mc.movie_id;
	
	
2026-02-06 01:35:16.175 UTC [3052382] AiChaosN@imdbload LOG:  Bao planning selected arm 8, in 207.912000 CPU ms.
2026-02-06 01:35:16.175 UTC [3052382] AiChaosN@imdbload STATEMENT:  SELECT MIN(an.name) AS alternative_name,
	       MIN(chn.name) AS character_name,
	       MIN(t.title) AS movie
	FROM aka_name AS an,
	     char_name AS chn,
	     cast_info AS ci,
	     company_name AS cn,
	     movie_companies AS mc,
	     name AS n,
	     role_type AS rt,
	     title AS t
	WHERE ci.note IN ('(voice)',
	                  '(voice: Japanese version)',
	                  '(voice) (uncredited)',
	                  '(voice: English version)')
	  AND cn.country_code ='[us]'
	  AND mc.note IS NOT NULL
	  AND (mc.note LIKE '%(USA)%'
	       OR mc.note LIKE '%(worldwide)%')
	  AND n.gender ='f'
	  AND n.name LIKE '%Ang%'
	  AND rt.role ='actress'
	  AND t.production_year BETWEEN 2005 AND 2015
	  AND ci.movie_id = t.id
	  AND t.id = mc.movie_id
	  AND ci.movie_id = mc.movie_id
	  AND mc.company_id = cn.id
	  AND ci.role_id = rt.id
	  AND n.id = ci.person_id
	  AND chn.id = ci.person_role_id
	  AND an.person_id = n.id
	  AND an.person_id = ci.person_id;
	
	
2026-02-06 01:35:27.164 UTC [3052588] AiChaosN@imdbload LOG:  Bao planning selected arm 48, in 201.056000 CPU ms.
2026-02-06 01:35:27.164 UTC [3052588] AiChaosN@imdbload STATEMENT:  SELECT MIN(an.name) AS cool_actor_pseudonym,
	       MIN(t.title) AS series_named_after_char
	FROM aka_name AS an,
	     cast_info AS ci,
	     company_name AS cn,
	     keyword AS k,
	     movie_companies AS mc,
	     movie_keyword AS mk,
	     name AS n,
	     title AS t
	WHERE cn.country_code ='[us]'
	  AND k.keyword ='character-name-in-title'
	  AND t.episode_nr >= 50
	  AND t.episode_nr < 100
	  AND an.person_id = n.id
	  AND n.id = ci.person_id
	  AND ci.movie_id = t.id
	  AND t.id = mk.movie_id
	  AND mk.keyword_id = k.id
	  AND t.id = mc.movie_id
	  AND mc.company_id = cn.id
	  AND an.person_id = ci.person_id
	  AND ci.movie_id = mc.movie_id
	  AND ci.movie_id = mk.movie_id
	  AND mc.movie_id = mk.movie_id;
	
	
2026-02-06 01:35:36.915 UTC [3052763] AiChaosN@imdbload LOG:  Bao planning selected arm 2, in 134.901000 CPU ms.
2026-02-06 01:35:36.915 UTC [3052763] AiChaosN@imdbload STATEMENT:  SELECT MIN(mc.note) AS production_note,
	       MIN(t.title) AS movie_title,
	       MIN(t.production_year) AS movie_year
	FROM company_type AS ct,
	     info_type AS it,
	     movie_companies AS mc,
	     movie_info_idx AS mi_idx,
	     title AS t
	WHERE ct.kind = 'production companies'
	  AND it.info = 'bottom 10 rank'
	  AND mc.note NOT LIKE '%(as Metro-Goldwyn-Mayer Pictures)%'
	  AND t.production_year >2000
	  AND ct.id = mc.company_type_id
	  AND t.id = mc.movie_id
	  AND t.id = mi_idx.movie_id
	  AND mc.movie_id = mi_idx.movie_id
	  AND it.id = mi_idx.info_type_id;
	
	
2026-02-06 01:35:39.944 UTC [3052799] AiChaosN@imdbload LOG:  Bao planning selected arm 8, in 1674.501000 CPU ms.
2026-02-06 01:35:39.944 UTC [3052799] AiChaosN@imdbload STATEMENT:  SELECT MIN(mi.info) AS movie_budget,
	       MIN(mi_idx.info) AS movie_votes,
	       MIN(n.name) AS writer,
	       MIN(t.title) AS complete_violent_movie
	FROM complete_cast AS cc,
	     comp_cast_type AS cct1,
	     comp_cast_type AS cct2,
	     cast_info AS ci,
	     info_type AS it1,
	     info_type AS it2,
	     keyword AS k,
	     movie_info AS mi,
	     movie_info_idx AS mi_idx,
	     movie_keyword AS mk,
	     name AS n,
	     title AS t
	WHERE cct1.kind IN ('cast',
	                    'crew')
	  AND cct2.kind ='complete+verified'
	  AND ci.note IN ('(writer)',
	                  '(head writer)',
	                  '(written by)',
	                  '(story)',
	                  '(story editor)')
	  AND it1.info = 'genres'
	  AND it2.info = 'votes'
	  AND k.keyword IN ('murder',
	                    'violence',
	                    'blood',
	                    'gore',
	                    'death',
	                    'female-nudity',
	                    'hospital')
	  AND mi.info IN ('Horror',
	                  'Thriller')
	  AND n.gender = 'm'
	  AND t.production_year > 2000
	  AND t.id = mi.movie_id
	  AND t.id = mi_idx.movie_id
	  AND t.id = ci.movie_id
	  AND t.id = mk.movie_id
	  AND t.id = cc.movie_id
	  AND ci.movie_id = mi.movie_id
	  AND ci.movie_id = mi_idx.movie_id
	  AND ci.movie_id = mk.movie_id
	  AND ci.movie_id = cc.movie_id
	  AND mi.movie_id = mi_idx.movie_id
	  AND mi.movie_id = mk.movie_id
	  AND mi.movie_id = cc.movie_id
	  AND mi_idx.movie_id = mk.movie_id
	  AND mi_idx.movie_id = cc.movie_id
	  AND mk.movie_id = cc.movie_id
	  AND n.id = ci.person_id
	  AND it1.id = mi.info_type_id
	  AND it2.id = mi_idx.info_type_id
	  AND k.id = mk.keyword_id
	  AND cct1.id = cc.subject_id
	  AND cct2.id = cc.status_id;
	
	
2026-02-06 01:35:49.602 UTC [3053012] AiChaosN@imdbload LOG:  Bao planning selected arm 8, in 198.772000 CPU ms.
2026-02-06 01:35:49.602 UTC [3053012] AiChaosN@imdbload STATEMENT:  SELECT MIN(mi.info) AS budget,
	       MIN(t.title) AS unsuccsessful_movie
	FROM company_name AS cn,
	     company_type AS ct,
	     info_type AS it1,
	     info_type AS it2,
	     movie_companies AS mc,
	     movie_info AS mi,
	     movie_info_idx AS mi_idx,
	     title AS t
	WHERE cn.country_code ='[us]'
	  AND ct.kind IS NOT NULL
	  AND (ct.kind ='production companies'
	       OR ct.kind = 'distributors')
	  AND it1.info ='budget'
	  AND it2.info ='bottom 10 rank'
	  AND t.production_year >2000
	  AND (t.title LIKE 'Birdemic%'
	       OR t.title LIKE '%Movie%')
	  AND t.id = mi.movie_id
	  AND t.id = mi_idx.movie_id
	  AND mi.info_type_id = it1.id
	  AND mi_idx.info_type_id = it2.id
	  AND t.id = mc.movie_id
	  AND ct.id = mc.company_type_id
	  AND cn.id = mc.company_id
	  AND mc.movie_id = mi.movie_id
	  AND mc.movie_id = mi_idx.movie_id
	  AND mi.movie_id = mi_idx.movie_id;
	
	
2026-02-06 01:35:58.593 UTC [3053213] AiChaosN@imdbload LOG:  Bao planning selected arm 43, in 138.185000 CPU ms.
2026-02-06 01:35:58.593 UTC [3053213] AiChaosN@imdbload STATEMENT:  SELECT MIN(t.title) AS american_movie
	FROM company_type AS ct,
	     info_type AS it,
	     movie_companies AS mc,
	     movie_info AS mi,
	     title AS t
	WHERE ct.kind = 'production companies'
	  AND mc.note NOT LIKE '%(TV)%'
	  AND mc.note LIKE '%(USA)%'
	  AND mi.info IN ('Sweden',
	                  'Norway',
	                  'Germany',
	                  'Denmark',
	                  'Swedish',
	                  'Denish',
	                  'Norwegian',
	                  'German',
	                  'USA',
	                  'American')
	  AND t.production_year > 1990
	  AND t.id = mi.movie_id
	  AND t.id = mc.movie_id
	  AND mc.movie_id = mi.movie_id
	  AND ct.id = mc.company_type_id
	  AND it.id = mi.info_type_id;
	
	
2026-02-06 01:35:59.117 UTC [3053233] AiChaosN@imdbload LOG:  Bao planning selected arm 3, in 303.323000 CPU ms.
2026-02-06 01:35:59.117 UTC [3053233] AiChaosN@imdbload STATEMENT:  SELECT MIN(mi.info) AS movie_budget,
	       MIN(mi_idx.info) AS movie_votes,
	       MIN(n.name) AS male_writer,
	       MIN(t.title) AS violent_movie_title
	FROM cast_info AS ci,
	     info_type AS it1,
	     info_type AS it2,
	     keyword AS k,
	     movie_info AS mi,
	     movie_info_idx AS mi_idx,
	     movie_keyword AS mk,
	     name AS n,
	     title AS t
	WHERE ci.note IN ('(writer)',
	                  '(head writer)',
	                  '(written by)',
	                  '(story)',
	                  '(story editor)')
	  AND it1.info = 'genres'
	  AND it2.info = 'votes'
	  AND k.keyword IN ('murder',
	                    'blood',
	                    'gore',
	                    'death',
	                    'female-nudity')
	  AND mi.info = 'Horror'
	  AND n.gender = 'm'
	  AND t.production_year > 2010
	  AND t.title LIKE 'Vampire%'
	  AND t.id = mi.movie_id
	  AND t.id = mi_idx.movie_id
	  AND t.id = ci.movie_id
	  AND t.id = mk.movie_id
	  AND ci.movie_id = mi.movie_id
	  AND ci.movie_id = mi_idx.movie_id
	  AND ci.movie_id = mk.movie_id
	  AND mi.movie_id = mi_idx.movie_id
	  AND mi.movie_id = mk.movie_id
	  AND mi_idx.movie_id = mk.movie_id
	  AND n.id = ci.person_id
	  AND it1.id = mi.info_type_id
	  AND it2.id = mi_idx.info_type_id
	  AND k.id = mk.keyword_id;
	
	
2026-02-06 01:36:01.012 UTC [3053248] AiChaosN@imdbload LOG:  Bao planning selected arm 18, in 1649.630000 CPU ms.
2026-02-06 01:36:01.012 UTC [3053248] AiChaosN@imdbload STATEMENT:  SELECT MIN(chn.name) AS voiced_char_name,
	       MIN(n.name) AS voicing_actress_name,
	       MIN(t.title) AS kung_fu_panda
	FROM aka_name AS an,
	     char_name AS chn,
	     cast_info AS ci,
	     company_name AS cn,
	     info_type AS it,
	     keyword AS k,
	     movie_companies AS mc,
	     movie_info AS mi,
	     movie_keyword AS mk,
	     name AS n,
	     role_type AS rt,
	     title AS t
	WHERE ci.note IN ('(voice)',
	                  '(voice: Japanese version)',
	                  '(voice) (uncredited)',
	                  '(voice: English version)')
	  AND cn.country_code ='[us]'
	  AND cn.name = 'DreamWorks Animation'
	  AND it.info = 'release dates'
	  AND k.keyword IN ('hero',
	                    'martial-arts',
	                    'hand-to-hand-combat',
	                    'computer-animated-movie')
	  AND mi.info IS NOT NULL
	  AND (mi.info LIKE 'Japan:%201%'
	       OR mi.info LIKE 'USA:%201%')
	  AND n.gender ='f'
	  AND n.name LIKE '%An%'
	  AND rt.role ='actress'
	  AND t.production_year > 2010
	  AND t.title LIKE 'Kung Fu Panda%'
	  AND t.id = mi.movie_id
	  AND t.id = mc.movie_id
	  AND t.id = ci.movie_id
	  AND t.id = mk.movie_id
	  AND mc.movie_id = ci.movie_id
	  AND mc.movie_id = mi.movie_id
	  AND mc.movie_id = mk.movie_id
	  AND mi.movie_id = ci.movie_id
	  AND mi.movie_id = mk.movie_id
	  AND ci.movie_id = mk.movie_id
	  AND cn.id = mc.company_id
	  AND it.id = mi.info_type_id
	  AND n.id = ci.person_id
	  AND rt.id = ci.role_id
	  AND n.id = an.person_id
	  AND ci.person_id = an.person_id
	  AND chn.id = ci.person_role_id
	  AND k.id = mk.keyword_id;
	
	
2026-02-06 01:36:01.439 UTC [3053292] AiChaosN@imdbload LOG:  Bao planning selected arm 3, in 134.413000 CPU ms.
2026-02-06 01:36:01.439 UTC [3053292] AiChaosN@imdbload STATEMENT:  SELECT MIN(k.keyword) AS movie_keyword,
	       MIN(n.name) AS actor_name,
	       MIN(t.title) AS marvel_movie
	FROM cast_info AS ci,
	     keyword AS k,
	     movie_keyword AS mk,
	     name AS n,
	     title AS t
	WHERE k.keyword = 'marvel-cinematic-universe'
	  AND n.name LIKE '%Downey%Robert%'
	  AND t.production_year > 2010
	  AND k.id = mk.keyword_id
	  AND t.id = mk.movie_id
	  AND t.id = ci.movie_id
	  AND ci.movie_id = mk.movie_id
	  AND n.id = ci.person_id;
	
	
2026-02-06 01:36:01.836 UTC [3053302] AiChaosN@imdbload LOG:  Bao planning selected arm 9, in 313.276000 CPU ms.
2026-02-06 01:36:01.836 UTC [3053302] AiChaosN@imdbload STATEMENT:  SELECT MIN(cn.name) AS company_name,
	       MIN(lt.link) AS link_type,
	       MIN(t.title) AS german_follow_up
	FROM company_name AS cn,
	     company_type AS ct,
	     keyword AS k,
	     link_type AS lt,
	     movie_companies AS mc,
	     movie_info AS mi,
	     movie_keyword AS mk,
	     movie_link AS ml,
	     title AS t
	WHERE cn.country_code !='[pl]'
	  AND (cn.name LIKE '%Film%'
	       OR cn.name LIKE '%Warner%')
	  AND ct.kind ='production companies'
	  AND k.keyword ='sequel'
	  AND lt.link LIKE '%follow%'
	  AND mc.note IS NULL
	  AND mi.info IN ('Germany',
	                  'German')
	  AND t.production_year BETWEEN 2000 AND 2010
	  AND lt.id = ml.link_type_id
	  AND ml.movie_id = t.id
	  AND t.id = mk.movie_id
	  AND mk.keyword_id = k.id
	  AND t.id = mc.movie_id
	  AND mc.company_type_id = ct.id
	  AND mc.company_id = cn.id
	  AND mi.movie_id = t.id
	  AND ml.movie_id = mk.movie_id
	  AND ml.movie_id = mc.movie_id
	  AND mk.movie_id = mc.movie_id
	  AND ml.movie_id = mi.movie_id
	  AND mk.movie_id = mi.movie_id
	  AND mc.movie_id = mi.movie_id;
	
	
2026-02-06 01:36:03.115 UTC [3053303] AiChaosN@imdbload LOG:  Bao planning selected arm 2, in 1151.765000 CPU ms.
2026-02-06 01:36:03.115 UTC [3053303] AiChaosN@imdbload STATEMENT:  SELECT MIN(chn.name) AS character_name,
	       MIN(mi_idx.info) AS rating,
	       MIN(n.name) AS playing_actor,
	       MIN(t.title) AS complete_hero_movie
	FROM complete_cast AS cc,
	     comp_cast_type AS cct1,
	     comp_cast_type AS cct2,
	     char_name AS chn,
	     cast_info AS ci,
	     info_type AS it2,
	     keyword AS k,
	     kind_type AS kt,
	     movie_info_idx AS mi_idx,
	     movie_keyword AS mk,
	     name AS n,
	     title AS t
	WHERE cct1.kind = 'cast'
	  AND cct2.kind LIKE '%complete%'
	  AND chn.name IS NOT NULL
	  AND (chn.name LIKE '%man%'
	       OR chn.name LIKE '%Man%')
	  AND it2.info = 'rating'
	  AND k.keyword IN ('superhero',
	                    'marvel-comics',
	                    'based-on-comic',
	                    'tv-special',
	                    'fight',
	                    'violence',
	                    'magnet',
	                    'web',
	                    'claw',
	                    'laser')
	  AND kt.kind = 'movie'
	  AND mi_idx.info > '7.0'
	  AND t.production_year > 2000
	  AND kt.id = t.kind_id
	  AND t.id = mk.movie_id
	  AND t.id = ci.movie_id
	  AND t.id = cc.movie_id
	  AND t.id = mi_idx.movie_id
	  AND mk.movie_id = ci.movie_id
	  AND mk.movie_id = cc.movie_id
	  AND mk.movie_id = mi_idx.movie_id
	  AND ci.movie_id = cc.movie_id
	  AND ci.movie_id = mi_idx.movie_id
	  AND cc.movie_id = mi_idx.movie_id
	  AND chn.id = ci.person_role_id
	  AND n.id = ci.person_id
	  AND k.id = mk.keyword_id
	  AND cct1.id = cc.subject_id
	  AND cct2.id = cc.status_id
	  AND it2.id = mi_idx.info_type_id;
	
	
2026-02-06 01:36:14.189 UTC [3053522] AiChaosN@imdbload LOG:  Bao planning selected arm 35, in 166.054000 CPU ms.
2026-02-06 01:36:14.189 UTC [3053522] AiChaosN@imdbload STATEMENT:  SELECT MIN(chn.name) AS character,
	       MIN(t.title) AS russian_mov_with_actor_producer
	FROM char_name AS chn,
	     cast_info AS ci,
	     company_name AS cn,
	     company_type AS ct,
	     movie_companies AS mc,
	     role_type AS rt,
	     title AS t
	WHERE ci.note LIKE '%(producer)%'
	  AND cn.country_code = '[ru]'
	  AND rt.role = 'actor'
	  AND t.production_year > 2010
	  AND t.id = mc.movie_id
	  AND t.id = ci.movie_id
	  AND ci.movie_id = mc.movie_id
	  AND chn.id = ci.person_role_id
	  AND rt.id = ci.role_id
	  AND cn.id = mc.company_id
	  AND ct.id = mc.company_type_id;
	
	
2026-02-06 01:36:17.804 UTC [3053608] AiChaosN@imdbload LOG:  Bao planning selected arm 12, in 303.141000 CPU ms.
2026-02-06 01:36:17.804 UTC [3053608] AiChaosN@imdbload STATEMENT:  SELECT MIN(mi.info) AS movie_budget,
	       MIN(mi_idx.info) AS movie_votes,
	       MIN(n.name) AS male_writer,
	       MIN(t.title) AS violent_movie_title
	FROM cast_info AS ci,
	     info_type AS it1,
	     info_type AS it2,
	     keyword AS k,
	     movie_info AS mi,
	     movie_info_idx AS mi_idx,
	     movie_keyword AS mk,
	     name AS n,
	     title AS t
	WHERE ci.note IN ('(writer)',
	                  '(head writer)',
	                  '(written by)',
	                  '(story)',
	                  '(story editor)')
	  AND it1.info = 'genres'
	  AND it2.info = 'votes'
	  AND k.keyword IN ('murder',
	                    'blood',
	                    'gore',
	                    'death',
	                    'female-nudity')
	  AND mi.info = 'Horror'
	  AND n.gender = 'm'
	  AND t.id = mi.movie_id
	  AND t.id = mi_idx.movie_id
	  AND t.id = ci.movie_id
	  AND t.id = mk.movie_id
	  AND ci.movie_id = mi.movie_id
	  AND ci.movie_id = mi_idx.movie_id
	  AND ci.movie_id = mk.movie_id
	  AND mi.movie_id = mi_idx.movie_id
	  AND mi.movie_id = mk.movie_id
	  AND mi_idx.movie_id = mk.movie_id
	  AND n.id = ci.person_id
	  AND it1.id = mi.info_type_id
	  AND it2.id = mi_idx.info_type_id
	  AND k.id = mk.keyword_id;
	
	
2026-02-06 01:36:49.473 UTC [3053608] AiChaosN@imdbload ERROR:  canceling statement due to statement timeout
2026-02-06 01:36:49.473 UTC [3053608] AiChaosN@imdbload STATEMENT:  SELECT MIN(mi.info) AS movie_budget,
	       MIN(mi_idx.info) AS movie_votes,
	       MIN(n.name) AS male_writer,
	       MIN(t.title) AS violent_movie_title
	FROM cast_info AS ci,
	     info_type AS it1,
	     info_type AS it2,
	     keyword AS k,
	     movie_info AS mi,
	     movie_info_idx AS mi_idx,
	     movie_keyword AS mk,
	     name AS n,
	     title AS t
	WHERE ci.note IN ('(writer)',
	                  '(head writer)',
	                  '(written by)',
	                  '(story)',
	                  '(story editor)')
	  AND it1.info = 'genres'
	  AND it2.info = 'votes'
	  AND k.keyword IN ('murder',
	                    'blood',
	                    'gore',
	                    'death',
	                    'female-nudity')
	  AND mi.info = 'Horror'
	  AND n.gender = 'm'
	  AND t.id = mi.movie_id
	  AND t.id = mi_idx.movie_id
	  AND t.id = ci.movie_id
	  AND t.id = mk.movie_id
	  AND ci.movie_id = mi.movie_id
	  AND ci.movie_id = mi_idx.movie_id
	  AND ci.movie_id = mk.movie_id
	  AND mi.movie_id = mi_idx.movie_id
	  AND mi.movie_id = mk.movie_id
	  AND mi_idx.movie_id = mk.movie_id
	  AND n.id = ci.person_id
	  AND it1.id = mi.info_type_id
	  AND it2.id = mi_idx.info_type_id
	  AND k.id = mk.keyword_id;
	
	
2026-02-06 01:37:21.493 UTC [3054145] AiChaosN@imdbload ERROR:  canceling statement due to statement timeout
2026-02-06 01:37:21.493 UTC [3054145] AiChaosN@imdbload STATEMENT:  SELECT MIN(chn.name) AS voiced_char,
	       MIN(n.name) AS voicing_actress,
	       MIN(t.title) AS voiced_animation
	FROM aka_name AS an,
	     complete_cast AS cc,
	     comp_cast_type AS cct1,
	     comp_cast_type AS cct2,
	     char_name AS chn,
	     cast_info AS ci,
	     company_name AS cn,
	     info_type AS it,
	     info_type AS it3,
	     keyword AS k,
	     movie_companies AS mc,
	     movie_info AS mi,
	     movie_keyword AS mk,
	     name AS n,
	     person_info AS pi1,
	     role_type AS rt,
	     title AS t
	WHERE cct1.kind ='cast'
	  AND cct2.kind ='complete+verified'
	  AND chn.name = 'Queen'
	  AND ci.note IN ('(voice)',
	                  '(voice) (uncredited)',
	                  '(voice: English version)')
	  AND cn.country_code ='[us]'
	  AND it.info = 'release dates'
	  AND it3.info = 'trivia'
	  AND k.keyword = 'computer-animation'
	  AND mi.info IS NOT NULL
	  AND (mi.info LIKE 'Japan:%200%'
	       OR mi.info LIKE 'USA:%200%')
	  AND n.gender ='f'
	  AND n.name LIKE '%An%'
	  AND rt.role ='actress'
	  AND t.title = 'Shrek 2'
	  AND t.production_year BETWEEN 2000 AND 2010
	  AND t.id = mi.movie_id
	  AND t.id = mc.movie_id
	  AND t.id = ci.movie_id
	  AND t.id = mk.movie_id
	  AND t.id = cc.movie_id
	  AND mc.movie_id = ci.movie_id
	  AND mc.movie_id = mi.movie_id
	  AND mc.movie_id = mk.movie_id
	  AND mc.movie_id = cc.movie_id
	  AND mi.movie_id = ci.movie_id
	  AND mi.movie_id = mk.movie_id
	  AND mi.movie_id = cc.movie_id
	  AND ci.movie_id = mk.movie_id
	  AND ci.movie_id = cc.movie_id
	  AND mk.movie_id = cc.movie_id
	  AND cn.id = mc.company_id
	  AND it.id = mi.info_type_id
	  AND n.id = ci.person_id
	  AND rt.id = ci.role_id
	  AND n.id = an.person_id
	  AND ci.person_id = an.person_id
	  AND chn.id = ci.person_role_id
	  AND n.id = pi1.person_id
	  AND ci.person_id = pi1.person_id
	  AND it3.id = pi1.info_type_id
	  AND k.id = mk.keyword_id
	  AND cct1.id = cc.subject_id
	  AND cct2.id = cc.status_id;
	
	
2026-02-06 01:37:22.084 UTC [3054680] AiChaosN@imdbload LOG:  Bao planning selected arm 3, in 164.763000 CPU ms.
2026-02-06 01:37:22.084 UTC [3054680] AiChaosN@imdbload STATEMENT:  SELECT MIN(k.keyword) AS movie_keyword,
	       MIN(n.name) AS actor_name,
	       MIN(t.title) AS hero_movie
	FROM cast_info AS ci,
	     keyword AS k,
	     movie_keyword AS mk,
	     name AS n,
	     title AS t
	WHERE k.keyword IN ('superhero',
	                    'sequel',
	                    'second-part',
	                    'marvel-comics',
	                    'based-on-comic',
	                    'tv-special',
	                    'fight',
	                    'violence')
	  AND n.name LIKE '%Downey%Robert%'
	  AND t.production_year > 2014
	  AND k.id = mk.keyword_id
	  AND t.id = mk.movie_id
	  AND t.id = ci.movie_id
	  AND ci.movie_id = mk.movie_id
	  AND n.id = ci.person_id;
	
	
2026-02-06 01:37:29.241 UTC [3054859] AiChaosN@imdbload LOG:  Bao planning selected arm 36, in 169.873000 CPU ms.
2026-02-06 01:37:29.241 UTC [3054859] AiChaosN@imdbload STATEMENT:  SELECT MIN(mi.info) AS movie_budget,
	       MIN(mi_idx.info) AS movie_votes,
	       MIN(t.title) AS movie_title
	FROM cast_info AS ci,
	     info_type AS it1,
	     info_type AS it2,
	     movie_info AS mi,
	     movie_info_idx AS mi_idx,
	     name AS n,
	     title AS t
	WHERE ci.note IN ('(producer)',
	                  '(executive producer)')
	  AND it1.info = 'budget'
	  AND it2.info = 'votes'
	  AND n.gender = 'm'
	  AND n.name LIKE '%Tim%'
	  AND t.id = mi.movie_id
	  AND t.id = mi_idx.movie_id
	  AND t.id = ci.movie_id
	  AND ci.movie_id = mi.movie_id
	  AND ci.movie_id = mi_idx.movie_id
	  AND mi.movie_id = mi_idx.movie_id
	  AND n.id = ci.person_id
	  AND it1.id = mi.info_type_id
	  AND it2.id = mi_idx.info_type_id;
	
	
2026-02-06 01:37:39.820 UTC [3055052] AiChaosN@imdbload LOG:  Bao planning selected arm 29, in 201.937000 CPU ms.
2026-02-06 01:37:39.820 UTC [3055052] AiChaosN@imdbload STATEMENT:  SELECT MIN(n.name) AS cast_member_name,
	       MIN(pi1.info) AS cast_member_info
	FROM aka_name AS an,
	     cast_info AS ci,
	     info_type AS it,
	     link_type AS lt,
	     movie_link AS ml,
	     name AS n,
	     person_info AS pi1,
	     title AS t
	WHERE an.name IS NOT NULL
	  AND (an.name LIKE '%a%'
	       OR an.name LIKE 'A%')
	  AND it.info ='mini biography'
	  AND lt.link IN ('references',
	                  'referenced in',
	                  'features',
	                  'featured in')
	  AND n.name_pcode_cf BETWEEN 'A' AND 'F'
	  AND (n.gender='m'
	       OR (n.gender = 'f'
	           AND n.name LIKE 'A%'))
	  AND pi1.note IS NOT NULL
	  AND t.production_year BETWEEN 1980 AND 2010
	  AND n.id = an.person_id
	  AND n.id = pi1.person_id
	  AND ci.person_id = n.id
	  AND t.id = ci.movie_id
	  AND ml.linked_movie_id = t.id
	  AND lt.id = ml.link_type_id
	  AND it.id = pi1.info_type_id
	  AND pi1.person_id = an.person_id
	  AND pi1.person_id = ci.person_id
	  AND an.person_id = ci.person_id
	  AND ci.movie_id = ml.linked_movie_id;
	
	
2026-02-06 01:37:42.511 UTC [3055124] AiChaosN@imdbload LOG:  Bao planning selected arm 35, in 345.028000 CPU ms.
2026-02-06 01:37:42.511 UTC [3055124] AiChaosN@imdbload STATEMENT:  SELECT MIN(mi.info) AS release_date,
	       MIN(t.title) AS internet_movie
	FROM aka_title AS aka_t,
	     company_name AS cn,
	     company_type AS ct,
	     info_type AS it1,
	     keyword AS k,
	     movie_companies AS mc,
	     movie_info AS mi,
	     movie_keyword AS mk,
	     title AS t
	WHERE cn.country_code = '[us]'
	  AND it1.info = 'release dates'
	  AND mc.note LIKE '%(200%)%'
	  AND mc.note LIKE '%(worldwide)%'
	  AND mi.note LIKE '%internet%'
	  AND mi.info LIKE 'USA:% 200%'
	  AND t.production_year > 2000
	  AND t.id = aka_t.movie_id
	  AND t.id = mi.movie_id
	  AND t.id = mk.movie_id
	  AND t.id = mc.movie_id
	  AND mk.movie_id = mi.movie_id
	  AND mk.movie_id = mc.movie_id
	  AND mk.movie_id = aka_t.movie_id
	  AND mi.movie_id = mc.movie_id
	  AND mi.movie_id = aka_t.movie_id
	  AND mc.movie_id = aka_t.movie_id
	  AND k.id = mk.keyword_id
	  AND it1.id = mi.info_type_id
	  AND cn.id = mc.company_id
	  AND ct.id = mc.company_type_id;
	
2026-02-06 01:38:14.129 UTC [3055124] AiChaosN@imdbload ERROR:  canceling statement due to statement timeout
2026-02-06 01:38:14.129 UTC [3055124] AiChaosN@imdbload STATEMENT:  SELECT MIN(mi.info) AS release_date,
	       MIN(t.title) AS internet_movie
	FROM aka_title AS aka_t,
	     company_name AS cn,
	     company_type AS ct,
	     info_type AS it1,
	     keyword AS k,
	     movie_companies AS mc,
	     movie_info AS mi,
	     movie_keyword AS mk,
	     title AS t
	WHERE cn.country_code = '[us]'
	  AND it1.info = 'release dates'
	  AND mc.note LIKE '%(200%)%'
	  AND mc.note LIKE '%(worldwide)%'
	  AND mi.note LIKE '%internet%'
	  AND mi.info LIKE 'USA:% 200%'
	  AND t.production_year > 2000
	  AND t.id = aka_t.movie_id
	  AND t.id = mi.movie_id
	  AND t.id = mk.movie_id
	  AND t.id = mc.movie_id
	  AND mk.movie_id = mi.movie_id
	  AND mk.movie_id = mc.movie_id
	  AND mk.movie_id = aka_t.movie_id
	  AND mi.movie_id = mc.movie_id
	  AND mi.movie_id = aka_t.movie_id
	  AND mc.movie_id = aka_t.movie_id
	  AND k.id = mk.keyword_id
	  AND it1.id = mi.info_type_id
	  AND cn.id = mc.company_id
	  AND ct.id = mc.company_type_id;
	
2026-02-06 01:38:14.320 UTC [3055684] AiChaosN@imdbload LOG:  Bao planning selected arm 37, in 146.861000 CPU ms.
2026-02-06 01:38:14.320 UTC [3055684] AiChaosN@imdbload STATEMENT:  SELECT MIN(t.title) AS movie_title
	FROM company_name AS cn,
	     keyword AS k,
	     movie_companies AS mc,
	     movie_keyword AS mk,
	     title AS t
	WHERE cn.country_code ='[us]'
	  AND k.keyword ='character-name-in-title'
	  AND cn.id = mc.company_id
	  AND mc.movie_id = t.id
	  AND t.id = mk.movie_id
	  AND mk.keyword_id = k.id
	  AND mc.movie_id = mk.movie_id;
	
	
2026-02-06 01:38:46.149 UTC [3055684] AiChaosN@imdbload ERROR:  canceling statement due to statement timeout
2026-02-06 01:38:46.149 UTC [3055684] AiChaosN@imdbload STATEMENT:  SELECT MIN(t.title) AS movie_title
	FROM company_name AS cn,
	     keyword AS k,
	     movie_companies AS mc,
	     movie_keyword AS mk,
	     title AS t
	WHERE cn.country_code ='[us]'
	  AND k.keyword ='character-name-in-title'
	  AND cn.id = mc.company_id
	  AND mc.movie_id = t.id
	  AND t.id = mk.movie_id
	  AND mk.keyword_id = k.id
	  AND mc.movie_id = mk.movie_id;
	
	
2026-02-06 01:38:46.671 UTC [3056222] AiChaosN@imdbload LOG:  Bao planning selected arm 36, in 471.764000 CPU ms.
2026-02-06 01:38:46.671 UTC [3056222] AiChaosN@imdbload STATEMENT:  SELECT MIN(n.name) AS voicing_actress,
	       MIN(t.title) AS kung_fu_panda
	FROM aka_name AS an,
	     char_name AS chn,
	     cast_info AS ci,
	     company_name AS cn,
	     info_type AS it,
	     movie_companies AS mc,
	     movie_info AS mi,
	     name AS n,
	     role_type AS rt,
	     title AS t
	WHERE ci.note = '(voice)'
	  AND cn.country_code ='[us]'
	  AND it.info = 'release dates'
	  AND mc.note LIKE '%(200%)%'
	  AND (mc.note LIKE '%(USA)%'
	       OR mc.note LIKE '%(worldwide)%')
	  AND mi.info IS NOT NULL
	  AND (mi.info LIKE 'Japan:%2007%'
	       OR mi.info LIKE 'USA:%2008%')
	  AND n.gender ='f'
	  AND n.name LIKE '%Angel%'
	  AND rt.role ='actress'
	  AND t.production_year BETWEEN 2007 AND 2008
	  AND t.title LIKE '%Kung%Fu%Panda%'
	  AND t.id = mi.movie_id
	  AND t.id = mc.movie_id
	  AND t.id = ci.movie_id
	  AND mc.movie_id = ci.movie_id
	  AND mc.movie_id = mi.movie_id
	  AND mi.movie_id = ci.movie_id
	  AND cn.id = mc.company_id
	  AND it.id = mi.info_type_id
	  AND n.id = ci.person_id
	  AND rt.id = ci.role_id
	  AND n.id = an.person_id
	  AND ci.person_id = an.person_id
	  AND chn.id = ci.person_role_id;
	
	
2026-02-06 01:38:52.948 UTC [3056346] AiChaosN@imdbload LOG:  Bao planning selected arm 36, in 359.420000 CPU ms.
2026-02-06 01:38:52.948 UTC [3056346] AiChaosN@imdbload STATEMENT:  SELECT MIN(n.name) AS cast_member,
	       MIN(t.title) AS complete_dynamic_hero_movie
	FROM complete_cast AS cc,
	     comp_cast_type AS cct1,
	     comp_cast_type AS cct2,
	     char_name AS chn,
	     cast_info AS ci,
	     keyword AS k,
	     kind_type AS kt,
	     movie_keyword AS mk,
	     name AS n,
	     title AS t
	WHERE cct1.kind = 'cast'
	  AND cct2.kind LIKE '%complete%'
	  AND chn.name IS NOT NULL
	  AND (chn.name LIKE '%man%'
	       OR chn.name LIKE '%Man%')
	  AND k.keyword IN ('superhero',
	                    'marvel-comics',
	                    'based-on-comic',
	                    'tv-special',
	                    'fight',
	                    'violence',
	                    'magnet',
	                    'web',
	                    'claw',
	                    'laser')
	  AND kt.kind = 'movie'
	  AND t.production_year > 2000
	  AND kt.id = t.kind_id
	  AND t.id = mk.movie_id
	  AND t.id = ci.movie_id
	  AND t.id = cc.movie_id
	  AND mk.movie_id = ci.movie_id
	  AND mk.movie_id = cc.movie_id
	  AND ci.movie_id = cc.movie_id
	  AND chn.id = ci.person_role_id
	  AND n.id = ci.person_id
	  AND k.id = mk.keyword_id
	  AND cct1.id = cc.subject_id
	  AND cct2.id = cc.status_id;
	
	
2026-02-06 01:39:12.610 UTC [3056688] AiChaosN@imdbload LOG:  Bao planning selected arm 36, in 199.521000 CPU ms.
2026-02-06 01:39:12.610 UTC [3056688] AiChaosN@imdbload STATEMENT:  SELECT MIN(mi.info) AS movie_budget,
	       MIN(mi_idx.info) AS movie_votes,
	       MIN(t.title) AS movie_title
	FROM cast_info AS ci,
	     info_type AS it1,
	     info_type AS it2,
	     movie_info AS mi,
	     movie_info_idx AS mi_idx,
	     name AS n,
	     title AS t
	WHERE ci.note IN ('(writer)',
	                  '(head writer)',
	                  '(written by)',
	                  '(story)',
	                  '(story editor)')
	  AND it1.info = 'genres'
	  AND it2.info = 'votes'
	  AND mi.info IN ('Horror',
	                  'Action',
	                  'Sci-Fi',
	                  'Thriller',
	                  'Crime',
	                  'War')
	  AND n.gender = 'm'
	  AND t.id = mi.movie_id
	  AND t.id = mi_idx.movie_id
	  AND t.id = ci.movie_id
	  AND ci.movie_id = mi.movie_id
	  AND ci.movie_id = mi_idx.movie_id
	  AND mi.movie_id = mi_idx.movie_id
	  AND n.id = ci.person_id
	  AND it1.id = mi.info_type_id
	  AND it2.id = mi_idx.info_type_id;
	
	
2026-02-06 01:39:19.892 UTC [3056831] AiChaosN@imdbload LOG:  Bao planning selected arm 3, in 217.776000 CPU ms.
2026-02-06 01:39:19.892 UTC [3056831] AiChaosN@imdbload STATEMENT:  SELECT MIN(an.name) AS alternative_name,
	       MIN(chn.name) AS voiced_char_name,
	       MIN(n.name) AS voicing_actress,
	       MIN(t.title) AS american_movie
	FROM aka_name AS an,
	     char_name AS chn,
	     cast_info AS ci,
	     company_name AS cn,
	     movie_companies AS mc,
	     name AS n,
	     role_type AS rt,
	     title AS t
	WHERE ci.note IN ('(voice)',
	                  '(voice: Japanese version)',
	                  '(voice) (uncredited)',
	                  '(voice: English version)')
	  AND cn.country_code ='[us]'
	  AND n.gender ='f'
	  AND rt.role ='actress'
	  AND ci.movie_id = t.id
	  AND t.id = mc.movie_id
	  AND ci.movie_id = mc.movie_id
	  AND mc.company_id = cn.id
	  AND ci.role_id = rt.id
	  AND n.id = ci.person_id
	  AND chn.id = ci.person_role_id
	  AND an.person_id = n.id
	  AND an.person_id = ci.person_id;
	
	
2026-02-06 01:39:23.762 UTC [3056886] AiChaosN@imdbload LOG:  Bao planning selected arm 36, in 1228.807000 CPU ms.
2026-02-06 01:39:23.762 UTC [3056886] AiChaosN@imdbload STATEMENT:  SELECT MIN(chn.name) AS character_name,
	       MIN(mi_idx.info) AS rating,
	       MIN(t.title) AS complete_hero_movie
	FROM complete_cast AS cc,
	     comp_cast_type AS cct1,
	     comp_cast_type AS cct2,
	     char_name AS chn,
	     cast_info AS ci,
	     info_type AS it2,
	     keyword AS k,
	     kind_type AS kt,
	     movie_info_idx AS mi_idx,
	     movie_keyword AS mk,
	     name AS n,
	     title AS t
	WHERE cct1.kind = 'cast'
	  AND cct2.kind LIKE '%complete%'
	  AND chn.name IS NOT NULL
	  AND (chn.name LIKE '%man%'
	       OR chn.name LIKE '%Man%')
	  AND it2.info = 'rating'
	  AND k.keyword IN ('superhero',
	                    'marvel-comics',
	                    'based-on-comic',
	                    'tv-special',
	                    'fight',
	                    'violence',
	                    'magnet',
	                    'web',
	                    'claw',
	                    'laser')
	  AND kt.kind = 'movie'
	  AND t.production_year > 2000
	  AND kt.id = t.kind_id
	  AND t.id = mk.movie_id
	  AND t.id = ci.movie_id
	  AND t.id = cc.movie_id
	  AND t.id = mi_idx.movie_id
	  AND mk.movie_id = ci.movie_id
	  AND mk.movie_id = cc.movie_id
	  AND mk.movie_id = mi_idx.movie_id
	  AND ci.movie_id = cc.movie_id
	  AND ci.movie_id = mi_idx.movie_id
	  AND cc.movie_id = mi_idx.movie_id
	  AND chn.id = ci.person_role_id
	  AND n.id = ci.person_id
	  AND k.id = mk.keyword_id
	  AND cct1.id = cc.subject_id
	  AND cct2.id = cc.status_id
	  AND it2.id = mi_idx.info_type_id;
	
	
2026-02-06 01:39:43.104 UTC [3057251] AiChaosN@imdbload LOG:  Bao planning selected arm 33, in 353.374000 CPU ms.
2026-02-06 01:39:43.104 UTC [3057251] AiChaosN@imdbload STATEMENT:  SELECT MIN(mi.info) AS release_date,
	       MIN(t.title) AS youtube_movie
	FROM aka_title AS aka_t,
	     company_name AS cn,
	     company_type AS ct,
	     info_type AS it1,
	     keyword AS k,
	     movie_companies AS mc,
	     movie_info AS mi,
	     movie_keyword AS mk,
	     title AS t
	WHERE cn.country_code = '[us]'
	  AND cn.name = 'YouTube'
	  AND it1.info = 'release dates'
	  AND mc.note LIKE '%(200%)%'
	  AND mc.note LIKE '%(worldwide)%'
	  AND mi.note LIKE '%internet%'
	  AND mi.info LIKE 'USA:% 200%'
	  AND t.production_year BETWEEN 2005 AND 2010
	  AND t.id = aka_t.movie_id
	  AND t.id = mi.movie_id
	  AND t.id = mk.movie_id
	  AND t.id = mc.movie_id
	  AND mk.movie_id = mi.movie_id
	  AND mk.movie_id = mc.movie_id
	  AND mk.movie_id = aka_t.movie_id
	  AND mi.movie_id = mc.movie_id
	  AND mi.movie_id = aka_t.movie_id
	  AND mc.movie_id = aka_t.movie_id
	  AND k.id = mk.keyword_id
	  AND it1.id = mi.info_type_id
	  AND cn.id = mc.company_id
	  AND ct.id = mc.company_type_id;
	
	
2026-02-06 01:39:52.915 UTC [3057474] AiChaosN@imdbload LOG:  Bao planning selected arm 33, in 200.366000 CPU ms.
2026-02-06 01:39:52.915 UTC [3057474] AiChaosN@imdbload STATEMENT:  SELECT MIN(cn.name) AS movie_company,
	       MIN(mi_idx.info) AS rating,
	       MIN(t.title) AS drama_horror_movie
	FROM company_name AS cn,
	     company_type AS ct,
	     info_type AS it1,
	     info_type AS it2,
	     movie_companies AS mc,
	     movie_info AS mi,
	     movie_info_idx AS mi_idx,
	     title AS t
	WHERE cn.country_code = '[us]'
	  AND ct.kind = 'production companies'
	  AND it1.info = 'genres'
	  AND it2.info = 'rating'
	  AND mi.info IN ('Drama',
	                  'Horror')
	  AND mi_idx.info > '8.0'
	  AND t.production_year BETWEEN 2005 AND 2008
	  AND t.id = mi.movie_id
	  AND t.id = mi_idx.movie_id
	  AND mi.info_type_id = it1.id
	  AND mi_idx.info_type_id = it2.id
	  AND t.id = mc.movie_id
	  AND ct.id = mc.company_type_id
	  AND cn.id = mc.company_id
	  AND mc.movie_id = mi.movie_id
	  AND mc.movie_id = mi_idx.movie_id
	  AND mi.movie_id = mi_idx.movie_id;
	
	
2026-02-06 01:39:56.500 UTC [3057560] AiChaosN@imdbload LOG:  Bao planning selected arm 34, in 128.477000 CPU ms.
2026-02-06 01:39:56.500 UTC [3057560] AiChaosN@imdbload STATEMENT:  SELECT MIN(t.title) AS movie_title
	FROM keyword AS k,
	     movie_info AS mi,
	     movie_keyword AS mk,
	     title AS t
	WHERE k.keyword LIKE '%sequel%'
	  AND mi.info IN ('Sweden',
	                  'Norway',
	                  'Germany',
	                  'Denmark',
	                  'Swedish',
	                  'Denish',
	                  'Norwegian',
	                  'German')
	  AND t.production_year > 2005
	  AND t.id = mi.movie_id
	  AND t.id = mk.movie_id
	  AND mk.movie_id = mi.movie_id
	  AND k.id = mk.keyword_id;
	
	
2026-02-06 01:40:03.781 UTC [3057703] AiChaosN@imdbload LOG:  Bao planning selected arm 33, in 332.716000 CPU ms.
2026-02-06 01:40:03.781 UTC [3057703] AiChaosN@imdbload STATEMENT:  SELECT MIN(cn.name) AS company_name,
	       MIN(lt.link) AS link_type,
	       MIN(t.title) AS western_follow_up
	FROM company_name AS cn,
	     company_type AS ct,
	     keyword AS k,
	     link_type AS lt,
	     movie_companies AS mc,
	     movie_info AS mi,
	     movie_keyword AS mk,
	     movie_link AS ml,
	     title AS t
	WHERE cn.country_code !='[pl]'
	  AND (cn.name LIKE '%Film%'
	       OR cn.name LIKE '%Warner%')
	  AND ct.kind ='production companies'
	  AND k.keyword ='sequel'
	  AND lt.link LIKE '%follow%'
	  AND mc.note IS NULL
	  AND mi.info IN ('Sweden',
	                  'Norway',
	                  'Germany',
	                  'Denmark',
	                  'Swedish',
	                  'Denish',
	                  'Norwegian',
	                  'German',
	                  'English')
	  AND t.production_year BETWEEN 1950 AND 2010
	  AND lt.id = ml.link_type_id
	  AND ml.movie_id = t.id
	  AND t.id = mk.movie_id
	  AND mk.keyword_id = k.id
	  AND t.id = mc.movie_id
	  AND mc.company_type_id = ct.id
	  AND mc.company_id = cn.id
	  AND mi.movie_id = t.id
	  AND ml.movie_id = mk.movie_id
	  AND ml.movie_id = mc.movie_id
	  AND mk.movie_id = mc.movie_id
	  AND ml.movie_id = mi.movie_id
	  AND mk.movie_id = mi.movie_id
	  AND mc.movie_id = mi.movie_id;
	
	
2026-02-06 01:40:04.910 UTC [3057704] AiChaosN@imdbload LOG:  Bao planning selected arm 33, in 671.887000 CPU ms.
2026-02-06 01:40:04.910 UTC [3057704] AiChaosN@imdbload STATEMENT:  SELECT MIN(cn.name) AS movie_company,
	       MIN(mi_idx.info) AS rating,
	       MIN(t.title) AS western_violent_movie
	FROM company_name AS cn,
	     company_type AS ct,
	     info_type AS it1,
	     info_type AS it2,
	     keyword AS k,
	     kind_type AS kt,
	     movie_companies AS mc,
	     movie_info AS mi,
	     movie_info_idx AS mi_idx,
	     movie_keyword AS mk,
	     title AS t
	WHERE cn.country_code != '[us]'
	  AND it1.info = 'countries'
	  AND it2.info = 'rating'
	  AND k.keyword IN ('murder',
	                    'murder-in-title',
	                    'blood',
	                    'violence')
	  AND kt.kind IN ('movie',
	                  'episode')
	  AND mc.note NOT LIKE '%(USA)%'
	  AND mc.note LIKE '%(200%)%'
	  AND mi.info IN ('Sweden',
	                  'Norway',
	                  'Germany',
	                  'Denmark',
	                  'Swedish',
	                  'Danish',
	                  'Norwegian',
	                  'German',
	                  'USA',
	                  'American')
	  AND mi_idx.info < '8.5'
	  AND t.production_year > 2005
	  AND kt.id = t.kind_id
	  AND t.id = mi.movie_id
	  AND t.id = mk.movie_id
	  AND t.id = mi_idx.movie_id
	  AND t.id = mc.movie_id
	  AND mk.movie_id = mi.movie_id
	  AND mk.movie_id = mi_idx.movie_id
	  AND mk.movie_id = mc.movie_id
	  AND mi.movie_id = mi_idx.movie_id
	  AND mi.movie_id = mc.movie_id
	  AND mc.movie_id = mi_idx.movie_id
	  AND k.id = mk.keyword_id
	  AND it1.id = mi.info_type_id
	  AND it2.id = mi_idx.info_type_id
	  AND ct.id = mc.company_type_id
	  AND cn.id = mc.company_id;
	
	
2026-02-06 01:40:13.698 UTC [3057911] AiChaosN@imdbload LOG:  Bao planning selected arm 33, in 135.890000 CPU ms.
2026-02-06 01:40:13.698 UTC [3057911] AiChaosN@imdbload STATEMENT:  SELECT MIN(t.title) AS typical_european_movie
	FROM company_type AS ct,
	     info_type AS it,
	     movie_companies AS mc,
	     movie_info AS mi,
	     title AS t
	WHERE ct.kind = 'production companies'
	  AND mc.note LIKE '%(theatrical)%'
	  AND mc.note LIKE '%(France)%'
	  AND mi.info IN ('Sweden',
	                  'Norway',
	                  'Germany',
	                  'Denmark',
	                  'Swedish',
	                  'Denish',
	                  'Norwegian',
	                  'German')
	  AND t.production_year > 2005
	  AND t.id = mi.movie_id
	  AND t.id = mc.movie_id
	  AND mc.movie_id = mi.movie_id
	  AND ct.id = mc.company_type_id
	  AND it.id = mi.info_type_id;
	
	
2026-02-06 01:40:20.379 UTC [3057912] AiChaosN@imdbload LOG:  Bao planning selected arm 33, in 6317.588000 CPU ms.
2026-02-06 01:40:20.379 UTC [3057912] AiChaosN@imdbload STATEMENT:  SELECT MIN(cn1.name) AS first_company,
	       MIN(cn2.name) AS second_company,
	       MIN(mii1.info) AS first_rating,
	       MIN(mii2.info) AS second_rating,
	       MIN(t1.title) AS first_movie,
	       MIN(t2.title) AS second_movie
	FROM company_name AS cn1,
	     company_name AS cn2,
	     info_type AS it1,
	     info_type AS it2,
	     kind_type AS kt1,
	     kind_type AS kt2,
	     link_type AS lt,
	     movie_companies AS mc1,
	     movie_companies AS mc2,
	     movie_info_idx AS mii1,
	     movie_info_idx AS mii2,
	     movie_link AS ml,
	     title AS t1,
	     title AS t2
	WHERE cn1.country_code = '[us]'
	  AND it1.info = 'rating'
	  AND it2.info = 'rating'
	  AND kt1.kind IN ('tv series')
	  AND kt2.kind IN ('tv series')
	  AND lt.link IN ('sequel',
	                  'follows',
	                  'followed by')
	  AND mii2.info < '3.0'
	  AND t2.production_year BETWEEN 2005 AND 2008
	  AND lt.id = ml.link_type_id
	  AND t1.id = ml.movie_id
	  AND t2.id = ml.linked_movie_id
	  AND it1.id = mii1.info_type_id
	  AND t1.id = mii1.movie_id
	  AND kt1.id = t1.kind_id
	  AND cn1.id = mc1.company_id
	  AND t1.id = mc1.movie_id
	  AND ml.movie_id = mii1.movie_id
	  AND ml.movie_id = mc1.movie_id
	  AND mii1.movie_id = mc1.movie_id
	  AND it2.id = mii2.info_type_id
	  AND t2.id = mii2.movie_id
	  AND kt2.id = t2.kind_id
	  AND cn2.id = mc2.company_id
	  AND t2.id = mc2.movie_id
	  AND ml.linked_movie_id = mii2.movie_id
	  AND ml.linked_movie_id = mc2.movie_id
	  AND mii2.movie_id = mc2.movie_id;
	
	
2026-02-06 01:40:22.586 UTC [3058087] AiChaosN@imdbload LOG:  Bao planning selected arm 33, in 370.339000 CPU ms.
2026-02-06 01:40:22.586 UTC [3058087] AiChaosN@imdbload STATEMENT:  SELECT MIN(t.title) AS complete_downey_ironman_movie
	FROM complete_cast AS cc,
	     comp_cast_type AS cct1,
	     comp_cast_type AS cct2,
	     char_name AS chn,
	     cast_info AS ci,
	     keyword AS k,
	     kind_type AS kt,
	     movie_keyword AS mk,
	     name AS n,
	     title AS t
	WHERE cct1.kind = 'cast'
	  AND cct2.kind LIKE '%complete%'
	  AND chn.name NOT LIKE '%Sherlock%'
	  AND (chn.name LIKE '%Tony%Stark%'
	       OR chn.name LIKE '%Iron%Man%')
	  AND k.keyword IN ('superhero',
	                    'sequel',
	                    'second-part',
	                    'marvel-comics',
	                    'based-on-comic',
	                    'tv-special',
	                    'fight',
	                    'violence')
	  AND kt.kind = 'movie'
	  AND t.production_year > 1950
	  AND kt.id = t.kind_id
	  AND t.id = mk.movie_id
	  AND t.id = ci.movie_id
	  AND t.id = cc.movie_id
	  AND mk.movie_id = ci.movie_id
	  AND mk.movie_id = cc.movie_id
	  AND ci.movie_id = cc.movie_id
	  AND chn.id = ci.person_role_id
	  AND n.id = ci.person_id
	  AND k.id = mk.keyword_id
	  AND cct1.id = cc.subject_id
	  AND cct2.id = cc.status_id;
	
	
2026-02-06 01:40:33.082 UTC [3058278] AiChaosN@imdbload LOG:  Bao planning selected arm 33, in 968.902000 CPU ms.
2026-02-06 01:40:33.082 UTC [3058278] AiChaosN@imdbload STATEMENT:  SELECT MIN(mi.info) AS movie_budget,
	       MIN(mi_idx.info) AS movie_votes,
	       MIN(n.name) AS writer,
	       MIN(t.title) AS violent_liongate_movie
	FROM cast_info AS ci,
	     company_name AS cn,
	     info_type AS it1,
	     info_type AS it2,
	     keyword AS k,
	     movie_companies AS mc,
	     movie_info AS mi,
	     movie_info_idx AS mi_idx,
	     movie_keyword AS mk,
	     name AS n,
	     title AS t
	WHERE ci.note IN ('(writer)',
	                  '(head writer)',
	                  '(written by)',
	                  '(story)',
	                  '(story editor)')
	  AND cn.name LIKE 'Lionsgate%'
	  AND it1.info = 'genres'
	  AND it2.info = 'votes'
	  AND k.keyword IN ('murder',
	                    'violence',
	                    'blood',
	                    'gore',
	                    'death',
	                    'female-nudity',
	                    'hospital')
	  AND mi.info IN ('Horror',
	                  'Action',
	                  'Sci-Fi',
	                  'Thriller',
	                  'Crime',
	                  'War')
	  AND t.id = mi.movie_id
	  AND t.id = mi_idx.movie_id
	  AND t.id = ci.movie_id
	  AND t.id = mk.movie_id
	  AND t.id = mc.movie_id
	  AND ci.movie_id = mi.movie_id
	  AND ci.movie_id = mi_idx.movie_id
	  AND ci.movie_id = mk.movie_id
	  AND ci.movie_id = mc.movie_id
	  AND mi.movie_id = mi_idx.movie_id
	  AND mi.movie_id = mk.movie_id
	  AND mi.movie_id = mc.movie_id
	  AND mi_idx.movie_id = mk.movie_id
	  AND mi_idx.movie_id = mc.movie_id
	  AND mk.movie_id = mc.movie_id
	  AND n.id = ci.person_id
	  AND it1.id = mi.info_type_id
	  AND it2.id = mi_idx.info_type_id
	  AND k.id = mk.keyword_id
	  AND cn.id = mc.company_id;
	
	
2026-02-06 01:40:44.399 UTC [3058498] AiChaosN@imdbload LOG:  Bao planning selected arm 33, in 138.174000 CPU ms.
2026-02-06 01:40:44.399 UTC [3058498] AiChaosN@imdbload STATEMENT:  SELECT MIN(mc.note) AS production_note,
	       MIN(t.title) AS movie_title,
	       MIN(t.production_year) AS movie_year
	FROM company_type AS ct,
	     info_type AS it,
	     movie_companies AS mc,
	     movie_info_idx AS mi_idx,
	     title AS t
	WHERE ct.kind = 'production companies'
	  AND it.info = 'top 250 rank'
	  AND mc.note NOT LIKE '%(as Metro-Goldwyn-Mayer Pictures)%'
	  AND (mc.note LIKE '%(co-production)%'
	       OR mc.note LIKE '%(presents)%')
	  AND ct.id = mc.company_type_id
	  AND t.id = mc.movie_id
	  AND t.id = mi_idx.movie_id
	  AND mc.movie_id = mi_idx.movie_id
	  AND it.id = mi_idx.info_type_id;
	
	
2026-02-06 01:40:46.451 UTC [3058532] AiChaosN@imdbload LOG:  Bao planning selected arm 33, in 479.312000 CPU ms.
2026-02-06 01:40:46.451 UTC [3058532] AiChaosN@imdbload STATEMENT:  SELECT MIN(n.name) AS voicing_actress,
	       MIN(t.title) AS voiced_movie
	FROM aka_name AS an,
	     char_name AS chn,
	     cast_info AS ci,
	     company_name AS cn,
	     info_type AS it,
	     movie_companies AS mc,
	     movie_info AS mi,
	     name AS n,
	     role_type AS rt,
	     title AS t
	WHERE ci.note IN ('(voice)',
	                  '(voice: Japanese version)',
	                  '(voice) (uncredited)',
	                  '(voice: English version)')
	  AND cn.country_code ='[us]'
	  AND it.info = 'release dates'
	  AND mc.note IS NOT NULL
	  AND (mc.note LIKE '%(USA)%'
	       OR mc.note LIKE '%(worldwide)%')
	  AND mi.info IS NOT NULL
	  AND (mi.info LIKE 'Japan:%200%'
	       OR mi.info LIKE 'USA:%200%')
	  AND n.gender ='f'
	  AND n.name LIKE '%Ang%'
	  AND rt.role ='actress'
	  AND t.production_year BETWEEN 2005 AND 2009
	  AND t.id = mi.movie_id
	  AND t.id = mc.movie_id
	  AND t.id = ci.movie_id
	  AND mc.movie_id = ci.movie_id
	  AND mc.movie_id = mi.movie_id
	  AND mi.movie_id = ci.movie_id
	  AND cn.id = mc.company_id
	  AND it.id = mi.info_type_id
	  AND n.id = ci.person_id
	  AND rt.id = ci.role_id
	  AND n.id = an.person_id
	  AND ci.person_id = an.person_id
	  AND chn.id = ci.person_role_id;
	
	
2026-02-06 01:41:04.792 UTC [3058907] AiChaosN@imdbload LOG:  Bao planning selected arm 3, in 155.824000 CPU ms.
2026-02-06 01:41:04.792 UTC [3058907] AiChaosN@imdbload STATEMENT:  SELECT MIN(lt.link) AS link_type,
	       MIN(t1.title) AS first_movie,
	       MIN(t2.title) AS second_movie
	FROM keyword AS k,
	     link_type AS lt,
	     movie_keyword AS mk,
	     movie_link AS ml,
	     title AS t1,
	     title AS t2
	WHERE k.keyword ='character-name-in-title'
	  AND mk.keyword_id = k.id
	  AND t1.id = mk.movie_id
	  AND ml.movie_id = t1.id
	  AND ml.linked_movie_id = t2.id
	  AND lt.id = ml.link_type_id
	  AND mk.movie_id = t1.id;
	
	
2026-02-06 01:41:05.161 UTC [3058930] AiChaosN@imdbload LOG:  Bao planning selected arm 37, in 176.150000 CPU ms.
2026-02-06 01:41:05.161 UTC [3058930] AiChaosN@imdbload STATEMENT:  SELECT MIN(an.name) AS writer_pseudo_name,
	       MIN(t.title) AS movie_title
	FROM aka_name AS an,
	     cast_info AS ci,
	     company_name AS cn,
	     movie_companies AS mc,
	     name AS n,
	     role_type AS rt,
	     title AS t
	WHERE cn.country_code ='[us]'
	  AND rt.role ='writer'
	  AND an.person_id = n.id
	  AND n.id = ci.person_id
	  AND ci.movie_id = t.id
	  AND t.id = mc.movie_id
	  AND mc.company_id = cn.id
	  AND ci.role_id = rt.id
	  AND an.person_id = ci.person_id
	  AND ci.movie_id = mc.movie_id;
	
	
2026-02-06 01:41:36.956 UTC [3058930] AiChaosN@imdbload ERROR:  canceling statement due to statement timeout
2026-02-06 01:41:36.956 UTC [3058930] AiChaosN@imdbload STATEMENT:  SELECT MIN(an.name) AS writer_pseudo_name,
	       MIN(t.title) AS movie_title
	FROM aka_name AS an,
	     cast_info AS ci,
	     company_name AS cn,
	     movie_companies AS mc,
	     name AS n,
	     role_type AS rt,
	     title AS t
	WHERE cn.country_code ='[us]'
	  AND rt.role ='writer'
	  AND an.person_id = n.id
	  AND n.id = ci.person_id
	  AND ci.movie_id = t.id
	  AND t.id = mc.movie_id
	  AND mc.company_id = cn.id
	  AND ci.role_id = rt.id
	  AND an.person_id = ci.person_id
	  AND ci.movie_id = mc.movie_id;
	
	
2026-02-06 01:41:37.123 UTC [3059485] AiChaosN@imdbload LOG:  Bao planning selected arm 27, in 136.004000 CPU ms.
2026-02-06 01:41:37.123 UTC [3059485] AiChaosN@imdbload STATEMENT:  SELECT MIN(mi_idx.info) AS rating,
	       MIN(t.title) AS movie_title
	FROM info_type AS it,
	     keyword AS k,
	     movie_info_idx AS mi_idx,
	     movie_keyword AS mk,
	     title AS t
	WHERE it.info ='rating'
	  AND k.keyword LIKE '%sequel%'
	  AND mi_idx.info > '5.0'
	  AND t.production_year > 2005
	  AND t.id = mi_idx.movie_id
	  AND t.id = mk.movie_id
	  AND mk.movie_id = mi_idx.movie_id
	  AND k.id = mk.keyword_id
	  AND it.id = mi_idx.info_type_id;
	
	
2026-02-06 01:41:40.545 UTC [3059561] AiChaosN@imdbload LOG:  Bao planning selected arm 36, in 257.991000 CPU ms.
2026-02-06 01:41:40.545 UTC [3059561] AiChaosN@imdbload STATEMENT:  SELECT MIN(mi.info) AS release_date,
	       MIN(miidx.info) AS rating,
	       MIN(t.title) AS german_movie
	FROM company_name AS cn,
	     company_type AS ct,
	     info_type AS it,
	     info_type AS it2,
	     kind_type AS kt,
	     movie_companies AS mc,
	     movie_info AS mi,
	     movie_info_idx AS miidx,
	     title AS t
	WHERE cn.country_code ='[de]'
	  AND ct.kind ='production companies'
	  AND it.info ='rating'
	  AND it2.info ='release dates'
	  AND kt.kind ='movie'
	  AND mi.movie_id = t.id
	  AND it2.id = mi.info_type_id
	  AND kt.id = t.kind_id
	  AND mc.movie_id = t.id
	  AND cn.id = mc.company_id
	  AND ct.id = mc.company_type_id
	  AND miidx.movie_id = t.id
	  AND it.id = miidx.info_type_id
	  AND mi.movie_id = miidx.movie_id
	  AND mi.movie_id = mc.movie_id
	  AND miidx.movie_id = mc.movie_id;
	
	
2026-02-06 01:41:47.889 UTC [3059699] AiChaosN@imdbload LOG:  Bao planning selected arm 17, in 167.690000 CPU ms.
2026-02-06 01:41:47.889 UTC [3059699] AiChaosN@imdbload STATEMENT:  SELECT MIN(n.name) AS member_in_charnamed_movie
	FROM cast_info AS ci,
	     company_name AS cn,
	     keyword AS k,
	     movie_companies AS mc,
	     movie_keyword AS mk,
	     name AS n,
	     title AS t
	WHERE k.keyword ='character-name-in-title'
	  AND n.name LIKE '%B%'
	  AND n.id = ci.person_id
	  AND ci.movie_id = t.id
	  AND t.id = mk.movie_id
	  AND mk.keyword_id = k.id
	  AND t.id = mc.movie_id
	  AND mc.company_id = cn.id
	  AND ci.movie_id = mc.movie_id
	  AND ci.movie_id = mk.movie_id
	  AND mc.movie_id = mk.movie_id;
	
	
2026-02-06 01:41:54.427 UTC [3059840] AiChaosN@imdbload LOG:  Bao planning selected arm 3, in 203.143000 CPU ms.
2026-02-06 01:41:54.427 UTC [3059840] AiChaosN@imdbload STATEMENT:  SELECT MIN(mi_idx.info) AS rating,
	       MIN(t.title) AS western_dark_production
	FROM info_type AS it1,
	     info_type AS it2,
	     keyword AS k,
	     kind_type AS kt,
	     movie_info AS mi,
	     movie_info_idx AS mi_idx,
	     movie_keyword AS mk,
	     title AS t
	WHERE it1.info = 'countries'
	  AND it2.info = 'rating'
	  AND k.keyword IN ('murder',
	                    'murder-in-title')
	  AND kt.kind = 'movie'
	  AND mi.info IN ('Sweden',
	                  'Norway',
	                  'Germany',
	                  'Denmark',
	                  'Swedish',
	                  'Denish',
	                  'Norwegian',
	                  'German',
	                  'USA',
	                  'American')
	  AND mi_idx.info > '6.0'
	  AND t.production_year > 2010
	  AND (t.title LIKE '%murder%'
	       OR t.title LIKE '%Murder%'
	       OR t.title LIKE '%Mord%')
	  AND kt.id = t.kind_id
	  AND t.id = mi.movie_id
	  AND t.id = mk.movie_id
	  AND t.id = mi_idx.movie_id
	  AND mk.movie_id = mi.movie_id
	  AND mk.movie_id = mi_idx.movie_id
	  AND mi.movie_id = mi_idx.movie_id
	  AND k.id = mk.keyword_id
	  AND it1.id = mi.info_type_id
	  AND it2.id = mi_idx.info_type_id;
	
	
2026-02-06 01:41:54.686 UTC [3059841] AiChaosN@imdbload LOG:  Bao planning selected arm 0, in 129.684000 CPU ms.
2026-02-06 01:41:54.686 UTC [3059841] AiChaosN@imdbload STATEMENT:  SELECT MIN(t.title) AS movie_title
	FROM keyword AS k,
	     movie_info AS mi,
	     movie_keyword AS mk,
	     title AS t
	WHERE k.keyword LIKE '%sequel%'
	  AND mi.info IN ('Sweden',
	                  'Norway',
	                  'Germany',
	                  'Denmark',
	                  'Swedish',
	                  'Denish',
	                  'Norwegian',
	                  'German',
	                  'USA',
	                  'American')
	  AND t.production_year > 1990
	  AND t.id = mi.movie_id
	  AND t.id = mk.movie_id
	  AND mk.movie_id = mi.movie_id
	  AND k.id = mk.keyword_id;
	
	
2026-02-06 01:42:00.584 UTC [3059848] AiChaosN@imdbload LOG:  Bao planning selected arm 36, in 5629.328000 CPU ms.
2026-02-06 01:42:00.584 UTC [3059848] AiChaosN@imdbload STATEMENT:  SELECT MIN(cn.name) AS movie_company,
	       MIN(mi_idx.info) AS rating,
	       MIN(t.title) AS complete_euro_dark_movie
	FROM complete_cast AS cc,
	     comp_cast_type AS cct1,
	     comp_cast_type AS cct2,
	     company_name AS cn,
	     company_type AS ct,
	     info_type AS it1,
	     info_type AS it2,
	     keyword AS k,
	     kind_type AS kt,
	     movie_companies AS mc,
	     movie_info AS mi,
	     movie_info_idx AS mi_idx,
	     movie_keyword AS mk,
	     title AS t
	WHERE cct1.kind = 'crew'
	  AND cct2.kind != 'complete+verified'
	  AND cn.country_code != '[us]'
	  AND it1.info = 'countries'
	  AND it2.info = 'rating'
	  AND k.keyword IN ('murder',
	                    'murder-in-title',
	                    'blood',
	                    'violence')
	  AND kt.kind IN ('movie',
	                  'episode')
	  AND mc.note NOT LIKE '%(USA)%'
	  AND mc.note LIKE '%(200%)%'
	  AND mi.info IN ('Sweden',
	                  'Norway',
	                  'Germany',
	                  'Denmark',
	                  'Swedish',
	                  'Danish',
	                  'Norwegian',
	                  'German',
	                  'USA',
	                  'American')
	  AND mi_idx.info < '8.5'
	  AND t.production_year > 2000
	  AND kt.id = t.kind_id
	  AND t.id = mi.movie_id
	  AND t.id = mk.movie_id
	  AND t.id = mi_idx.movie_id
	  AND t.id = mc.movie_id
	  AND t.id = cc.movie_id
	  AND mk.movie_id = mi.movie_id
	  AND mk.movie_id = mi_idx.movie_id
	  AND mk.movie_id = mc.movie_id
	  AND mk.movie_id = cc.movie_id
	  AND mi.movie_id = mi_idx.movie_id
	  AND mi.movie_id = mc.movie_id
	  AND mi.movie_id = cc.movie_id
	  AND mc.movie_id = mi_idx.movie_id
	  AND mc.movie_id = cc.movie_id
	  AND mi_idx.movie_id = cc.movie_id
	  AND k.id = mk.keyword_id
	  AND it1.id = mi.info_type_id
	  AND it2.id = mi_idx.info_type_id
	  AND ct.id = mc.company_type_id
	  AND cn.id = mc.company_id
	  AND cct1.id = cc.subject_id
	  AND cct2.id = cc.status_id;
	
	
2026-02-06 01:42:05.836 UTC [3060059] AiChaosN@imdbload LOG:  Bao planning selected arm 9, in 138.842000 CPU ms.
2026-02-06 01:42:05.836 UTC [3060059] AiChaosN@imdbload STATEMENT:  SELECT MIN(k.keyword) AS movie_keyword,
	       MIN(n.name) AS actor_name,
	       MIN(t.title) AS marvel_movie
	FROM cast_info AS ci,
	     keyword AS k,
	     movie_keyword AS mk,
	     name AS n,
	     title AS t
	WHERE k.keyword = 'marvel-cinematic-universe'
	  AND n.name LIKE '%Downey%Robert%'
	  AND t.production_year > 2000
	  AND k.id = mk.keyword_id
	  AND t.id = mk.movie_id
	  AND t.id = ci.movie_id
	  AND ci.movie_id = mk.movie_id
	  AND n.id = ci.person_id;
	
	
2026-02-06 01:42:08.008 UTC [3060126] AiChaosN@imdbload LOG:  Bao planning selected arm 3, in 137.656000 CPU ms.
2026-02-06 01:42:08.008 UTC [3060126] AiChaosN@imdbload STATEMENT:  SELECT MIN(t.title) AS movie_title
	FROM company_name AS cn,
	     keyword AS k,
	     movie_companies AS mc,
	     movie_keyword AS mk,
	     title AS t
	WHERE cn.country_code ='[nl]'
	  AND k.keyword ='character-name-in-title'
	  AND cn.id = mc.company_id
	  AND mc.movie_id = t.id
	  AND t.id = mk.movie_id
	  AND mk.keyword_id = k.id
	  AND mc.movie_id = mk.movie_id;
	
	
2026-02-06 01:42:14.299 UTC [3060274] AiChaosN@imdbload LOG:  Bao planning selected arm 31, in 155.874000 CPU ms.
2026-02-06 01:42:14.299 UTC [3060274] AiChaosN@imdbload STATEMENT:  SELECT MIN(chn.name) AS character,
	       MIN(t.title) AS movie_with_american_producer
	FROM char_name AS chn,
	     cast_info AS ci,
	     company_name AS cn,
	     company_type AS ct,
	     movie_companies AS mc,
	     role_type AS rt,
	     title AS t
	WHERE ci.note LIKE '%(producer)%'
	  AND cn.country_code = '[us]'
	  AND t.production_year > 1990
	  AND t.id = mc.movie_id
	  AND t.id = ci.movie_id
	  AND ci.movie_id = mc.movie_id
	  AND chn.id = ci.person_role_id
	  AND rt.id = ci.role_id
	  AND cn.id = mc.company_id
	  AND ct.id = mc.company_type_id;
	
2026-02-06 01:42:40.169 UTC [3060703] AiChaosN@imdbload LOG:  Bao planning selected arm 2, in 201.511000 CPU ms.
2026-02-06 01:42:40.169 UTC [3060703] AiChaosN@imdbload STATEMENT:  SELECT MIN(an.name) AS acress_pseudonym,
	       MIN(t.title) AS japanese_anime_movie
	FROM aka_name AS an,
	     cast_info AS ci,
	     company_name AS cn,
	     movie_companies AS mc,
	     name AS n,
	     role_type AS rt,
	     title AS t
	WHERE ci.note ='(voice: English version)'
	  AND cn.country_code ='[jp]'
	  AND mc.note LIKE '%(Japan)%'
	  AND mc.note NOT LIKE '%(USA)%'
	  AND (mc.note LIKE '%(2006)%'
	       OR mc.note LIKE '%(2007)%')
	  AND n.name LIKE '%Yo%'
	  AND n.name NOT LIKE '%Yu%'
	  AND rt.role ='actress'
	  AND t.production_year BETWEEN 2006 AND 2007
	  AND (t.title LIKE 'One Piece%'
	       OR t.title LIKE 'Dragon Ball Z%')
	  AND an.person_id = n.id
	  AND n.id = ci.person_id
	  AND ci.movie_id = t.id
	  AND t.id = mc.movie_id
	  AND mc.company_id = cn.id
	  AND ci.role_id = rt.id
	  AND an.person_id = ci.person_id
	  AND ci.movie_id = mc.movie_id;
	
	
2026-02-06 01:42:46.282 UTC [3060824] AiChaosN@imdbload LOG:  Bao planning selected arm 9, in 165.952000 CPU ms.
2026-02-06 01:42:46.282 UTC [3060824] AiChaosN@imdbload STATEMENT:  SELECT MIN(n.name) AS member_in_charnamed_american_movie,
	       MIN(n.name) AS a1
	FROM cast_info AS ci,
	     company_name AS cn,
	     keyword AS k,
	     movie_companies AS mc,
	     movie_keyword AS mk,
	     name AS n,
	     title AS t
	WHERE cn.country_code ='[us]'
	  AND k.keyword ='character-name-in-title'
	  AND n.name LIKE 'B%'
	  AND n.id = ci.person_id
	  AND ci.movie_id = t.id
	  AND t.id = mk.movie_id
	  AND mk.keyword_id = k.id
	  AND t.id = mc.movie_id
	  AND mc.company_id = cn.id
	  AND ci.movie_id = mc.movie_id
	  AND ci.movie_id = mk.movie_id
	  AND mc.movie_id = mk.movie_id;
	
	
2026-02-06 01:42:58.234 UTC [3061199] AiChaosN@imdbload LOG:  Bao planning selected arm 12, in 156.150000 CPU ms.
2026-02-06 01:42:58.234 UTC [3061199] AiChaosN@imdbload STATEMENT:  SELECT MIN(t.title) AS american_vhs_movie
	FROM company_type AS ct,
	     info_type AS it,
	     movie_companies AS mc,
	     movie_info AS mi,
	     title AS t
	WHERE ct.kind = 'production companies'
	  AND mc.note LIKE '%(VHS)%'
	  AND mc.note LIKE '%(USA)%'
	  AND mc.note LIKE '%(1994)%'
	  AND mi.info IN ('USA',
	                  'America')
	  AND t.production_year > 2010
	  AND t.id = mi.movie_id
	  AND t.id = mc.movie_id
	  AND mc.movie_id = mi.movie_id
	  AND ct.id = mc.company_type_id
	  AND it.id = mi.info_type_id;
	
	
2026-02-06 01:42:59.973 UTC [3061233] AiChaosN@imdbload LOG:  Bao planning selected arm 16, in 1201.713000 CPU ms.
2026-02-06 01:42:59.973 UTC [3061233] AiChaosN@imdbload STATEMENT:  SELECT MIN(chn.name) AS character_name,
	       MIN(mi_idx.info) AS rating,
	       MIN(t.title) AS complete_hero_movie
	FROM complete_cast AS cc,
	     comp_cast_type AS cct1,
	     comp_cast_type AS cct2,
	     char_name AS chn,
	     cast_info AS ci,
	     info_type AS it2,
	     keyword AS k,
	     kind_type AS kt,
	     movie_info_idx AS mi_idx,
	     movie_keyword AS mk,
	     name AS n,
	     title AS t
	WHERE cct1.kind = 'cast'
	  AND cct2.kind LIKE '%complete%'
	  AND chn.name IS NOT NULL
	  AND (chn.name LIKE '%man%'
	       OR chn.name LIKE '%Man%')
	  AND it2.info = 'rating'
	  AND k.keyword IN ('superhero',
	                    'marvel-comics',
	                    'based-on-comic',
	                    'fight')
	  AND kt.kind = 'movie'
	  AND mi_idx.info > '8.0'
	  AND t.production_year > 2005
	  AND kt.id = t.kind_id
	  AND t.id = mk.movie_id
	  AND t.id = ci.movie_id
	  AND t.id = cc.movie_id
	  AND t.id = mi_idx.movie_id
	  AND mk.movie_id = ci.movie_id
	  AND mk.movie_id = cc.movie_id
	  AND mk.movie_id = mi_idx.movie_id
	  AND ci.movie_id = cc.movie_id
	  AND ci.movie_id = mi_idx.movie_id
	  AND cc.movie_id = mi_idx.movie_id
	  AND chn.id = ci.person_role_id
	  AND n.id = ci.person_id
	  AND k.id = mk.keyword_id
	  AND cct1.id = cc.subject_id
	  AND cct2.id = cc.status_id
	  AND it2.id = mi_idx.info_type_id;
	
	
2026-02-06 01:43:11.970 UTC [3061477] AiChaosN@imdbload LOG:  Bao planning selected arm 8, in 195.031000 CPU ms.
2026-02-06 01:43:11.970 UTC [3061477] AiChaosN@imdbload STATEMENT:  SELECT MIN(mi_idx.info) AS rating,
	       MIN(t.title) AS north_european_dark_production
	FROM info_type AS it1,
	     info_type AS it2,
	     keyword AS k,
	     kind_type AS kt,
	     movie_info AS mi,
	     movie_info_idx AS mi_idx,
	     movie_keyword AS mk,
	     title AS t
	WHERE it1.info = 'countries'
	  AND it2.info = 'rating'
	  AND k.keyword IS NOT NULL
	  AND k.keyword IN ('murder',
	                    'murder-in-title',
	                    'blood',
	                    'violence')
	  AND kt.kind IN ('movie',
	                  'episode')
	  AND mi.info IN ('Sweden',
	                  'Norway',
	                  'Germany',
	                  'Denmark',
	                  'Swedish',
	                  'Danish',
	                  'Norwegian',
	                  'German',
	                  'USA',
	                  'American')
	  AND mi_idx.info < '8.5'
	  AND t.production_year > 2005
	  AND kt.id = t.kind_id
	  AND t.id = mi.movie_id
	  AND t.id = mk.movie_id
	  AND t.id = mi_idx.movie_id
	  AND mk.movie_id = mi.movie_id
	  AND mk.movie_id = mi_idx.movie_id
	  AND mi.movie_id = mi_idx.movie_id
	  AND k.id = mk.keyword_id
	  AND it1.id = mi.info_type_id
	  AND it2.id = mi_idx.info_type_id;
	
	
2026-02-06 01:43:17.156 UTC [3061584] AiChaosN@imdbload LOG:  Bao planning selected arm 8, in 359.727000 CPU ms.
2026-02-06 01:43:17.156 UTC [3061584] AiChaosN@imdbload STATEMENT:  SELECT MIN(t.title) AS complete_downey_ironman_movie
	FROM complete_cast AS cc,
	     comp_cast_type AS cct1,
	     comp_cast_type AS cct2,
	     char_name AS chn,
	     cast_info AS ci,
	     keyword AS k,
	     kind_type AS kt,
	     movie_keyword AS mk,
	     name AS n,
	     title AS t
	WHERE cct1.kind = 'cast'
	  AND cct2.kind LIKE '%complete%'
	  AND chn.name NOT LIKE '%Sherlock%'
	  AND (chn.name LIKE '%Tony%Stark%'
	       OR chn.name LIKE '%Iron%Man%')
	  AND k.keyword IN ('superhero',
	                    'sequel',
	                    'second-part',
	                    'marvel-comics',
	                    'based-on-comic',
	                    'tv-special',
	                    'fight',
	                    'violence')
	  AND kt.kind = 'movie'
	  AND n.name LIKE '%Downey%Robert%'
	  AND t.production_year > 2000
	  AND kt.id = t.kind_id
	  AND t.id = mk.movie_id
	  AND t.id = ci.movie_id
	  AND t.id = cc.movie_id
	  AND mk.movie_id = ci.movie_id
	  AND mk.movie_id = cc.movie_id
	  AND ci.movie_id = cc.movie_id
	  AND chn.id = ci.person_role_id
	  AND n.id = ci.person_id
	  AND k.id = mk.keyword_id
	  AND cct1.id = cc.subject_id
	  AND cct2.id = cc.status_id;
	
	
2026-02-06 01:43:27.027 UTC [3061772] AiChaosN@imdbload LOG:  Bao planning selected arm 2, in 137.400000 CPU ms.
2026-02-06 01:43:27.027 UTC [3061772] AiChaosN@imdbload STATEMENT:  SELECT MIN(mi_idx.info) AS rating,
	       MIN(t.title) AS movie_title
	FROM info_type AS it,
	     keyword AS k,
	     movie_info_idx AS mi_idx,
	     movie_keyword AS mk,
	     title AS t
	WHERE it.info ='rating'
	  AND k.keyword LIKE '%sequel%'
	  AND mi_idx.info > '9.0'
	  AND t.production_year > 2010
	  AND t.id = mi_idx.movie_id
	  AND t.id = mk.movie_id
	  AND mk.movie_id = mi_idx.movie_id
	  AND k.id = mk.keyword_id
	  AND it.id = mi_idx.info_type_id;
	
	
2026-02-06 01:43:28.848 UTC [3061807] AiChaosN@imdbload LOG:  Bao planning selected arm 9, in 250.513000 CPU ms.
2026-02-06 01:43:28.848 UTC [3061807] AiChaosN@imdbload STATEMENT:  SELECT MIN(cn.name) AS producing_company,
	       MIN(miidx.info) AS rating,
	       MIN(t.title) AS movie_about_winning
	FROM company_name AS cn,
	     company_type AS ct,
	     info_type AS it,
	     info_type AS it2,
	     kind_type AS kt,
	     movie_companies AS mc,
	     movie_info AS mi,
	     movie_info_idx AS miidx,
	     title AS t
	WHERE cn.country_code ='[us]'
	  AND ct.kind ='production companies'
	  AND it.info ='rating'
	  AND it2.info ='release dates'
	  AND kt.kind ='movie'
	  AND t.title != ''
	  AND (t.title LIKE 'Champion%'
	       OR t.title LIKE 'Loser%')
	  AND mi.movie_id = t.id
	  AND it2.id = mi.info_type_id
	  AND kt.id = t.kind_id
	  AND mc.movie_id = t.id
	  AND cn.id = mc.company_id
	  AND ct.id = mc.company_type_id
	  AND miidx.movie_id = t.id
	  AND it.id = miidx.info_type_id
	  AND mi.movie_id = miidx.movie_id
	  AND mi.movie_id = mc.movie_id
	  AND miidx.movie_id = mc.movie_id;
	
	
2026-02-06 01:43:30.838 UTC [3061850] AiChaosN@imdbload LOG:  Bao planning selected arm 16, in 191.909000 CPU ms.
2026-02-06 01:43:30.838 UTC [3061850] AiChaosN@imdbload STATEMENT:  SELECT MIN(n.name) AS member_in_charnamed_movie
	FROM cast_info AS ci,
	     company_name AS cn,
	     keyword AS k,
	     movie_companies AS mc,
	     movie_keyword AS mk,
	     name AS n,
	     title AS t
	WHERE k.keyword ='character-name-in-title'
	  AND n.name LIKE '%Bert%'
	  AND n.id = ci.person_id
	  AND ci.movie_id = t.id
	  AND t.id = mk.movie_id
	  AND mk.keyword_id = k.id
	  AND t.id = mc.movie_id
	  AND mc.company_id = cn.id
	  AND ci.movie_id = mc.movie_id
	  AND ci.movie_id = mk.movie_id
	  AND mc.movie_id = mk.movie_id;
	
	
2026-02-06 01:43:45.226 UTC [3062154] AiChaosN@imdbload LOG:  Bao planning selected arm 33, in 203.116000 CPU ms.
2026-02-06 01:43:45.226 UTC [3062154] AiChaosN@imdbload STATEMENT:  SELECT MIN(cn.name) AS from_company,
	       MIN(lt.link) AS movie_link_type,
	       MIN(t.title) AS sequel_movie
	FROM company_name AS cn,
	     company_type AS ct,
	     keyword AS k,
	     link_type AS lt,
	     movie_companies AS mc,
	     movie_keyword AS mk,
	     movie_link AS ml,
	     title AS t
	WHERE cn.country_code !='[pl]'
	  AND (cn.name LIKE '%Film%'
	       OR cn.name LIKE '%Warner%')
	  AND ct.kind ='production companies'
	  AND k.keyword ='sequel'
	  AND lt.link LIKE '%follows%'
	  AND mc.note IS NULL
	  AND t.production_year = 1998
	  AND t.title LIKE '%Money%'
	  AND lt.id = ml.link_type_id
	  AND ml.movie_id = t.id
	  AND t.id = mk.movie_id
	  AND mk.keyword_id = k.id
	  AND t.id = mc.movie_id
	  AND mc.company_type_id = ct.id
	  AND mc.company_id = cn.id
	  AND ml.movie_id = mk.movie_id
	  AND ml.movie_id = mc.movie_id
	  AND mk.movie_id = mc.movie_id;
	
	
2026-02-06 01:43:45.727 UTC [3062187] AiChaosN@imdbload LOG:  Bao planning selected arm 33, in 208.379000 CPU ms.
2026-02-06 01:43:45.727 UTC [3062187] AiChaosN@imdbload STATEMENT:  SELECT MIN(cn.name) AS from_company,
	       MIN(lt.link) AS movie_link_type,
	       MIN(t.title) AS non_polish_sequel_movie
	FROM company_name AS cn,
	     company_type AS ct,
	     keyword AS k,
	     link_type AS lt,
	     movie_companies AS mc,
	     movie_keyword AS mk,
	     movie_link AS ml,
	     title AS t
	WHERE cn.country_code !='[pl]'
	  AND (cn.name LIKE '%Film%'
	       OR cn.name LIKE '%Warner%')
	  AND ct.kind ='production companies'
	  AND k.keyword ='sequel'
	  AND lt.link LIKE '%follow%'
	  AND mc.note IS NULL
	  AND t.production_year BETWEEN 1950 AND 2000
	  AND lt.id = ml.link_type_id
	  AND ml.movie_id = t.id
	  AND t.id = mk.movie_id
	  AND mk.keyword_id = k.id
	  AND t.id = mc.movie_id
	  AND mc.company_type_id = ct.id
	  AND mc.company_id = cn.id
	  AND ml.movie_id = mk.movie_id
	  AND ml.movie_id = mc.movie_id
	  AND mk.movie_id = mc.movie_id;
	
	
2026-02-06 01:45:54.118 UTC [3064451] AiChaosN@imdbload LOG:  Bao planning selected arm 16, in 725.705000 CPU ms.
2026-02-06 01:45:54.118 UTC [3064451] AiChaosN@imdbload STATEMENT:  SELECT MIN(cn.name) AS movie_company,
	       MIN(mi_idx.info) AS rating,
	       MIN(t.title) AS western_violent_movie
	FROM company_name AS cn,
	     company_type AS ct,
	     info_type AS it1,
	     info_type AS it2,
	     keyword AS k,
	     kind_type AS kt,
	     movie_companies AS mc,
	     movie_info AS mi,
	     movie_info_idx AS mi_idx,
	     movie_keyword AS mk,
	     title AS t
	WHERE cn.country_code != '[us]'
	  AND it1.info = 'countries'
	  AND it2.info = 'rating'
	  AND k.keyword IN ('murder',
	                    'murder-in-title',
	                    'blood',
	                    'violence')
	  AND kt.kind IN ('movie',
	                  'episode')
	  AND mc.note NOT LIKE '%(USA)%'
	  AND mc.note LIKE '%(200%)%'
	  AND mi.info IN ('Germany',
	                  'German',
	                  'USA',
	                  'American')
	  AND mi_idx.info < '7.0'
	  AND t.production_year > 2008
	  AND kt.id = t.kind_id
	  AND t.id = mi.movie_id
	  AND t.id = mk.movie_id
	  AND t.id = mi_idx.movie_id
	  AND t.id = mc.movie_id
	  AND mk.movie_id = mi.movie_id
	  AND mk.movie_id = mi_idx.movie_id
	  AND mk.movie_id = mc.movie_id
	  AND mi.movie_id = mi_idx.movie_id
	  AND mi.movie_id = mc.movie_id
	  AND mc.movie_id = mi_idx.movie_id
	  AND k.id = mk.keyword_id
	  AND it1.id = mi.info_type_id
	  AND it2.id = mi_idx.info_type_id
	  AND ct.id = mc.company_type_id
	  AND cn.id = mc.company_id;
	
	
2026-02-06 01:45:58.611 UTC [3064585] AiChaosN@imdbload LOG:  Bao planning selected arm 1, in 176.953000 CPU ms.
2026-02-06 01:45:58.611 UTC [3064585] AiChaosN@imdbload STATEMENT:  SELECT MIN(mi.info) AS movie_budget,
	       MIN(mi_idx.info) AS movie_votes,
	       MIN(t.title) AS movie_title
	FROM cast_info AS ci,
	     info_type AS it1,
	     info_type AS it2,
	     movie_info AS mi,
	     movie_info_idx AS mi_idx,
	     name AS n,
	     title AS t
	WHERE ci.note IN ('(writer)',
	                  '(head writer)',
	                  '(written by)',
	                  '(story)',
	                  '(story editor)')
	  AND it1.info = 'genres'
	  AND it2.info = 'rating'
	  AND mi.info IN ('Horror',
	                  'Thriller')
	  AND mi.note IS NULL
	  AND mi_idx.info > '8.0'
	  AND n.gender IS NOT NULL
	  AND n.gender = 'f'
	  AND t.production_year BETWEEN 2008 AND 2014
	  AND t.id = mi.movie_id
	  AND t.id = mi_idx.movie_id
	  AND t.id = ci.movie_id
	  AND ci.movie_id = mi.movie_id
	  AND ci.movie_id = mi_idx.movie_id
	  AND mi.movie_id = mi_idx.movie_id
	  AND n.id = ci.person_id
	  AND it1.id = mi.info_type_id
	  AND it2.id = mi_idx.info_type_id;
	
	
2026-02-06 01:46:08.465 UTC [3064760] AiChaosN@imdbload LOG:  Bao planning selected arm 15, in 173.247000 CPU ms.
2026-02-06 01:46:08.465 UTC [3064760] AiChaosN@imdbload STATEMENT:  SELECT MIN(n.name) AS member_in_charnamed_movie,
	       MIN(n.name) AS a1
	FROM cast_info AS ci,
	     company_name AS cn,
	     keyword AS k,
	     movie_companies AS mc,
	     movie_keyword AS mk,
	     name AS n,
	     title AS t
	WHERE k.keyword ='character-name-in-title'
	  AND n.name LIKE 'Z%'
	  AND n.id = ci.person_id
	  AND ci.movie_id = t.id
	  AND t.id = mk.movie_id
	  AND mk.keyword_id = k.id
	  AND t.id = mc.movie_id
	  AND mc.company_id = cn.id
	  AND ci.movie_id = mc.movie_id
	  AND ci.movie_id = mk.movie_id
	  AND mc.movie_id = mk.movie_id;
	
	
2026-02-06 01:46:19.099 UTC [3064982] AiChaosN@imdbload LOG:  Bao planning selected arm 1, in 147.122000 CPU ms.
2026-02-06 01:46:19.099 UTC [3064982] AiChaosN@imdbload STATEMENT:  SELECT MIN(mc.note) AS production_note,
	       MIN(t.title) AS movie_title,
	       MIN(t.production_year) AS movie_year
	FROM company_type AS ct,
	     info_type AS it,
	     movie_companies AS mc,
	     movie_info_idx AS mi_idx,
	     title AS t
	WHERE ct.kind = 'production companies'
	  AND it.info = 'bottom 10 rank'
	  AND mc.note NOT LIKE '%(as Metro-Goldwyn-Mayer Pictures)%'
	  AND t.production_year BETWEEN 2005 AND 2010
	  AND ct.id = mc.company_type_id
	  AND t.id = mc.movie_id
	  AND t.id = mi_idx.movie_id
	  AND mc.movie_id = mi_idx.movie_id
	  AND it.id = mi_idx.info_type_id;
	
	
2026-02-06 01:46:20.951 UTC [3065023] AiChaosN@imdbload LOG:  Bao planning selected arm 2, in 210.664000 CPU ms.
2026-02-06 01:46:20.951 UTC [3065023] AiChaosN@imdbload STATEMENT:  SELECT MIN(n.name) AS of_person,
	       MIN(t.title) AS biography_movie
	FROM aka_name AS an,
	     cast_info AS ci,
	     info_type AS it,
	     link_type AS lt,
	     movie_link AS ml,
	     name AS n,
	     person_info AS pi1,
	     title AS t
	WHERE an.name LIKE '%a%'
	  AND it.info ='mini biography'
	  AND lt.link ='features'
	  AND n.name_pcode_cf LIKE 'D%'
	  AND n.gender='m'
	  AND pi1.note ='Volker Boehm'
	  AND t.production_year BETWEEN 1980 AND 1984
	  AND n.id = an.person_id
	  AND n.id = pi1.person_id
	  AND ci.person_id = n.id
	  AND t.id = ci.movie_id
	  AND ml.linked_movie_id = t.id
	  AND lt.id = ml.link_type_id
	  AND it.id = pi1.info_type_id
	  AND pi1.person_id = an.person_id
	  AND pi1.person_id = ci.person_id
	  AND an.person_id = ci.person_id
	  AND ci.movie_id = ml.linked_movie_id;
	
	
2026-02-06 01:46:26.335 UTC [3065130] AiChaosN@imdbload LOG:  Bao planning selected arm 15, in 243.693000 CPU ms.
2026-02-06 01:46:26.335 UTC [3065130] AiChaosN@imdbload STATEMENT:  SELECT MIN(an.name) AS cool_actor_pseudonym,
	       MIN(t.title) AS series_named_after_char
	FROM aka_name AS an,
	     cast_info AS ci,
	     company_name AS cn,
	     keyword AS k,
	     movie_companies AS mc,
	     movie_keyword AS mk,
	     name AS n,
	     title AS t
	WHERE cn.country_code ='[us]'
	  AND k.keyword ='character-name-in-title'
	  AND an.person_id = n.id
	  AND n.id = ci.person_id
	  AND ci.movie_id = t.id
	  AND t.id = mk.movie_id
	  AND mk.keyword_id = k.id
	  AND t.id = mc.movie_id
	  AND mc.company_id = cn.id
	  AND an.person_id = ci.person_id
	  AND ci.movie_id = mc.movie_id
	  AND ci.movie_id = mk.movie_id
	  AND mc.movie_id = mk.movie_id;
	
	
2026-02-06 01:46:39.942 UTC [3065383] AiChaosN@imdbload LOG:  Bao planning selected arm 2, in 221.111000 CPU ms.
2026-02-06 01:46:39.942 UTC [3065383] AiChaosN@imdbload STATEMENT:  SELECT MIN(cn.name) AS movie_company,
	       MIN(mi_idx.info) AS rating,
	       MIN(t.title) AS mainstream_movie
	FROM company_name AS cn,
	     company_type AS ct,
	     info_type AS it1,
	     info_type AS it2,
	     movie_companies AS mc,
	     movie_info AS mi,
	     movie_info_idx AS mi_idx,
	     title AS t
	WHERE cn.country_code = '[us]'
	  AND ct.kind = 'production companies'
	  AND it1.info = 'genres'
	  AND it2.info = 'rating'
	  AND mi.info IN ('Drama',
	                  'Horror',
	                  'Western',
	                  'Family')
	  AND mi_idx.info > '7.0'
	  AND t.production_year BETWEEN 2000 AND 2010
	  AND t.id = mi.movie_id
	  AND t.id = mi_idx.movie_id
	  AND mi.info_type_id = it1.id
	  AND mi_idx.info_type_id = it2.id
	  AND t.id = mc.movie_id
	  AND ct.id = mc.company_type_id
	  AND cn.id = mc.company_id
	  AND mc.movie_id = mi.movie_id
	  AND mc.movie_id = mi_idx.movie_id
	  AND mi.movie_id = mi_idx.movie_id;
	
	
2026-02-06 01:46:44.412 UTC [3065466] AiChaosN@imdbload LOG:  Bao planning selected arm 15, in 697.059000 CPU ms.
2026-02-06 01:46:44.412 UTC [3065466] AiChaosN@imdbload STATEMENT:  SELECT MIN(kt.kind) AS movie_kind,
	       MIN(t.title) AS complete_nerdy_internet_movie
	FROM complete_cast AS cc,
	     comp_cast_type AS cct1,
	     company_name AS cn,
	     company_type AS ct,
	     info_type AS it1,
	     keyword AS k,
	     kind_type AS kt,
	     movie_companies AS mc,
	     movie_info AS mi,
	     movie_keyword AS mk,
	     title AS t
	WHERE cct1.kind = 'complete+verified'
	  AND cn.country_code = '[us]'
	  AND it1.info = 'release dates'
	  AND k.keyword IN ('nerd',
	                    'loner',
	                    'alienation',
	                    'dignity')
	  AND kt.kind IN ('movie')
	  AND mi.note LIKE '%internet%'
	  AND mi.info LIKE 'USA:% 200%'
	  AND t.production_year > 2000
	  AND kt.id = t.kind_id
	  AND t.id = mi.movie_id
	  AND t.id = mk.movie_id
	  AND t.id = mc.movie_id
	  AND t.id = cc.movie_id
	  AND mk.movie_id = mi.movie_id
	  AND mk.movie_id = mc.movie_id
	  AND mk.movie_id = cc.movie_id
	  AND mi.movie_id = mc.movie_id
	  AND mi.movie_id = cc.movie_id
	  AND mc.movie_id = cc.movie_id
	  AND k.id = mk.keyword_id
	  AND it1.id = mi.info_type_id
	  AND cn.id = mc.company_id
	  AND ct.id = mc.company_type_id
	  AND cct1.id = cc.status_id;
	
	
2026-02-06 01:46:48.416 UTC [3065553] AiChaosN@imdbload LOG:  Bao planning selected arm 16, in 481.227000 CPU ms.
2026-02-06 01:46:48.416 UTC [3065553] AiChaosN@imdbload STATEMENT:  SELECT MIN(n.name) AS voicing_actress,
	       MIN(t.title) AS jap_engl_voiced_movie
	FROM aka_name AS an,
	     char_name AS chn,
	     cast_info AS ci,
	     company_name AS cn,
	     info_type AS it,
	     movie_companies AS mc,
	     movie_info AS mi,
	     name AS n,
	     role_type AS rt,
	     title AS t
	WHERE ci.note IN ('(voice)',
	                  '(voice: Japanese version)',
	                  '(voice) (uncredited)',
	                  '(voice: English version)')
	  AND cn.country_code ='[us]'
	  AND it.info = 'release dates'
	  AND mi.info IS NOT NULL
	  AND (mi.info LIKE 'Japan:%200%'
	       OR mi.info LIKE 'USA:%200%')
	  AND n.gender ='f'
	  AND n.name LIKE '%An%'
	  AND rt.role ='actress'
	  AND t.production_year > 2000
	  AND t.id = mi.movie_id
	  AND t.id = mc.movie_id
	  AND t.id = ci.movie_id
	  AND mc.movie_id = ci.movie_id
	  AND mc.movie_id = mi.movie_id
	  AND mi.movie_id = ci.movie_id
	  AND cn.id = mc.company_id
	  AND it.id = mi.info_type_id
	  AND n.id = ci.person_id
	  AND rt.id = ci.role_id
	  AND n.id = an.person_id
	  AND ci.person_id = an.person_id
	  AND chn.id = ci.person_role_id;
	
	
2026-02-06 01:46:59.248 UTC [3065768] AiChaosN@imdbload LOG:  Bao planning selected arm 16, in 688.899000 CPU ms.
2026-02-06 01:46:59.248 UTC [3065768] AiChaosN@imdbload STATEMENT:  SELECT MIN(cn.name) AS movie_company,
	       MIN(mi_idx.info) AS rating,
	       MIN(t.title) AS western_violent_movie
	FROM company_name AS cn,
	     company_type AS ct,
	     info_type AS it1,
	     info_type AS it2,
	     keyword AS k,
	     kind_type AS kt,
	     movie_companies AS mc,
	     movie_info AS mi,
	     movie_info_idx AS mi_idx,
	     movie_keyword AS mk,
	     title AS t
	WHERE cn.country_code != '[us]'
	  AND it1.info = 'countries'
	  AND it2.info = 'rating'
	  AND k.keyword IN ('murder',
	                    'murder-in-title',
	                    'blood',
	                    'violence')
	  AND kt.kind IN ('movie',
	                  'episode')
	  AND mc.note NOT LIKE '%(USA)%'
	  AND mc.note LIKE '%(200%)%'
	  AND mi.info IN ('Germany',
	                  'German',
	                  'USA',
	                  'American')
	  AND mi_idx.info < '7.0'
	  AND t.production_year > 2009
	  AND kt.id = t.kind_id
	  AND t.id = mi.movie_id
	  AND t.id = mk.movie_id
	  AND t.id = mi_idx.movie_id
	  AND t.id = mc.movie_id
	  AND mk.movie_id = mi.movie_id
	  AND mk.movie_id = mi_idx.movie_id
	  AND mk.movie_id = mc.movie_id
	  AND mi.movie_id = mi_idx.movie_id
	  AND mi.movie_id = mc.movie_id
	  AND mc.movie_id = mi_idx.movie_id
	  AND k.id = mk.keyword_id
	  AND it1.id = mi.info_type_id
	  AND it2.id = mi_idx.info_type_id
	  AND ct.id = mc.company_type_id
	  AND cn.id = mc.company_id;
	
	
2026-02-06 01:47:09.968 UTC [3066022] AiChaosN@imdbload LOG:  Bao planning selected arm 36, in 153.952000 CPU ms.
2026-02-06 01:47:09.968 UTC [3066022] AiChaosN@imdbload STATEMENT:  SELECT MIN(k.keyword) AS movie_keyword,
	       MIN(n.name) AS actor_name,
	       MIN(t.title) AS marvel_movie
	FROM cast_info AS ci,
	     keyword AS k,
	     movie_keyword AS mk,
	     name AS n,
	     title AS t
	WHERE k.keyword = 'marvel-cinematic-universe'
	  AND n.name LIKE '%Downey%Robert%'
	  AND t.production_year > 2014
	  AND k.id = mk.keyword_id
	  AND t.id = mk.movie_id
	  AND t.id = ci.movie_id
	  AND ci.movie_id = mk.movie_id
	  AND n.id = ci.person_id;
	
	
2026-02-06 01:47:27.514 UTC [3066380] AiChaosN@imdbload LOG:  Bao planning selected arm 3, in 1003.125000 CPU ms.
2026-02-06 01:47:27.514 UTC [3066380] AiChaosN@imdbload STATEMENT:  SELECT MIN(mi.info) AS movie_budget,
	       MIN(mi_idx.info) AS movie_votes,
	       MIN(n.name) AS writer,
	       MIN(t.title) AS violent_liongate_movie
	FROM cast_info AS ci,
	     company_name AS cn,
	     info_type AS it1,
	     info_type AS it2,
	     keyword AS k,
	     movie_companies AS mc,
	     movie_info AS mi,
	     movie_info_idx AS mi_idx,
	     movie_keyword AS mk,
	     name AS n,
	     title AS t
	WHERE ci.note IN ('(writer)',
	                  '(head writer)',
	                  '(written by)',
	                  '(story)',
	                  '(story editor)')
	  AND cn.name LIKE 'Lionsgate%'
	  AND it1.info = 'genres'
	  AND it2.info = 'votes'
	  AND k.keyword IN ('murder',
	                    'violence',
	                    'blood',
	                    'gore',
	                    'death',
	                    'female-nudity',
	                    'hospital')
	  AND mc.note LIKE '%(Blu-ray)%'
	  AND mi.info IN ('Horror',
	                  'Thriller')
	  AND n.gender = 'm'
	  AND t.production_year > 2000
	  AND (t.title LIKE '%Freddy%'
	       OR t.title LIKE '%Jason%'
	       OR t.title LIKE 'Saw%')
	  AND t.id = mi.movie_id
	  AND t.id = mi_idx.movie_id
	  AND t.id = ci.movie_id
	  AND t.id = mk.movie_id
	  AND t.id = mc.movie_id
	  AND ci.movie_id = mi.movie_id
	  AND ci.movie_id = mi_idx.movie_id
	  AND ci.movie_id = mk.movie_id
	  AND ci.movie_id = mc.movie_id
	  AND mi.movie_id = mi_idx.movie_id
	  AND mi.movie_id = mk.movie_id
	  AND mi.movie_id = mc.movie_id
	  AND mi_idx.movie_id = mk.movie_id
	  AND mi_idx.movie_id = mc.movie_id
	  AND mk.movie_id = mc.movie_id
	  AND n.id = ci.person_id
	  AND it1.id = mi.info_type_id
	  AND it2.id = mi_idx.info_type_id
	  AND k.id = mk.keyword_id
	  AND cn.id = mc.company_id;
	
	
2026-02-06 01:47:28.043 UTC [3066427] AiChaosN@imdbload LOG:  Bao planning selected arm 36, in 143.303000 CPU ms.
2026-02-06 01:47:28.043 UTC [3066427] AiChaosN@imdbload STATEMENT:  SELECT MIN(lt.link) AS link_type,
	       MIN(t1.title) AS first_movie,
	       MIN(t2.title) AS second_movie
	FROM keyword AS k,
	     link_type AS lt,
	     movie_keyword AS mk,
	     movie_link AS ml,
	     title AS t1,
	     title AS t2
	WHERE k.keyword ='10,000-mile-club'
	  AND mk.keyword_id = k.id
	  AND t1.id = mk.movie_id
	  AND ml.movie_id = t1.id
	  AND ml.linked_movie_id = t2.id
	  AND lt.id = ml.link_type_id
	  AND mk.movie_id = t1.id;
	
	
2026-02-06 01:47:32.021 UTC [3066497] AiChaosN@imdbload LOG:  Bao planning selected arm 36, in 1021.680000 CPU ms.
2026-02-06 01:47:32.021 UTC [3066497] AiChaosN@imdbload STATEMENT:  SELECT MIN(mi.info) AS movie_budget,
	       MIN(mi_idx.info) AS movie_votes,
	       MIN(n.name) AS writer,
	       MIN(t.title) AS violent_liongate_movie
	FROM cast_info AS ci,
	     company_name AS cn,
	     info_type AS it1,
	     info_type AS it2,
	     keyword AS k,
	     movie_companies AS mc,
	     movie_info AS mi,
	     movie_info_idx AS mi_idx,
	     movie_keyword AS mk,
	     name AS n,
	     title AS t
	WHERE ci.note IN ('(writer)',
	                  '(head writer)',
	                  '(written by)',
	                  '(story)',
	                  '(story editor)')
	  AND cn.name LIKE 'Lionsgate%'
	  AND it1.info = 'genres'
	  AND it2.info = 'votes'
	  AND k.keyword IN ('murder',
	                    'violence',
	                    'blood',
	                    'gore',
	                    'death',
	                    'female-nudity',
	                    'hospital')
	  AND mi.info IN ('Horror',
	                  'Thriller')
	  AND n.gender = 'm'
	  AND t.id = mi.movie_id
	  AND t.id = mi_idx.movie_id
	  AND t.id = ci.movie_id
	  AND t.id = mk.movie_id
	  AND t.id = mc.movie_id
	  AND ci.movie_id = mi.movie_id
	  AND ci.movie_id = mi_idx.movie_id
	  AND ci.movie_id = mk.movie_id
	  AND ci.movie_id = mc.movie_id
	  AND mi.movie_id = mi_idx.movie_id
	  AND mi.movie_id = mk.movie_id
	  AND mi.movie_id = mc.movie_id
	  AND mi_idx.movie_id = mk.movie_id
	  AND mi_idx.movie_id = mc.movie_id
	  AND mk.movie_id = mc.movie_id
	  AND n.id = ci.person_id
	  AND it1.id = mi.info_type_id
	  AND it2.id = mi_idx.info_type_id
	  AND k.id = mk.keyword_id
	  AND cn.id = mc.company_id;
	
	
2026-02-06 01:47:41.263 UTC [3066696] AiChaosN@imdbload LOG:  Bao planning selected arm 3, in 358.745000 CPU ms.
2026-02-06 01:47:41.263 UTC [3066696] AiChaosN@imdbload STATEMENT:  SELECT MIN(cn.name) AS company_name,
	       MIN(lt.link) AS link_type,
	       MIN(t.title) AS western_follow_up
	FROM company_name AS cn,
	     company_type AS ct,
	     keyword AS k,
	     link_type AS lt,
	     movie_companies AS mc,
	     movie_info AS mi,
	     movie_keyword AS mk,
	     movie_link AS ml,
	     title AS t
	WHERE cn.country_code !='[pl]'
	  AND (cn.name LIKE '%Film%'
	       OR cn.name LIKE '%Warner%')
	  AND ct.kind ='production companies'
	  AND k.keyword ='sequel'
	  AND lt.link LIKE '%follow%'
	  AND mc.note IS NULL
	  AND mi.info IN ('Sweden',
	                  'Norway',
	                  'Germany',
	                  'Denmark',
	                  'Swedish',
	                  'Denish',
	                  'Norwegian',
	                  'German')
	  AND t.production_year BETWEEN 1950 AND 2000
	  AND lt.id = ml.link_type_id
	  AND ml.movie_id = t.id
	  AND t.id = mk.movie_id
	  AND mk.keyword_id = k.id
	  AND t.id = mc.movie_id
	  AND mc.company_type_id = ct.id
	  AND mc.company_id = cn.id
	  AND mi.movie_id = t.id
	  AND ml.movie_id = mk.movie_id
	  AND ml.movie_id = mc.movie_id
	  AND mk.movie_id = mc.movie_id
	  AND ml.movie_id = mi.movie_id
	  AND mk.movie_id = mi.movie_id
	  AND mc.movie_id = mi.movie_id;
	
	
2026-02-06 01:47:41.595 UTC [3066713] AiChaosN@imdbload LOG:  Bao planning selected arm 36, in 214.134000 CPU ms.
2026-02-06 01:47:41.595 UTC [3066713] AiChaosN@imdbload STATEMENT:  SELECT MIN(cn.name) AS from_company,
	       MIN(mc.note) AS production_note,
	       MIN(t.title) AS movie_based_on_book
	FROM company_name AS cn,
	     company_type AS ct,
	     keyword AS k,
	     link_type AS lt,
	     movie_companies AS mc,
	     movie_keyword AS mk,
	     movie_link AS ml,
	     title AS t
	WHERE cn.country_code !='[pl]'
	  AND (cn.name LIKE '20th Century Fox%'
	       OR cn.name LIKE 'Twentieth Century Fox%')
	  AND ct.kind != 'production companies'
	  AND ct.kind IS NOT NULL
	  AND k.keyword IN ('sequel',
	                    'revenge',
	                    'based-on-novel')
	  AND mc.note IS NOT NULL
	  AND t.production_year > 1950
	  AND lt.id = ml.link_type_id
	  AND ml.movie_id = t.id
	  AND t.id = mk.movie_id
	  AND mk.keyword_id = k.id
	  AND t.id = mc.movie_id
	  AND mc.company_type_id = ct.id
	  AND mc.company_id = cn.id
	  AND ml.movie_id = mk.movie_id
	  AND ml.movie_id = mc.movie_id
	  AND mk.movie_id = mc.movie_id;
	
	
2026-02-06 01:47:46.290 UTC [3066815] AiChaosN@imdbload LOG:  Bao planning selected arm 36, in 1937.821000 CPU ms.
2026-02-06 01:47:46.290 UTC [3066815] AiChaosN@imdbload STATEMENT:  SELECT MIN(mi.info) AS movie_budget,
	       MIN(mi_idx.info) AS movie_votes,
	       MIN(n.name) AS writer,
	       MIN(t.title) AS complete_gore_movie
	FROM complete_cast AS cc,
	     comp_cast_type AS cct1,
	     comp_cast_type AS cct2,
	     cast_info AS ci,
	     info_type AS it1,
	     info_type AS it2,
	     keyword AS k,
	     movie_info AS mi,
	     movie_info_idx AS mi_idx,
	     movie_keyword AS mk,
	     name AS n,
	     title AS t
	WHERE cct1.kind IN ('cast',
	                    'crew')
	  AND cct2.kind ='complete+verified'
	  AND ci.note IN ('(writer)',
	                  '(head writer)',
	                  '(written by)',
	                  '(story)',
	                  '(story editor)')
	  AND it1.info = 'genres'
	  AND it2.info = 'votes'
	  AND k.keyword IN ('murder',
	                    'violence',
	                    'blood',
	                    'gore',
	                    'death',
	                    'female-nudity',
	                    'hospital')
	  AND mi.info IN ('Horror',
	                  'Thriller')
	  AND n.gender = 'm'
	  AND t.production_year > 2000
	  AND (t.title LIKE '%Freddy%'
	       OR t.title LIKE '%Jason%'
	       OR t.title LIKE 'Saw%')
	  AND t.id = mi.movie_id
	  AND t.id = mi_idx.movie_id
	  AND t.id = ci.movie_id
	  AND t.id = mk.movie_id
	  AND t.id = cc.movie_id
	  AND ci.movie_id = mi.movie_id
	  AND ci.movie_id = mi_idx.movie_id
	  AND ci.movie_id = mk.movie_id
	  AND ci.movie_id = cc.movie_id
	  AND mi.movie_id = mi_idx.movie_id
	  AND mi.movie_id = mk.movie_id
	  AND mi.movie_id = cc.movie_id
	  AND mi_idx.movie_id = mk.movie_id
	  AND mi_idx.movie_id = cc.movie_id
	  AND mk.movie_id = cc.movie_id
	  AND n.id = ci.person_id
	  AND it1.id = mi.info_type_id
	  AND it2.id = mi_idx.info_type_id
	  AND k.id = mk.keyword_id
	  AND cct1.id = cc.subject_id
	  AND cct2.id = cc.status_id;
	
	
2026-02-06 01:47:55.122 UTC [3067015] AiChaosN@imdbload LOG:  Bao planning selected arm 36, in 1759.722000 CPU ms.
2026-02-06 01:47:55.122 UTC [3067015] AiChaosN@imdbload STATEMENT:  SELECT MIN(chn.name) AS voiced_char_name,
	       MIN(n.name) AS voicing_actress_name,
	       MIN(t.title) AS voiced_action_movie_jap_eng
	FROM aka_name AS an,
	     char_name AS chn,
	     cast_info AS ci,
	     company_name AS cn,
	     info_type AS it,
	     keyword AS k,
	     movie_companies AS mc,
	     movie_info AS mi,
	     movie_keyword AS mk,
	     name AS n,
	     role_type AS rt,
	     title AS t
	WHERE ci.note IN ('(voice)',
	                  '(voice: Japanese version)',
	                  '(voice) (uncredited)',
	                  '(voice: English version)')
	  AND cn.country_code ='[us]'
	  AND it.info = 'release dates'
	  AND k.keyword IN ('hero',
	                    'martial-arts',
	                    'hand-to-hand-combat')
	  AND mi.info IS NOT NULL
	  AND (mi.info LIKE 'Japan:%201%'
	       OR mi.info LIKE 'USA:%201%')
	  AND n.gender ='f'
	  AND n.name LIKE '%An%'
	  AND rt.role ='actress'
	  AND t.production_year > 2010
	  AND t.id = mi.movie_id
	  AND t.id = mc.movie_id
	  AND t.id = ci.movie_id
	  AND t.id = mk.movie_id
	  AND mc.movie_id = ci.movie_id
	  AND mc.movie_id = mi.movie_id
	  AND mc.movie_id = mk.movie_id
	  AND mi.movie_id = ci.movie_id
	  AND mi.movie_id = mk.movie_id
	  AND ci.movie_id = mk.movie_id
	  AND cn.id = mc.company_id
	  AND it.id = mi.info_type_id
	  AND n.id = ci.person_id
	  AND rt.id = ci.role_id
	  AND n.id = an.person_id
	  AND ci.person_id = an.person_id
	  AND chn.id = ci.person_role_id
	  AND k.id = mk.keyword_id;
	
	
2026-02-06 01:48:03.915 UTC [3067238] AiChaosN@imdbload LOG:  Bao planning selected arm 36, in 145.537000 CPU ms.
2026-02-06 01:48:03.915 UTC [3067238] AiChaosN@imdbload STATEMENT:  SELECT MIN(t.title) AS movie_title
	FROM company_name AS cn,
	     keyword AS k,
	     movie_companies AS mc,
	     movie_keyword AS mk,
	     title AS t
	WHERE cn.country_code ='[de]'
	  AND k.keyword ='character-name-in-title'
	  AND cn.id = mc.company_id
	  AND mc.movie_id = t.id
	  AND t.id = mk.movie_id
	  AND mk.keyword_id = k.id
	  AND mc.movie_id = mk.movie_id;
	
	
2026-02-06 01:48:06.975 UTC [3067314] AiChaosN@imdbload LOG:  Bao planning selected arm 12, in 479.669000 CPU ms.
2026-02-06 01:48:06.975 UTC [3067314] AiChaosN@imdbload STATEMENT:  SELECT MIN(n.name) AS voicing_actress,
	       MIN(t.title) AS jap_engl_voiced_movie
	FROM aka_name AS an,
	     char_name AS chn,
	     cast_info AS ci,
	     company_name AS cn,
	     info_type AS it,
	     movie_companies AS mc,
	     movie_info AS mi,
	     name AS n,
	     role_type AS rt,
	     title AS t
	WHERE ci.note IN ('(voice)',
	                  '(voice: Japanese version)',
	                  '(voice) (uncredited)',
	                  '(voice: English version)')
	  AND cn.country_code ='[us]'
	  AND it.info = 'release dates'
	  AND n.gender ='f'
	  AND rt.role ='actress'
	  AND t.production_year > 2000
	  AND t.id = mi.movie_id
	  AND t.id = mc.movie_id
	  AND t.id = ci.movie_id
	  AND mc.movie_id = ci.movie_id
	  AND mc.movie_id = mi.movie_id
	  AND mi.movie_id = ci.movie_id
	  AND cn.id = mc.company_id
	  AND it.id = mi.info_type_id
	  AND n.id = ci.person_id
	  AND rt.id = ci.role_id
	  AND n.id = an.person_id
	  AND ci.person_id = an.person_id
	  AND chn.id = ci.person_role_id;
	
	
2026-02-06 01:48:29.503 UTC [3067846] AiChaosN@imdbload LOG:  Bao planning selected arm 38, in 126.354000 CPU ms.
2026-02-06 01:48:29.503 UTC [3067846] AiChaosN@imdbload STATEMENT:  SELECT MIN(t.title) AS movie_title
	FROM keyword AS k,
	     movie_info AS mi,
	     movie_keyword AS mk,
	     title AS t
	WHERE k.keyword LIKE '%sequel%'
	  AND mi.info IN ('Bulgaria')
	  AND t.production_year > 2010
	  AND t.id = mi.movie_id
	  AND t.id = mk.movie_id
	  AND mk.movie_id = mi.movie_id
	  AND k.id = mk.keyword_id;
	
	
2026-02-06 01:48:38.465 UTC [3068015] AiChaosN@imdbload LOG:  Bao planning selected arm 16, in 181.796000 CPU ms.
2026-02-06 01:48:38.465 UTC [3068015] AiChaosN@imdbload STATEMENT:  SELECT MIN(chn.name) AS uncredited_voiced_character,
	       MIN(t.title) AS russian_movie
	FROM char_name AS chn,
	     cast_info AS ci,
	     company_name AS cn,
	     company_type AS ct,
	     movie_companies AS mc,
	     role_type AS rt,
	     title AS t
	WHERE ci.note LIKE '%(voice)%'
	  AND ci.note LIKE '%(uncredited)%'
	  AND cn.country_code = '[ru]'
	  AND rt.role = 'actor'
	  AND t.production_year > 2005
	  AND t.id = mc.movie_id
	  AND t.id = ci.movie_id
	  AND ci.movie_id = mc.movie_id
	  AND chn.id = ci.person_role_id
	  AND rt.id = ci.role_id
	  AND cn.id = mc.company_id
	  AND ct.id = mc.company_type_id;
	
	
2026-02-06 01:48:48.524 UTC [3068216] AiChaosN@imdbload LOG:  Bao planning selected arm 40, in 764.732000 CPU ms.
2026-02-06 01:48:48.524 UTC [3068216] AiChaosN@imdbload STATEMENT:  SELECT MIN(kt.kind) AS movie_kind,
	       MIN(t.title) AS complete_us_internet_movie
	FROM complete_cast AS cc,
	     comp_cast_type AS cct1,
	     company_name AS cn,
	     company_type AS ct,
	     info_type AS it1,
	     keyword AS k,
	     kind_type AS kt,
	     movie_companies AS mc,
	     movie_info AS mi,
	     movie_keyword AS mk,
	     title AS t
	WHERE cct1.kind = 'complete+verified'
	  AND cn.country_code = '[us]'
	  AND it1.info = 'release dates'
	  AND kt.kind IN ('movie',
	                  'tv movie',
	                  'video movie',
	                  'video game')
	  AND mi.note LIKE '%internet%'
	  AND mi.info IS NOT NULL
	  AND (mi.info LIKE 'USA:% 199%'
	       OR mi.info LIKE 'USA:% 200%')
	  AND t.production_year > 1990
	  AND kt.id = t.kind_id
	  AND t.id = mi.movie_id
	  AND t.id = mk.movie_id
	  AND t.id = mc.movie_id
	  AND t.id = cc.movie_id
	  AND mk.movie_id = mi.movie_id
	  AND mk.movie_id = mc.movie_id
	  AND mk.movie_id = cc.movie_id
	  AND mi.movie_id = mc.movie_id
	  AND mi.movie_id = cc.movie_id
	  AND mc.movie_id = cc.movie_id
	  AND k.id = mk.keyword_id
	  AND it1.id = mi.info_type_id
	  AND cn.id = mc.company_id
	  AND ct.id = mc.company_type_id
	  AND cct1.id = cc.status_id;
	
	
2026-02-06 01:48:54.640 UTC [3068278] AiChaosN@imdbload LOG:  Bao planning selected arm 17, in 5736.182000 CPU ms.
2026-02-06 01:48:54.640 UTC [3068278] AiChaosN@imdbload STATEMENT:  SELECT MIN(cn.name) AS movie_company,
	       MIN(mi_idx.info) AS rating,
	       MIN(t.title) AS complete_euro_dark_movie
	FROM complete_cast AS cc,
	     comp_cast_type AS cct1,
	     comp_cast_type AS cct2,
	     company_name AS cn,
	     company_type AS ct,
	     info_type AS it1,
	     info_type AS it2,
	     keyword AS k,
	     kind_type AS kt,
	     movie_companies AS mc,
	     movie_info AS mi,
	     movie_info_idx AS mi_idx,
	     movie_keyword AS mk,
	     title AS t
	WHERE cct1.kind = 'cast'
	  AND cct2.kind = 'complete'
	  AND cn.country_code != '[us]'
	  AND it1.info = 'countries'
	  AND it2.info = 'rating'
	  AND k.keyword IN ('murder',
	                    'murder-in-title',
	                    'blood',
	                    'violence')
	  AND kt.kind IN ('movie',
	                  'episode')
	  AND mc.note NOT LIKE '%(USA)%'
	  AND mc.note LIKE '%(200%)%'
	  AND mi.info IN ('Sweden',
	                  'Norway',
	                  'Germany',
	                  'Denmark',
	                  'Swedish',
	                  'Danish',
	                  'Norwegian',
	                  'German',
	                  'USA',
	                  'American')
	  AND mi_idx.info < '8.5'
	  AND t.production_year > 2005
	  AND kt.id = t.kind_id
	  AND t.id = mi.movie_id
	  AND t.id = mk.movie_id
	  AND t.id = mi_idx.movie_id
	  AND t.id = mc.movie_id
	  AND t.id = cc.movie_id
	  AND mk.movie_id = mi.movie_id
	  AND mk.movie_id = mi_idx.movie_id
	  AND mk.movie_id = mc.movie_id
	  AND mk.movie_id = cc.movie_id
	  AND mi.movie_id = mi_idx.movie_id
	  AND mi.movie_id = mc.movie_id
	  AND mi.movie_id = cc.movie_id
	  AND mc.movie_id = mi_idx.movie_id
	  AND mc.movie_id = cc.movie_id
	  AND mi_idx.movie_id = cc.movie_id
	  AND k.id = mk.keyword_id
	  AND it1.id = mi.info_type_id
	  AND it2.id = mi_idx.info_type_id
	  AND ct.id = mc.company_type_id
	  AND cn.id = mc.company_id
	  AND cct1.id = cc.subject_id
	  AND cct2.id = cc.status_id;
	
	
2026-02-06 01:48:56.231 UTC [3068453] AiChaosN@imdbload LOG:  Bao planning selected arm 17, in 709.215000 CPU ms.
2026-02-06 01:48:56.231 UTC [3068453] AiChaosN@imdbload STATEMENT:  SELECT MIN(cn.name) AS movie_company,
	       MIN(mi_idx.info) AS rating,
	       MIN(t.title) AS western_violent_movie
	FROM company_name AS cn,
	     company_type AS ct,
	     info_type AS it1,
	     info_type AS it2,
	     keyword AS k,
	     kind_type AS kt,
	     movie_companies AS mc,
	     movie_info AS mi,
	     movie_info_idx AS mi_idx,
	     movie_keyword AS mk,
	     title AS t
	WHERE cn.country_code != '[us]'
	  AND it1.info = 'countries'
	  AND it2.info = 'rating'
	  AND k.keyword IN ('murder',
	                    'murder-in-title',
	                    'blood',
	                    'violence')
	  AND kt.kind IN ('movie',
	                  'episode')
	  AND mi.info IN ('Sweden',
	                  'Norway',
	                  'Germany',
	                  'Denmark',
	                  'Swedish',
	                  'Danish',
	                  'Norwegian',
	                  'German',
	                  'USA',
	                  'American')
	  AND mi_idx.info < '8.5'
	  AND t.production_year > 2005
	  AND kt.id = t.kind_id
	  AND t.id = mi.movie_id
	  AND t.id = mk.movie_id
	  AND t.id = mi_idx.movie_id
	  AND t.id = mc.movie_id
	  AND mk.movie_id = mi.movie_id
	  AND mk.movie_id = mi_idx.movie_id
	  AND mk.movie_id = mc.movie_id
	  AND mi.movie_id = mi_idx.movie_id
	  AND mi.movie_id = mc.movie_id
	  AND mc.movie_id = mi_idx.movie_id
	  AND k.id = mk.keyword_id
	  AND it1.id = mi.info_type_id
	  AND it2.id = mi_idx.info_type_id
	  AND ct.id = mc.company_type_id
	  AND cn.id = mc.company_id;
	
	
2026-02-06 01:48:57.050 UTC [3068472] AiChaosN@imdbload LOG:  Bao planning selected arm 3, in 201.567000 CPU ms.
2026-02-06 01:48:57.050 UTC [3068472] AiChaosN@imdbload STATEMENT:  SELECT MIN(mi_idx.info) AS rating,
	       MIN(t.title) AS northern_dark_movie
	FROM info_type AS it1,
	     info_type AS it2,
	     keyword AS k,
	     kind_type AS kt,
	     movie_info AS mi,
	     movie_info_idx AS mi_idx,
	     movie_keyword AS mk,
	     title AS t
	WHERE it1.info = 'countries'
	  AND it2.info = 'rating'
	  AND k.keyword IN ('murder',
	                    'murder-in-title',
	                    'blood',
	                    'violence')
	  AND kt.kind = 'movie'
	  AND mi.info IN ('Sweden',
	                  'Norway',
	                  'Germany',
	                  'Denmark',
	                  'Swedish',
	                  'Denish',
	                  'Norwegian',
	                  'German',
	                  'USA',
	                  'American')
	  AND mi_idx.info < '8.5'
	  AND t.production_year > 2010
	  AND kt.id = t.kind_id
	  AND t.id = mi.movie_id
	  AND t.id = mk.movie_id
	  AND t.id = mi_idx.movie_id
	  AND mk.movie_id = mi.movie_id
	  AND mk.movie_id = mi_idx.movie_id
	  AND mi.movie_id = mi_idx.movie_id
	  AND k.id = mk.keyword_id
	  AND it1.id = mi.info_type_id
	  AND it2.id = mi_idx.info_type_id;
	
	
2026-02-06 01:48:57.555 UTC [3068482] AiChaosN@imdbload LOG:  Bao planning selected arm 3, in 253.552000 CPU ms.
2026-02-06 01:48:57.555 UTC [3068482] AiChaosN@imdbload STATEMENT:  SELECT MIN(cn.name) AS producing_company,
	       MIN(miidx.info) AS rating,
	       MIN(t.title) AS movie_about_winning
	FROM company_name AS cn,
	     company_type AS ct,
	     info_type AS it,
	     info_type AS it2,
	     kind_type AS kt,
	     movie_companies AS mc,
	     movie_info AS mi,
	     movie_info_idx AS miidx,
	     title AS t
	WHERE cn.country_code ='[us]'
	  AND ct.kind ='production companies'
	  AND it.info ='rating'
	  AND it2.info ='release dates'
	  AND kt.kind ='movie'
	  AND t.title != ''
	  AND (t.title LIKE '%Champion%'
	       OR t.title LIKE '%Loser%')
	  AND mi.movie_id = t.id
	  AND it2.id = mi.info_type_id
	  AND kt.id = t.kind_id
	  AND mc.movie_id = t.id
	  AND cn.id = mc.company_id
	  AND ct.id = mc.company_type_id
	  AND miidx.movie_id = t.id
	  AND it.id = miidx.info_type_id
	  AND mi.movie_id = miidx.movie_id
	  AND mi.movie_id = mc.movie_id
	  AND miidx.movie_id = mc.movie_id;
	
	
2026-02-06 01:48:58.568 UTC [3068503] AiChaosN@imdbload LOG:  Bao planning selected arm 0, in 219.336000 CPU ms.
2026-02-06 01:48:58.568 UTC [3068503] AiChaosN@imdbload STATEMENT:  SELECT MIN(an.name) AS alternative_name,
	       MIN(chn.name) AS voiced_character_name,
	       MIN(n.name) AS voicing_actress,
	       MIN(t.title) AS american_movie
	FROM aka_name AS an,
	     char_name AS chn,
	     cast_info AS ci,
	     company_name AS cn,
	     movie_companies AS mc,
	     name AS n,
	     role_type AS rt,
	     title AS t
	WHERE ci.note IN ('(voice)',
	                  '(voice: Japanese version)',
	                  '(voice) (uncredited)',
	                  '(voice: English version)')
	  AND cn.country_code ='[us]'
	  AND n.gender ='f'
	  AND n.name LIKE '%An%'
	  AND rt.role ='actress'
	  AND ci.movie_id = t.id
	  AND t.id = mc.movie_id
	  AND ci.movie_id = mc.movie_id
	  AND mc.company_id = cn.id
	  AND ci.role_id = rt.id
	  AND n.id = ci.person_id
	  AND chn.id = ci.person_role_id
	  AND an.person_id = n.id
	  AND an.person_id = ci.person_id;
	
	
2026-02-06 01:49:01.504 UTC [3068558] AiChaosN@imdbload LOG:  Bao planning selected arm 9, in 1667.310000 CPU ms.
2026-02-06 01:49:01.504 UTC [3068558] AiChaosN@imdbload STATEMENT:  SELECT MIN(mi.info) AS movie_budget,
	       MIN(mi_idx.info) AS movie_votes,
	       MIN(n.name) AS writer,
	       MIN(t.title) AS complete_violent_movie
	FROM complete_cast AS cc,
	     comp_cast_type AS cct1,
	     comp_cast_type AS cct2,
	     cast_info AS ci,
	     info_type AS it1,
	     info_type AS it2,
	     keyword AS k,
	     movie_info AS mi,
	     movie_info_idx AS mi_idx,
	     movie_keyword AS mk,
	     name AS n,
	     title AS t
	WHERE cct1.kind = 'cast'
	  AND cct2.kind ='complete+verified'
	  AND ci.note IN ('(writer)',
	                  '(head writer)',
	                  '(written by)',
	                  '(story)',
	                  '(story editor)')
	  AND it1.info = 'genres'
	  AND it2.info = 'votes'
	  AND k.keyword IN ('murder',
	                    'violence',
	                    'blood',
	                    'gore',
	                    'death',
	                    'female-nudity',
	                    'hospital')
	  AND mi.info IN ('Horror',
	                  'Action',
	                  'Sci-Fi',
	                  'Thriller',
	                  'Crime',
	                  'War')
	  AND n.gender = 'm'
	  AND t.id = mi.movie_id
	  AND t.id = mi_idx.movie_id
	  AND t.id = ci.movie_id
	  AND t.id = mk.movie_id
	  AND t.id = cc.movie_id
	  AND ci.movie_id = mi.movie_id
	  AND ci.movie_id = mi_idx.movie_id
	  AND ci.movie_id = mk.movie_id
	  AND ci.movie_id = cc.movie_id
	  AND mi.movie_id = mi_idx.movie_id
	  AND mi.movie_id = mk.movie_id
	  AND mi.movie_id = cc.movie_id
	  AND mi_idx.movie_id = mk.movie_id
	  AND mi_idx.movie_id = cc.movie_id
	  AND mk.movie_id = cc.movie_id
	  AND n.id = ci.person_id
	  AND it1.id = mi.info_type_id
	  AND it2.id = mi_idx.info_type_id
	  AND k.id = mk.keyword_id
	  AND cct1.id = cc.subject_id
	  AND cct2.id = cc.status_id;
	
	
2026-02-06 01:49:35.787 UTC [3068626] AiChaosN@imdbload ERROR:  canceling statement due to statement timeout
2026-02-06 01:49:35.787 UTC [3068626] AiChaosN@imdbload STATEMENT:  SELECT MIN(chn.name) AS voiced_char,
	       MIN(n.name) AS voicing_actress,
	       MIN(t.title) AS voiced_animation
	FROM aka_name AS an,
	     complete_cast AS cc,
	     comp_cast_type AS cct1,
	     comp_cast_type AS cct2,
	     char_name AS chn,
	     cast_info AS ci,
	     company_name AS cn,
	     info_type AS it,
	     info_type AS it3,
	     keyword AS k,
	     movie_companies AS mc,
	     movie_info AS mi,
	     movie_keyword AS mk,
	     name AS n,
	     person_info AS pi1,
	     role_type AS rt,
	     title AS t
	WHERE cct1.kind ='cast'
	  AND cct2.kind ='complete+verified'
	  AND ci.note IN ('(voice)',
	                  '(voice: Japanese version)',
	                  '(voice) (uncredited)',
	                  '(voice: English version)')
	  AND cn.country_code ='[us]'
	  AND it.info = 'release dates'
	  AND it3.info = 'trivia'
	  AND k.keyword = 'computer-animation'
	  AND mi.info IS NOT NULL
	  AND (mi.info LIKE 'Japan:%200%'
	       OR mi.info LIKE 'USA:%200%')
	  AND n.gender ='f'
	  AND n.name LIKE '%An%'
	  AND rt.role ='actress'
	  AND t.production_year BETWEEN 2000 AND 2010
	  AND t.id = mi.movie_id
	  AND t.id = mc.movie_id
	  AND t.id = ci.movie_id
	  AND t.id = mk.movie_id
	  AND t.id = cc.movie_id
	  AND mc.movie_id = ci.movie_id
	  AND mc.movie_id = mi.movie_id
	  AND mc.movie_id = mk.movie_id
	  AND mc.movie_id = cc.movie_id
	  AND mi.movie_id = ci.movie_id
	  AND mi.movie_id = mk.movie_id
	  AND mi.movie_id = cc.movie_id
	  AND ci.movie_id = mk.movie_id
	  AND ci.movie_id = cc.movie_id
	  AND mk.movie_id = cc.movie_id
	  AND cn.id = mc.company_id
	  AND it.id = mi.info_type_id
	  AND n.id = ci.person_id
	  AND rt.id = ci.role_id
	  AND n.id = an.person_id
	  AND ci.person_id = an.person_id
	  AND chn.id = ci.person_role_id
	  AND n.id = pi1.person_id
	  AND ci.person_id = pi1.person_id
	  AND it3.id = pi1.info_type_id
	  AND k.id = mk.keyword_id
	  AND cct1.id = cc.subject_id
	  AND cct2.id = cc.status_id;
	
	
2026-02-06 01:49:44.726 UTC [3069334] AiChaosN@imdbload LOG:  Bao planning selected arm 9, in 1971.446000 CPU ms.
2026-02-06 01:49:44.726 UTC [3069334] AiChaosN@imdbload STATEMENT:  SELECT MIN(cn.name) AS producing_company,
	       MIN(lt.link) AS link_type,
	       MIN(t.title) AS complete_western_sequel
	FROM complete_cast AS cc,
	     comp_cast_type AS cct1,
	     comp_cast_type AS cct2,
	     company_name AS cn,
	     company_type AS ct,
	     keyword AS k,
	     link_type AS lt,
	     movie_companies AS mc,
	     movie_info AS mi,
	     movie_keyword AS mk,
	     movie_link AS ml,
	     title AS t
	WHERE cct1.kind IN ('cast',
	                    'crew')
	  AND cct2.kind = 'complete'
	  AND cn.country_code !='[pl]'
	  AND (cn.name LIKE '%Film%'
	       OR cn.name LIKE '%Warner%')
	  AND ct.kind ='production companies'
	  AND k.keyword ='sequel'
	  AND lt.link LIKE '%follow%'
	  AND mc.note IS NULL
	  AND mi.info IN ('Sweden',
	                  'Germany',
	                  'Swedish',
	                  'German')
	  AND t.production_year = 1998
	  AND lt.id = ml.link_type_id
	  AND ml.movie_id = t.id
	  AND t.id = mk.movie_id
	  AND mk.keyword_id = k.id
	  AND t.id = mc.movie_id
	  AND mc.company_type_id = ct.id
	  AND mc.company_id = cn.id
	  AND mi.movie_id = t.id
	  AND t.id = cc.movie_id
	  AND cct1.id = cc.subject_id
	  AND cct2.id = cc.status_id
	  AND ml.movie_id = mk.movie_id
	  AND ml.movie_id = mc.movie_id
	  AND mk.movie_id = mc.movie_id
	  AND ml.movie_id = mi.movie_id
	  AND mk.movie_id = mi.movie_id
	  AND mc.movie_id = mi.movie_id
	  AND ml.movie_id = cc.movie_id
	  AND mk.movie_id = cc.movie_id
	  AND mc.movie_id = cc.movie_id
	  AND mi.movie_id = cc.movie_id;
	
	
2026-02-06 01:49:45.191 UTC [3069395] AiChaosN@imdbload LOG:  Bao planning selected arm 36, in 249.679000 CPU ms.
2026-02-06 01:49:45.191 UTC [3069395] AiChaosN@imdbload STATEMENT:  SELECT MIN(cn.name) AS from_company,
	       MIN(mc.note) AS production_note,
	       MIN(t.title) AS movie_based_on_book
	FROM company_name AS cn,
	     company_type AS ct,
	     keyword AS k,
	     link_type AS lt,
	     movie_companies AS mc,
	     movie_keyword AS mk,
	     movie_link AS ml,
	     title AS t
	WHERE cn.country_code !='[pl]'
	  AND ct.kind != 'production companies'
	  AND ct.kind IS NOT NULL
	  AND k.keyword IN ('sequel',
	                    'revenge',
	                    'based-on-novel')
	  AND mc.note IS NOT NULL
	  AND t.production_year > 1950
	  AND lt.id = ml.link_type_id
	  AND ml.movie_id = t.id
	  AND t.id = mk.movie_id
	  AND mk.keyword_id = k.id
	  AND t.id = mc.movie_id
	  AND mc.company_type_id = ct.id
	  AND mc.company_id = cn.id
	  AND ml.movie_id = mk.movie_id
	  AND ml.movie_id = mc.movie_id
	  AND mk.movie_id = mc.movie_id;
	
	
2026-02-06 01:49:47.796 UTC [3069435] AiChaosN@imdbload LOG:  Bao planning selected arm 29, in 211.611000 CPU ms.
2026-02-06 01:49:47.796 UTC [3069435] AiChaosN@imdbload STATEMENT:  SELECT MIN(n.name) AS of_person,
	       MIN(t.title) AS biography_movie
	FROM aka_name AS an,
	     cast_info AS ci,
	     info_type AS it,
	     link_type AS lt,
	     movie_link AS ml,
	     name AS n,
	     person_info AS pi1,
	     title AS t
	WHERE an.name LIKE '%a%'
	  AND it.info ='mini biography'
	  AND lt.link ='features'
	  AND n.name_pcode_cf BETWEEN 'A' AND 'F'
	  AND (n.gender='m'
	       OR (n.gender = 'f'
	           AND n.name LIKE 'B%'))
	  AND pi1.note ='Volker Boehm'
	  AND t.production_year BETWEEN 1980 AND 1995
	  AND n.id = an.person_id
	  AND n.id = pi1.person_id
	  AND ci.person_id = n.id
	  AND t.id = ci.movie_id
	  AND ml.linked_movie_id = t.id
	  AND lt.id = ml.link_type_id
	  AND it.id = pi1.info_type_id
	  AND pi1.person_id = an.person_id
	  AND pi1.person_id = ci.person_id
	  AND an.person_id = ci.person_id
	  AND ci.movie_id = ml.linked_movie_id;
	
	
2026-02-06 01:49:55.607 UTC [3069459] AiChaosN@imdbload LOG:  Bao planning selected arm 28, in 6967.532000 CPU ms.
2026-02-06 01:49:55.607 UTC [3069459] AiChaosN@imdbload STATEMENT:  SELECT MIN(cn1.name) AS first_company,
	       MIN(cn2.name) AS second_company,
	       MIN(mii1.info) AS first_rating,
	       MIN(mii2.info) AS second_rating,
	       MIN(t1.title) AS first_movie,
	       MIN(t2.title) AS second_movie
	FROM company_name AS cn1,
	     company_name AS cn2,
	     info_type AS it1,
	     info_type AS it2,
	     kind_type AS kt1,
	     kind_type AS kt2,
	     link_type AS lt,
	     movie_companies AS mc1,
	     movie_companies AS mc2,
	     movie_info_idx AS mii1,
	     movie_info_idx AS mii2,
	     movie_link AS ml,
	     title AS t1,
	     title AS t2
	WHERE cn1.country_code = '[nl]'
	  AND it1.info = 'rating'
	  AND it2.info = 'rating'
	  AND kt1.kind IN ('tv series')
	  AND kt2.kind IN ('tv series')
	  AND lt.link LIKE '%follow%'
	  AND mii2.info < '3.0'
	  AND t2.production_year = 2007
	  AND lt.id = ml.link_type_id
	  AND t1.id = ml.movie_id
	  AND t2.id = ml.linked_movie_id
	  AND it1.id = mii1.info_type_id
	  AND t1.id = mii1.movie_id
	  AND kt1.id = t1.kind_id
	  AND cn1.id = mc1.company_id
	  AND t1.id = mc1.movie_id
	  AND ml.movie_id = mii1.movie_id
	  AND ml.movie_id = mc1.movie_id
	  AND mii1.movie_id = mc1.movie_id
	  AND it2.id = mii2.info_type_id
	  AND t2.id = mii2.movie_id
	  AND kt2.id = t2.kind_id
	  AND cn2.id = mc2.company_id
	  AND t2.id = mc2.movie_id
	  AND ml.linked_movie_id = mii2.movie_id
	  AND ml.linked_movie_id = mc2.movie_id
	  AND mii2.movie_id = mc2.movie_id;
	
	
2026-02-06 01:49:55.983 UTC [3069611] AiChaosN@imdbload LOG:  Bao planning selected arm 8, in 138.961000 CPU ms.
2026-02-06 01:49:55.983 UTC [3069611] AiChaosN@imdbload STATEMENT:  SELECT MIN(mi_idx.info) AS rating,
	       MIN(t.title) AS movie_title
	FROM info_type AS it,
	     keyword AS k,
	     movie_info_idx AS mi_idx,
	     movie_keyword AS mk,
	     title AS t
	WHERE it.info ='rating'
	  AND k.keyword LIKE '%sequel%'
	  AND mi_idx.info > '2.0'
	  AND t.production_year > 1990
	  AND t.id = mi_idx.movie_id
	  AND t.id = mk.movie_id
	  AND mk.movie_id = mi_idx.movie_id
	  AND k.id = mk.keyword_id
	  AND it.id = mi_idx.info_type_id;
	
	
2026-02-06 01:49:57.773 UTC [3069639] AiChaosN@imdbload LOG:  Bao planning selected arm 48, in 133.784000 CPU ms.
2026-02-06 01:49:57.773 UTC [3069639] AiChaosN@imdbload STATEMENT:  SELECT MIN(k.keyword) AS movie_keyword,
	       MIN(n.name) AS actor_name,
	       MIN(t.title) AS hero_movie
	FROM cast_info AS ci,
	     keyword AS k,
	     movie_keyword AS mk,
	     name AS n,
	     title AS t
	WHERE k.keyword IN ('superhero',
	                    'sequel',
	                    'second-part',
	                    'marvel-comics',
	                    'based-on-comic',
	                    'tv-special',
	                    'fight',
	                    'violence')
	  AND t.production_year > 2000
	  AND k.id = mk.keyword_id
	  AND t.id = mk.movie_id
	  AND t.id = ci.movie_id
	  AND ci.movie_id = mk.movie_id
	  AND n.id = ci.person_id;
	
	
2026-02-06 01:50:08.990 UTC [3069841] AiChaosN@imdbload LOG:  Bao planning selected arm 9, in 1929.330000 CPU ms.
2026-02-06 01:50:08.990 UTC [3069841] AiChaosN@imdbload STATEMENT:  SELECT MIN(cn.name) AS producing_company,
	       MIN(lt.link) AS link_type,
	       MIN(t.title) AS complete_western_sequel
	FROM complete_cast AS cc,
	     comp_cast_type AS cct1,
	     comp_cast_type AS cct2,
	     company_name AS cn,
	     company_type AS ct,
	     keyword AS k,
	     link_type AS lt,
	     movie_companies AS mc,
	     movie_info AS mi,
	     movie_keyword AS mk,
	     movie_link AS ml,
	     title AS t
	WHERE cct1.kind IN ('cast',
	                    'crew')
	  AND cct2.kind = 'complete'
	  AND cn.country_code !='[pl]'
	  AND (cn.name LIKE '%Film%'
	       OR cn.name LIKE '%Warner%')
	  AND ct.kind ='production companies'
	  AND k.keyword ='sequel'
	  AND lt.link LIKE '%follow%'
	  AND mc.note IS NULL
	  AND mi.info IN ('Sweden',
	                  'Germany',
	                  'Swedish',
	                  'German')
	  AND t.production_year BETWEEN 1950 AND 2000
	  AND lt.id = ml.link_type_id
	  AND ml.movie_id = t.id
	  AND t.id = mk.movie_id
	  AND mk.keyword_id = k.id
	  AND t.id = mc.movie_id
	  AND mc.company_type_id = ct.id
	  AND mc.company_id = cn.id
	  AND mi.movie_id = t.id
	  AND t.id = cc.movie_id
	  AND cct1.id = cc.subject_id
	  AND cct2.id = cc.status_id
	  AND ml.movie_id = mk.movie_id
	  AND ml.movie_id = mc.movie_id
	  AND mk.movie_id = mc.movie_id
	  AND ml.movie_id = mi.movie_id
	  AND mk.movie_id = mi.movie_id
	  AND mc.movie_id = mi.movie_id
	  AND ml.movie_id = cc.movie_id
	  AND mk.movie_id = cc.movie_id
	  AND mc.movie_id = cc.movie_id
	  AND mi.movie_id = cc.movie_id;
	
	
2026-02-06 01:50:09.375 UTC [3069888] AiChaosN@imdbload LOG:  Bao planning selected arm 48, in 212.181000 CPU ms.
2026-02-06 01:50:09.375 UTC [3069888] AiChaosN@imdbload STATEMENT:  SELECT MIN(an.name) AS cool_actor_pseudonym,
	       MIN(t.title) AS series_named_after_char
	FROM aka_name AS an,
	     cast_info AS ci,
	     company_name AS cn,
	     keyword AS k,
	     movie_companies AS mc,
	     movie_keyword AS mk,
	     name AS n,
	     title AS t
	WHERE cn.country_code ='[us]'
	  AND k.keyword ='character-name-in-title'
	  AND t.episode_nr < 100
	  AND an.person_id = n.id
	  AND n.id = ci.person_id
	  AND ci.movie_id = t.id
	  AND t.id = mk.movie_id
	  AND mk.keyword_id = k.id
	  AND t.id = mc.movie_id
	  AND mc.company_id = cn.id
	  AND an.person_id = ci.person_id
	  AND ci.movie_id = mc.movie_id
	  AND ci.movie_id = mk.movie_id
	  AND mc.movie_id = mk.movie_id;
	
	
2026-02-06 01:50:20.709 UTC [3070087] AiChaosN@imdbload LOG:  Bao planning selected arm 41, in 705.557000 CPU ms.
2026-02-06 01:50:20.709 UTC [3070087] AiChaosN@imdbload STATEMENT:  SELECT MIN(kt.kind) AS movie_kind,
	       MIN(t.title) AS complete_us_internet_movie
	FROM complete_cast AS cc,
	     comp_cast_type AS cct1,
	     company_name AS cn,
	     company_type AS ct,
	     info_type AS it1,
	     keyword AS k,
	     kind_type AS kt,
	     movie_companies AS mc,
	     movie_info AS mi,
	     movie_keyword AS mk,
	     title AS t
	WHERE cct1.kind = 'complete+verified'
	  AND cn.country_code = '[us]'
	  AND it1.info = 'release dates'
	  AND kt.kind IN ('movie')
	  AND mi.note LIKE '%internet%'
	  AND mi.info IS NOT NULL
	  AND (mi.info LIKE 'USA:% 199%'
	       OR mi.info LIKE 'USA:% 200%')
	  AND t.production_year > 2000
	  AND kt.id = t.kind_id
	  AND t.id = mi.movie_id
	  AND t.id = mk.movie_id
	  AND t.id = mc.movie_id
	  AND t.id = cc.movie_id
	  AND mk.movie_id = mi.movie_id
	  AND mk.movie_id = mc.movie_id
	  AND mk.movie_id = cc.movie_id
	  AND mi.movie_id = mc.movie_id
	  AND mi.movie_id = cc.movie_id
	  AND mc.movie_id = cc.movie_id
	  AND k.id = mk.keyword_id
	  AND it1.id = mi.info_type_id
	  AND cn.id = mc.company_id
	  AND ct.id = mc.company_type_id
	  AND cct1.id = cc.status_id;
	
	
2026-02-06 01:50:21.554 UTC [3070121] AiChaosN@imdbload LOG:  Bao planning selected arm 17, in 600.088000 CPU ms.
2026-02-06 01:50:21.554 UTC [3070121] AiChaosN@imdbload STATEMENT:  SELECT COUNT(*) FROM title as t,
	kind_type as kt,
	info_type as it1,
	movie_info as mi1,
	movie_info as mi2,
	info_type as it2,
	cast_info as ci,
	role_type as rt,
	name as n,
	movie_keyword as mk,
	keyword as k
	WHERE
	t.id = ci.movie_id
	AND t.id = mi1.movie_id
	AND t.id = mi2.movie_id
	AND t.id = mk.movie_id
	AND k.id = mk.keyword_id
	AND mi1.movie_id = mi2.movie_id
	AND mi1.info_type_id = it1.id
	AND mi2.info_type_id = it2.id
	AND (it1.id in ('8'))
	AND (it2.id in ('6'))
	AND t.kind_id = kt.id
	AND ci.person_id = n.id
	AND ci.role_id = rt.id
	AND (mi1.info in ('Austria','Belgium','Brazil','Hungary','India','Mexico','Poland','Spain'))
	AND (mi2.info in ('Mono','Silent'))
	AND (kt.kind in ('episode','movie','tv movie'))
	AND (rt.role in ('costume designer','production designer'))
	AND (n.gender IS NULL)
	AND (t.production_year <= 1975)
	AND (t.production_year >= 1875)
	AND (k.keyword IN ('based-on-play','cigarette-smoking','friendship','independent-film','jealousy','lesbian-sex','male-nudity','marriage','mother-daughter-relationship','one-word-title','oral-sex','police','singing','song'))
	
2026-02-06 01:51:01.251 UTC [3070326] AiChaosN@imdbload ERROR:  canceling statement due to statement timeout
2026-02-06 01:51:01.251 UTC [3070326] AiChaosN@imdbload STATEMENT:  SELECT MIN(chn.name) AS voiced_char,
	       MIN(n.name) AS voicing_actress,
	       MIN(t.title) AS voiced_animation
	FROM aka_name AS an,
	     complete_cast AS cc,
	     comp_cast_type AS cct1,
	     comp_cast_type AS cct2,
	     char_name AS chn,
	     cast_info AS ci,
	     company_name AS cn,
	     info_type AS it,
	     info_type AS it3,
	     keyword AS k,
	     movie_companies AS mc,
	     movie_info AS mi,
	     movie_keyword AS mk,
	     name AS n,
	     person_info AS pi1,
	     role_type AS rt,
	     title AS t
	WHERE cct1.kind ='cast'
	  AND cct2.kind ='complete+verified'
	  AND chn.name = 'Queen'
	  AND ci.note IN ('(voice)',
	                  '(voice) (uncredited)',
	                  '(voice: English version)')
	  AND cn.country_code ='[us]'
	  AND it.info = 'release dates'
	  AND it3.info = 'height'
	  AND k.keyword = 'computer-animation'
	  AND mi.info LIKE 'USA:%200%'
	  AND n.gender ='f'
	  AND n.name LIKE '%An%'
	  AND rt.role ='actress'
	  AND t.title = 'Shrek 2'
	  AND t.production_year BETWEEN 2000 AND 2005
	  AND t.id = mi.movie_id
	  AND t.id = mc.movie_id
	  AND t.id = ci.movie_id
	  AND t.id = mk.movie_id
	  AND t.id = cc.movie_id
	  AND mc.movie_id = ci.movie_id
	  AND mc.movie_id = mi.movie_id
	  AND mc.movie_id = mk.movie_id
	  AND mc.movie_id = cc.movie_id
	  AND mi.movie_id = ci.movie_id
	  AND mi.movie_id = mk.movie_id
	  AND mi.movie_id = cc.movie_id
	  AND ci.movie_id = mk.movie_id
	  AND ci.movie_id = cc.movie_id
	  AND mk.movie_id = cc.movie_id
	  AND cn.id = mc.company_id
	  AND it.id = mi.info_type_id
	  AND n.id = ci.person_id
	  AND rt.id = ci.role_id
	  AND n.id = an.person_id
	  AND ci.person_id = an.person_id
	  AND chn.id = ci.person_role_id
	  AND n.id = pi1.person_id
	  AND ci.person_id = pi1.person_id
	  AND it3.id = pi1.info_type_id
	  AND k.id = mk.keyword_id
	  AND cct1.id = cc.subject_id
	  AND cct2.id = cc.status_id;
	
	
2026-02-06 01:51:01.814 UTC [3070953] AiChaosN@imdbload LOG:  Bao planning selected arm 2, in 167.811000 CPU ms.
2026-02-06 01:51:01.814 UTC [3070953] AiChaosN@imdbload STATEMENT:  SELECT MIN(t.title) AS movie_title
	FROM company_name AS cn,
	     keyword AS k,
	     movie_companies AS mc,
	     movie_keyword AS mk,
	     title AS t
	WHERE cn.country_code ='[sm]'
	  AND k.keyword ='character-name-in-title'
	  AND cn.id = mc.company_id
	  AND mc.movie_id = t.id
	  AND t.id = mk.movie_id
	  AND mk.keyword_id = k.id
	  AND mc.movie_id = mk.movie_id;
	
	
2026-02-06 01:51:10.309 UTC [3071033] AiChaosN@imdbload LOG:  Bao planning selected arm 8, in 5876.717000 CPU ms.
2026-02-06 01:51:10.309 UTC [3071033] AiChaosN@imdbload STATEMENT:  SELECT MIN(cn.name) AS movie_company,
	       MIN(mi_idx.info) AS rating,
	       MIN(t.title) AS complete_euro_dark_movie
	FROM complete_cast AS cc,
	     comp_cast_type AS cct1,
	     comp_cast_type AS cct2,
	     company_name AS cn,
	     company_type AS ct,
	     info_type AS it1,
	     info_type AS it2,
	     keyword AS k,
	     kind_type AS kt,
	     movie_companies AS mc,
	     movie_info AS mi,
	     movie_info_idx AS mi_idx,
	     movie_keyword AS mk,
	     title AS t
	WHERE cct1.kind = 'crew'
	  AND cct2.kind != 'complete+verified'
	  AND cn.country_code != '[us]'
	  AND it1.info = 'countries'
	  AND it2.info = 'rating'
	  AND k.keyword IN ('murder',
	                    'murder-in-title',
	                    'blood',
	                    'violence')
	  AND kt.kind IN ('movie',
	                  'episode')
	  AND mc.note NOT LIKE '%(USA)%'
	  AND mc.note LIKE '%(200%)%'
	  AND mi.info IN ('Sweden',
	                  'Germany',
	                  'Swedish',
	                  'German')
	  AND mi_idx.info > '6.5'
	  AND t.production_year > 2005
	  AND kt.id = t.kind_id
	  AND t.id = mi.movie_id
	  AND t.id = mk.movie_id
	  AND t.id = mi_idx.movie_id
	  AND t.id = mc.movie_id
	  AND t.id = cc.movie_id
	  AND mk.movie_id = mi.movie_id
	  AND mk.movie_id = mi_idx.movie_id
	  AND mk.movie_id = mc.movie_id
	  AND mk.movie_id = cc.movie_id
	  AND mi.movie_id = mi_idx.movie_id
	  AND mi.movie_id = mc.movie_id
	  AND mi.movie_id = cc.movie_id
	  AND mc.movie_id = mi_idx.movie_id
	  AND mc.movie_id = cc.movie_id
	  AND mi_idx.movie_id = cc.movie_id
	  AND k.id = mk.keyword_id
	  AND it1.id = mi.info_type_id
	  AND it2.id = mi_idx.info_type_id
	  AND ct.id = mc.company_type_id
	  AND cn.id = mc.company_id
	  AND cct1.id = cc.subject_id
	  AND cct2.id = cc.status_id;
	
	
2026-02-06 01:51:15.210 UTC [3071252] AiChaosN@imdbload LOG:  Bao planning selected arm 16, in 168.613000 CPU ms.
2026-02-06 01:51:15.210 UTC [3071252] AiChaosN@imdbload STATEMENT:  SELECT MIN(n.name) AS member_in_charnamed_movie
	FROM cast_info AS ci,
	     company_name AS cn,
	     keyword AS k,
	     movie_companies AS mc,
	     movie_keyword AS mk,
	     name AS n,
	     title AS t
	WHERE cn.country_code ='[us]'
	  AND k.keyword ='character-name-in-title'
	  AND n.id = ci.person_id
	  AND ci.movie_id = t.id
	  AND t.id = mk.movie_id
	  AND mk.keyword_id = k.id
	  AND t.id = mc.movie_id
	  AND mc.company_id = cn.id
	  AND ci.movie_id = mc.movie_id
	  AND ci.movie_id = mk.movie_id
	  AND mc.movie_id = mk.movie_id;
	
	
2026-02-06 01:51:26.907 UTC [3071473] AiChaosN@imdbload LOG:  Bao planning selected arm 2, in 297.815000 CPU ms.
2026-02-06 01:51:26.907 UTC [3071473] AiChaosN@imdbload STATEMENT:  SELECT MIN(mi.info) AS movie_budget,
	       MIN(mi_idx.info) AS movie_votes,
	       MIN(n.name) AS male_writer,
	       MIN(t.title) AS violent_movie_title
	FROM cast_info AS ci,
	     info_type AS it1,
	     info_type AS it2,
	     keyword AS k,
	     movie_info AS mi,
	     movie_info_idx AS mi_idx,
	     movie_keyword AS mk,
	     name AS n,
	     title AS t
	WHERE ci.note IN ('(writer)',
	                  '(head writer)',
	                  '(written by)',
	                  '(story)',
	                  '(story editor)')
	  AND it1.info = 'genres'
	  AND it2.info = 'votes'
	  AND k.keyword IN ('murder',
	                    'violence',
	                    'blood',
	                    'gore',
	                    'death',
	                    'female-nudity',
	                    'hospital')
	  AND mi.info IN ('Horror',
	                  'Action',
	                  'Sci-Fi',
	                  'Thriller',
	                  'Crime',
	                  'War')
	  AND n.gender = 'm'
	  AND t.id = mi.movie_id
	  AND t.id = mi_idx.movie_id
	  AND t.id = ci.movie_id
	  AND t.id = mk.movie_id
	  AND ci.movie_id = mi.movie_id
	  AND ci.movie_id = mi_idx.movie_id
	  AND ci.movie_id = mk.movie_id
	  AND mi.movie_id = mi_idx.movie_id
	  AND mi.movie_id = mk.movie_id
	  AND mi_idx.movie_id = mk.movie_id
	  AND n.id = ci.person_id
	  AND it1.id = mi.info_type_id
	  AND it2.id = mi_idx.info_type_id
	  AND k.id = mk.keyword_id;
	
	
2026-02-06 01:51:33.668 UTC [3071615] AiChaosN@imdbload LOG:  Bao planning selected arm 8, in 136.746000 CPU ms.
2026-02-06 01:51:33.668 UTC [3071615] AiChaosN@imdbload STATEMENT:  SELECT MIN(k.keyword) AS movie_keyword,
	       MIN(n.name) AS actor_name,
	       MIN(t.title) AS hero_movie
	FROM cast_info AS ci,
	     keyword AS k,
	     movie_keyword AS mk,
	     name AS n,
	     title AS t
	WHERE k.keyword IN ('superhero',
	                    'sequel',
	                    'second-part',
	                    'marvel-comics',
	                    'based-on-comic',
	                    'tv-special',
	                    'fight',
	                    'violence')
	  AND n.name LIKE '%Downey%Robert%'
	  AND t.production_year > 2000
	  AND k.id = mk.keyword_id
	  AND t.id = mk.movie_id
	  AND t.id = ci.movie_id
	  AND ci.movie_id = mk.movie_id
	  AND n.id = ci.person_id;
	
	
2026-02-06 01:51:40.076 UTC [3071690] AiChaosN@imdbload LOG:  Bao planning selected arm 8, in 3451.967000 CPU ms.
2026-02-06 01:51:40.076 UTC [3071690] AiChaosN@imdbload STATEMENT:  SELECT COUNT(*)
	FROM title as t,
	movie_info as mi1,
	kind_type as kt,
	info_type as it1,
	info_type as it3,
	info_type as it4,
	movie_info_idx as mii1,
	movie_info_idx as mii2,
	aka_name as an,
	name as n,
	info_type as it5,
	person_info as pi1,
	cast_info as ci,
	role_type as rt
	WHERE
	t.id = mi1.movie_id
	AND t.id = ci.movie_id
	AND t.id = mii1.movie_id
	AND t.id = mii2.movie_id
	AND mii2.movie_id = mii1.movie_id
	AND mi1.movie_id = mii1.movie_id
	AND mi1.info_type_id = it1.id
	AND mii1.info_type_id = it3.id
	AND mii2.info_type_id = it4.id
	AND t.kind_id = kt.id
	AND (kt.kind IN ('episode','movie'))
	AND (t.production_year <= 2015)
	AND (t.production_year >= 1925)
	AND (mi1.info IN ('Black and White'))
	AND (it1.id IN ('2'))
	AND it3.id = '100'
	AND it4.id = '101'
	AND (mii2.info ~ '^(?:[1-9]\d*|0)?(?:\.\d+)?$' AND mii2.info::float <= 7.0)
	AND (mii2.info ~ '^(?:[1-9]\d*|0)?(?:\.\d+)?$' AND 3.0 <= mii2.info::float)
	AND (mii1.info ~ '^(?:[1-9]\d*|0)?(?:\.\d+)?$' AND 0.0 <= mii1.info::float)
	AND (mii1.info ~ '^(?:[1-9]\d*|0)?(?:\.\d+)?$' AND mii1.info::float <= 10000.0)
	AND n.id = ci.person_id
	AND ci.person_id = pi1.person_id
	AND it5.id = pi1.info_type_id
	AND n.id = pi1.person_id
	AND n.id = an.person_id
	AND ci.person_id = an.person_id
	AND an.person_id = pi1.person_id
	AND rt.id = ci.role_id
	AND (n.gender in ('m') OR n.gender IS NULL)
	AND (n.name_pcode_nf in ('A5136','B4532','C6435','H4524','J2451','J6362','L2525','M6415','S4125','W5245'))
	AND (ci.note in ('(writer)') OR ci.note IS NULL)
	AND (rt.role in ('actor','cinematographer','writer'))
	AND (it5.id in ('26'))
	
2026-02-06 01:51:56.929 UTC [3072070] AiChaosN@imdbload LOG:  Bao planning selected arm 15, in 208.472000 CPU ms.
2026-02-06 01:51:56.929 UTC [3072070] AiChaosN@imdbload STATEMENT:  SELECT MIN(an.name) AS cool_actor_pseudonym,
	       MIN(t.title) AS series_named_after_char
	FROM aka_name AS an,
	     cast_info AS ci,
	     company_name AS cn,
	     keyword AS k,
	     movie_companies AS mc,
	     movie_keyword AS mk,
	     name AS n,
	     title AS t
	WHERE cn.country_code ='[us]'
	  AND k.keyword ='character-name-in-title'
	  AND t.episode_nr >= 5
	  AND t.episode_nr < 100
	  AND an.person_id = n.id
	  AND n.id = ci.person_id
	  AND ci.movie_id = t.id
	  AND t.id = mk.movie_id
	  AND mk.keyword_id = k.id
	  AND t.id = mc.movie_id
	  AND mc.company_id = cn.id
	  AND an.person_id = ci.person_id
	  AND ci.movie_id = mc.movie_id
	  AND ci.movie_id = mk.movie_id
	  AND mc.movie_id = mk.movie_id;
	
	
2026-02-06 01:52:06.962 UTC [3072253] AiChaosN@imdbload LOG:  Bao planning selected arm 48, in 214.282000 CPU ms.
2026-02-06 01:52:06.962 UTC [3072253] AiChaosN@imdbload STATEMENT:  SELECT MIN(an.name) AS alternative_name,
	       MIN(chn.name) AS voiced_character,
	       MIN(n.name) AS voicing_actress,
	       MIN(t.title) AS american_movie
	FROM aka_name AS an,
	     char_name AS chn,
	     cast_info AS ci,
	     company_name AS cn,
	     movie_companies AS mc,
	     name AS n,
	     role_type AS rt,
	     title AS t
	WHERE ci.note = '(voice)'
	  AND cn.country_code ='[us]'
	  AND mc.note LIKE '%(200%)%'
	  AND (mc.note LIKE '%(USA)%'
	       OR mc.note LIKE '%(worldwide)%')
	  AND n.gender ='f'
	  AND n.name LIKE '%Angel%'
	  AND rt.role ='actress'
	  AND t.production_year BETWEEN 2007 AND 2010
	  AND ci.movie_id = t.id
	  AND t.id = mc.movie_id
	  AND ci.movie_id = mc.movie_id
	  AND mc.company_id = cn.id
	  AND ci.role_id = rt.id
	  AND n.id = ci.person_id
	  AND chn.id = ci.person_role_id
	  AND an.person_id = n.id
	  AND an.person_id = ci.person_id;
	
	
2026-02-06 01:52:14.770 UTC [3072410] AiChaosN@imdbload LOG:  Bao planning selected arm 2, in 172.970000 CPU ms.
2026-02-06 01:52:14.770 UTC [3072410] AiChaosN@imdbload STATEMENT:  SELECT MIN(mc.note) AS production_note,
	       MIN(t.title) AS movie_title,
	       MIN(t.production_year) AS movie_year
	FROM company_type AS ct,
	     info_type AS it,
	     movie_companies AS mc,
	     movie_info_idx AS mi_idx,
	     title AS t
	WHERE ct.kind = 'production companies'
	  AND it.info = 'top 250 rank'
	  AND mc.note NOT LIKE '%(as Metro-Goldwyn-Mayer Pictures)%'
	  AND (mc.note LIKE '%(co-production)%')
	  AND t.production_year >2010
	  AND ct.id = mc.company_type_id
	  AND t.id = mc.movie_id
	  AND t.id = mi_idx.movie_id
	  AND mc.movie_id = mi_idx.movie_id
	  AND it.id = mi_idx.info_type_id;
	
	
2026-02-06 01:52:22.491 UTC [3072620] AiChaosN@imdbload LOG:  Bao planning selected arm 36, in 244.856000 CPU ms.
2026-02-06 01:52:22.491 UTC [3072620] AiChaosN@imdbload STATEMENT:  SELECT MIN(cn.name) AS producing_company,
	       MIN(miidx.info) AS rating,
	       MIN(t.title) AS movie
	FROM company_name AS cn,
	     company_type AS ct,
	     info_type AS it,
	     info_type AS it2,
	     kind_type AS kt,
	     movie_companies AS mc,
	     movie_info AS mi,
	     movie_info_idx AS miidx,
	     title AS t
	WHERE cn.country_code ='[us]'
	  AND ct.kind ='production companies'
	  AND it.info ='rating'
	  AND it2.info ='release dates'
	  AND kt.kind ='movie'
	  AND mi.movie_id = t.id
	  AND it2.id = mi.info_type_id
	  AND kt.id = t.kind_id
	  AND mc.movie_id = t.id
	  AND cn.id = mc.company_id
	  AND ct.id = mc.company_type_id
	  AND miidx.movie_id = t.id
	  AND it.id = miidx.info_type_id
	  AND mi.movie_id = miidx.movie_id
	  AND mi.movie_id = mc.movie_id
	  AND miidx.movie_id = mc.movie_id;
	
	
2026-02-06 01:52:31.607 UTC [3072773] AiChaosN@imdbload LOG:  Bao planning selected arm 36, in 1837.878000 CPU ms.
2026-02-06 01:52:31.607 UTC [3072773] AiChaosN@imdbload STATEMENT:  SELECT MIN(cn.name) AS producing_company,
	       MIN(lt.link) AS link_type,
	       MIN(t.title) AS complete_western_sequel
	FROM complete_cast AS cc,
	     comp_cast_type AS cct1,
	     comp_cast_type AS cct2,
	     company_name AS cn,
	     company_type AS ct,
	     keyword AS k,
	     link_type AS lt,
	     movie_companies AS mc,
	     movie_info AS mi,
	     movie_keyword AS mk,
	     movie_link AS ml,
	     title AS t
	WHERE cct1.kind = 'cast'
	  AND cct2.kind LIKE 'complete%'
	  AND cn.country_code !='[pl]'
	  AND (cn.name LIKE '%Film%'
	       OR cn.name LIKE '%Warner%')
	  AND ct.kind ='production companies'
	  AND k.keyword ='sequel'
	  AND lt.link LIKE '%follow%'
	  AND mc.note IS NULL
	  AND mi.info IN ('Sweden',
	                  'Norway',
	                  'Germany',
	                  'Denmark',
	                  'Swedish',
	                  'Denish',
	                  'Norwegian',
	                  'German',
	                  'English')
	  AND t.production_year BETWEEN 1950 AND 2010
	  AND lt.id = ml.link_type_id
	  AND ml.movie_id = t.id
	  AND t.id = mk.movie_id
	  AND mk.keyword_id = k.id
	  AND t.id = mc.movie_id
	  AND mc.company_type_id = ct.id
	  AND mc.company_id = cn.id
	  AND mi.movie_id = t.id
	  AND t.id = cc.movie_id
	  AND cct1.id = cc.subject_id
	  AND cct2.id = cc.status_id
	  AND ml.movie_id = mk.movie_id
	  AND ml.movie_id = mc.movie_id
	  AND mk.movie_id = mc.movie_id
	  AND ml.movie_id = mi.movie_id
	  AND mk.movie_id = mi.movie_id
	  AND mc.movie_id = mi.movie_id
	  AND ml.movie_id = cc.movie_id
	  AND mk.movie_id = cc.movie_id
	  AND mc.movie_id = cc.movie_id
	  AND mi.movie_id = cc.movie_id;
	
	
2026-02-06 01:52:35.817 UTC [3072886] AiChaosN@imdbload LOG:  Bao planning selected arm 18, in 175.698000 CPU ms.
2026-02-06 01:52:35.817 UTC [3072886] AiChaosN@imdbload STATEMENT:  SELECT MIN(n.name) AS member_in_charnamed_movie,
	       MIN(n.name) AS a1
	FROM cast_info AS ci,
	     company_name AS cn,
	     keyword AS k,
	     movie_companies AS mc,
	     movie_keyword AS mk,
	     name AS n,
	     title AS t
	WHERE k.keyword ='character-name-in-title'
	  AND n.name LIKE 'X%'
	  AND n.id = ci.person_id
	  AND ci.movie_id = t.id
	  AND t.id = mk.movie_id
	  AND mk.keyword_id = k.id
	  AND t.id = mc.movie_id
	  AND mc.company_id = cn.id
	  AND ci.movie_id = mc.movie_id
	  AND ci.movie_id = mk.movie_id
	  AND mc.movie_id = mk.movie_id;
	
	
2026-02-06 01:52:39.985 UTC [3072986] AiChaosN@imdbload LOG:  Bao planning selected arm 27, in 162.231000 CPU ms.
2026-02-06 01:52:39.985 UTC [3072986] AiChaosN@imdbload STATEMENT:  SELECT MIN(an.name) AS costume_designer_pseudo,
	       MIN(t.title) AS movie_with_costumes
	FROM aka_name AS an,
	     cast_info AS ci,
	     company_name AS cn,
	     movie_companies AS mc,
	     name AS n,
	     role_type AS rt,
	     title AS t
	WHERE cn.country_code ='[us]'
	  AND rt.role ='costume designer'
	  AND an.person_id = n.id
	  AND n.id = ci.person_id
	  AND ci.movie_id = t.id
	  AND t.id = mc.movie_id
	  AND mc.company_id = cn.id
	  AND ci.role_id = rt.id
	  AND an.person_id = ci.person_id
	  AND ci.movie_id = mc.movie_id;
	
	
2026-02-06 01:52:46.855 UTC [3073130] AiChaosN@imdbload LOG:  Bao planning selected arm 9, in 173.775000 CPU ms.
2026-02-06 01:52:46.855 UTC [3073130] AiChaosN@imdbload STATEMENT:  SELECT MIN(an.name) AS actress_pseudonym,
	       MIN(t.title) AS japanese_movie_dubbed
	FROM aka_name AS an,
	     cast_info AS ci,
	     company_name AS cn,
	     movie_companies AS mc,
	     name AS n,
	     role_type AS rt,
	     title AS t
	WHERE ci.note ='(voice: English version)'
	  AND cn.country_code ='[jp]'
	  AND mc.note LIKE '%(Japan)%'
	  AND mc.note NOT LIKE '%(USA)%'
	  AND n.name LIKE '%Yo%'
	  AND n.name NOT LIKE '%Yu%'
	  AND rt.role ='actress'
	  AND an.person_id = n.id
	  AND n.id = ci.person_id
	  AND ci.movie_id = t.id
	  AND t.id = mc.movie_id
	  AND mc.company_id = cn.id
	  AND ci.role_id = rt.id
	  AND an.person_id = ci.person_id
	  AND ci.movie_id = mc.movie_id;
	
	
2026-02-06 01:52:52.092 UTC [3073226] AiChaosN@imdbload LOG:  Bao planning selected arm 3, in 219.383000 CPU ms.
2026-02-06 01:52:52.092 UTC [3073226] AiChaosN@imdbload STATEMENT:  SELECT MIN(an.name) AS alternative_name,
	       MIN(chn.name) AS character_name,
	       MIN(t.title) AS movie
	FROM aka_name AS an,
	     char_name AS chn,
	     cast_info AS ci,
	     company_name AS cn,
	     movie_companies AS mc,
	     name AS n,
	     role_type AS rt,
	     title AS t
	WHERE ci.note IN ('(voice)',
	                  '(voice: Japanese version)',
	                  '(voice) (uncredited)',
	                  '(voice: English version)')
	  AND cn.country_code ='[us]'
	  AND mc.note IS NOT NULL
	  AND (mc.note LIKE '%(USA)%'
	       OR mc.note LIKE '%(worldwide)%')
	  AND n.gender ='f'
	  AND n.name LIKE '%Ang%'
	  AND rt.role ='actress'
	  AND t.production_year BETWEEN 2005 AND 2015
	  AND ci.movie_id = t.id
	  AND t.id = mc.movie_id
	  AND ci.movie_id = mc.movie_id
	  AND mc.company_id = cn.id
	  AND ci.role_id = rt.id
	  AND n.id = ci.person_id
	  AND chn.id = ci.person_role_id
	  AND an.person_id = n.id
	  AND an.person_id = ci.person_id;
	
	
2026-02-06 01:52:53.488 UTC [3073266] AiChaosN@imdbload LOG:  Bao planning selected arm 18, in 221.703000 CPU ms.
2026-02-06 01:52:53.488 UTC [3073266] AiChaosN@imdbload STATEMENT:  SELECT MIN(an.name) AS cool_actor_pseudonym,
	       MIN(t.title) AS series_named_after_char
	FROM aka_name AS an,
	     cast_info AS ci,
	     company_name AS cn,
	     keyword AS k,
	     movie_companies AS mc,
	     movie_keyword AS mk,
	     name AS n,
	     title AS t
	WHERE cn.country_code ='[us]'
	  AND k.keyword ='character-name-in-title'
	  AND t.episode_nr >= 50
	  AND t.episode_nr < 100
	  AND an.person_id = n.id
	  AND n.id = ci.person_id
	  AND ci.movie_id = t.id
	  AND t.id = mk.movie_id
	  AND mk.keyword_id = k.id
	  AND t.id = mc.movie_id
	  AND mc.company_id = cn.id
	  AND an.person_id = ci.person_id
	  AND ci.movie_id = mc.movie_id
	  AND ci.movie_id = mk.movie_id
	  AND mc.movie_id = mk.movie_id;
	
	
2026-02-06 01:52:53.793 UTC [3073273] AiChaosN@imdbload LOG:  Bao planning selected arm 36, in 133.616000 CPU ms.
2026-02-06 01:52:53.793 UTC [3073273] AiChaosN@imdbload STATEMENT:  SELECT MIN(mc.note) AS production_note,
	       MIN(t.title) AS movie_title,
	       MIN(t.production_year) AS movie_year
	FROM company_type AS ct,
	     info_type AS it,
	     movie_companies AS mc,
	     movie_info_idx AS mi_idx,
	     title AS t
	WHERE ct.kind = 'production companies'
	  AND it.info = 'bottom 10 rank'
	  AND mc.note NOT LIKE '%(as Metro-Goldwyn-Mayer Pictures)%'
	  AND t.production_year >2000
	  AND ct.id = mc.company_type_id
	  AND t.id = mc.movie_id
	  AND t.id = mi_idx.movie_id
	  AND mc.movie_id = mi_idx.movie_id
	  AND it.id = mi_idx.info_type_id;
	
	
2026-02-06 01:52:56.937 UTC [3073310] AiChaosN@imdbload LOG:  Bao planning selected arm 36, in 1687.780000 CPU ms.
2026-02-06 01:52:56.937 UTC [3073310] AiChaosN@imdbload STATEMENT:  SELECT MIN(mi.info) AS movie_budget,
	       MIN(mi_idx.info) AS movie_votes,
	       MIN(n.name) AS writer,
	       MIN(t.title) AS complete_violent_movie
	FROM complete_cast AS cc,
	     comp_cast_type AS cct1,
	     comp_cast_type AS cct2,
	     cast_info AS ci,
	     info_type AS it1,
	     info_type AS it2,
	     keyword AS k,
	     movie_info AS mi,
	     movie_info_idx AS mi_idx,
	     movie_keyword AS mk,
	     name AS n,
	     title AS t
	WHERE cct1.kind IN ('cast',
	                    'crew')
	  AND cct2.kind ='complete+verified'
	  AND ci.note IN ('(writer)',
	                  '(head writer)',
	                  '(written by)',
	                  '(story)',
	                  '(story editor)')
	  AND it1.info = 'genres'
	  AND it2.info = 'votes'
	  AND k.keyword IN ('murder',
	                    'violence',
	                    'blood',
	                    'gore',
	                    'death',
	                    'female-nudity',
	                    'hospital')
	  AND mi.info IN ('Horror',
	                  'Thriller')
	  AND n.gender = 'm'
	  AND t.production_year > 2000
	  AND t.id = mi.movie_id
	  AND t.id = mi_idx.movie_id
	  AND t.id = ci.movie_id
	  AND t.id = mk.movie_id
	  AND t.id = cc.movie_id
	  AND ci.movie_id = mi.movie_id
	  AND ci.movie_id = mi_idx.movie_id
	  AND ci.movie_id = mk.movie_id
	  AND ci.movie_id = cc.movie_id
	  AND mi.movie_id = mi_idx.movie_id
	  AND mi.movie_id = mk.movie_id
	  AND mi.movie_id = cc.movie_id
	  AND mi_idx.movie_id = mk.movie_id
	  AND mi_idx.movie_id = cc.movie_id
	  AND mk.movie_id = cc.movie_id
	  AND n.id = ci.person_id
	  AND it1.id = mi.info_type_id
	  AND it2.id = mi_idx.info_type_id
	  AND k.id = mk.keyword_id
	  AND cct1.id = cc.subject_id
	  AND cct2.id = cc.status_id;
	
	
2026-02-06 01:53:04.281 UTC [3073489] AiChaosN@imdbload LOG:  Bao planning selected arm 3, in 206.387000 CPU ms.
2026-02-06 01:53:04.281 UTC [3073489] AiChaosN@imdbload STATEMENT:  SELECT MIN(mi.info) AS budget,
	       MIN(t.title) AS unsuccsessful_movie
	FROM company_name AS cn,
	     company_type AS ct,
	     info_type AS it1,
	     info_type AS it2,
	     movie_companies AS mc,
	     movie_info AS mi,
	     movie_info_idx AS mi_idx,
	     title AS t
	WHERE cn.country_code ='[us]'
	  AND ct.kind IS NOT NULL
	  AND (ct.kind ='production companies'
	       OR ct.kind = 'distributors')
	  AND it1.info ='budget'
	  AND it2.info ='bottom 10 rank'
	  AND t.production_year >2000
	  AND (t.title LIKE 'Birdemic%'
	       OR t.title LIKE '%Movie%')
	  AND t.id = mi.movie_id
	  AND t.id = mi_idx.movie_id
	  AND mi.info_type_id = it1.id
	  AND mi_idx.info_type_id = it2.id
	  AND t.id = mc.movie_id
	  AND ct.id = mc.company_type_id
	  AND cn.id = mc.company_id
	  AND mc.movie_id = mi.movie_id
	  AND mc.movie_id = mi_idx.movie_id
	  AND mi.movie_id = mi_idx.movie_id;
	
	
2026-02-06 01:53:10.472 UTC [3073651] AiChaosN@imdbload LOG:  Bao planning selected arm 17, in 135.228000 CPU ms.
2026-02-06 01:53:10.472 UTC [3073651] AiChaosN@imdbload STATEMENT:  SELECT MIN(t.title) AS american_movie
	FROM company_type AS ct,
	     info_type AS it,
	     movie_companies AS mc,
	     movie_info AS mi,
	     title AS t
	WHERE ct.kind = 'production companies'
	  AND mc.note NOT LIKE '%(TV)%'
	  AND mc.note LIKE '%(USA)%'
	  AND mi.info IN ('Sweden',
	                  'Norway',
	                  'Germany',
	                  'Denmark',
	                  'Swedish',
	                  'Denish',
	                  'Norwegian',
	                  'German',
	                  'USA',
	                  'American')
	  AND t.production_year > 1990
	  AND t.id = mi.movie_id
	  AND t.id = mc.movie_id
	  AND mc.movie_id = mi.movie_id
	  AND ct.id = mc.company_type_id
	  AND it.id = mi.info_type_id;
	
	
2026-02-06 01:53:10.994 UTC [3073663] AiChaosN@imdbload LOG:  Bao planning selected arm 3, in 303.879000 CPU ms.
2026-02-06 01:53:10.994 UTC [3073663] AiChaosN@imdbload STATEMENT:  SELECT MIN(mi.info) AS movie_budget,
	       MIN(mi_idx.info) AS movie_votes,
	       MIN(n.name) AS male_writer,
	       MIN(t.title) AS violent_movie_title
	FROM cast_info AS ci,
	     info_type AS it1,
	     info_type AS it2,
	     keyword AS k,
	     movie_info AS mi,
	     movie_info_idx AS mi_idx,
	     movie_keyword AS mk,
	     name AS n,
	     title AS t
	WHERE ci.note IN ('(writer)',
	                  '(head writer)',
	                  '(written by)',
	                  '(story)',
	                  '(story editor)')
	  AND it1.info = 'genres'
	  AND it2.info = 'votes'
	  AND k.keyword IN ('murder',
	                    'blood',
	                    'gore',
	                    'death',
	                    'female-nudity')
	  AND mi.info = 'Horror'
	  AND n.gender = 'm'
	  AND t.production_year > 2010
	  AND t.title LIKE 'Vampire%'
	  AND t.id = mi.movie_id
	  AND t.id = mi_idx.movie_id
	  AND t.id = ci.movie_id
	  AND t.id = mk.movie_id
	  AND ci.movie_id = mi.movie_id
	  AND ci.movie_id = mi_idx.movie_id
	  AND ci.movie_id = mk.movie_id
	  AND mi.movie_id = mi_idx.movie_id
	  AND mi.movie_id = mk.movie_id
	  AND mi_idx.movie_id = mk.movie_id
	  AND n.id = ci.person_id
	  AND it1.id = mi.info_type_id
	  AND it2.id = mi_idx.info_type_id
	  AND k.id = mk.keyword_id;
	
	
2026-02-06 01:53:12.904 UTC [3073674] AiChaosN@imdbload LOG:  Bao planning selected arm 17, in 1656.030000 CPU ms.
2026-02-06 01:53:12.904 UTC [3073674] AiChaosN@imdbload STATEMENT:  SELECT MIN(chn.name) AS voiced_char_name,
	       MIN(n.name) AS voicing_actress_name,
	       MIN(t.title) AS kung_fu_panda
	FROM aka_name AS an,
	     char_name AS chn,
	     cast_info AS ci,
	     company_name AS cn,
	     info_type AS it,
	     keyword AS k,
	     movie_companies AS mc,
	     movie_info AS mi,
	     movie_keyword AS mk,
	     name AS n,
	     role_type AS rt,
	     title AS t
	WHERE ci.note IN ('(voice)',
	                  '(voice: Japanese version)',
	                  '(voice) (uncredited)',
	                  '(voice: English version)')
	  AND cn.country_code ='[us]'
	  AND cn.name = 'DreamWorks Animation'
	  AND it.info = 'release dates'
	  AND k.keyword IN ('hero',
	                    'martial-arts',
	                    'hand-to-hand-combat',
	                    'computer-animated-movie')
	  AND mi.info IS NOT NULL
	  AND (mi.info LIKE 'Japan:%201%'
	       OR mi.info LIKE 'USA:%201%')
	  AND n.gender ='f'
	  AND n.name LIKE '%An%'
	  AND rt.role ='actress'
	  AND t.production_year > 2010
	  AND t.title LIKE 'Kung Fu Panda%'
	  AND t.id = mi.movie_id
	  AND t.id = mc.movie_id
	  AND t.id = ci.movie_id
	  AND t.id = mk.movie_id
	  AND mc.movie_id = ci.movie_id
	  AND mc.movie_id = mi.movie_id
	  AND mc.movie_id = mk.movie_id
	  AND mi.movie_id = ci.movie_id
	  AND mi.movie_id = mk.movie_id
	  AND ci.movie_id = mk.movie_id
	  AND cn.id = mc.company_id
	  AND it.id = mi.info_type_id
	  AND n.id = ci.person_id
	  AND rt.id = ci.role_id
	  AND n.id = an.person_id
	  AND ci.person_id = an.person_id
	  AND chn.id = ci.person_role_id
	  AND k.id = mk.keyword_id;
	
	
2026-02-06 01:53:13.229 UTC [3073709] AiChaosN@imdbload LOG:  Bao planning selected arm 3, in 137.330000 CPU ms.
2026-02-06 01:53:13.229 UTC [3073709] AiChaosN@imdbload STATEMENT:  SELECT MIN(k.keyword) AS movie_keyword,
	       MIN(n.name) AS actor_name,
	       MIN(t.title) AS marvel_movie
	FROM cast_info AS ci,
	     keyword AS k,
	     movie_keyword AS mk,
	     name AS n,
	     title AS t
	WHERE k.keyword = 'marvel-cinematic-universe'
	  AND n.name LIKE '%Downey%Robert%'
	  AND t.production_year > 2010
	  AND k.id = mk.keyword_id
	  AND t.id = mk.movie_id
	  AND t.id = ci.movie_id
	  AND ci.movie_id = mk.movie_id
	  AND n.id = ci.person_id;
	
	
2026-02-06 01:53:13.633 UTC [3073710] AiChaosN@imdbload LOG:  Bao planning selected arm 3, in 318.223000 CPU ms.
2026-02-06 01:53:13.633 UTC [3073710] AiChaosN@imdbload STATEMENT:  SELECT MIN(cn.name) AS company_name,
	       MIN(lt.link) AS link_type,
	       MIN(t.title) AS german_follow_up
	FROM company_name AS cn,
	     company_type AS ct,
	     keyword AS k,
	     link_type AS lt,
	     movie_companies AS mc,
	     movie_info AS mi,
	     movie_keyword AS mk,
	     movie_link AS ml,
	     title AS t
	WHERE cn.country_code !='[pl]'
	  AND (cn.name LIKE '%Film%'
	       OR cn.name LIKE '%Warner%')
	  AND ct.kind ='production companies'
	  AND k.keyword ='sequel'
	  AND lt.link LIKE '%follow%'
	  AND mc.note IS NULL
	  AND mi.info IN ('Germany',
	                  'German')
	  AND t.production_year BETWEEN 2000 AND 2010
	  AND lt.id = ml.link_type_id
	  AND ml.movie_id = t.id
	  AND t.id = mk.movie_id
	  AND mk.keyword_id = k.id
	  AND t.id = mc.movie_id
	  AND mc.company_type_id = ct.id
	  AND mc.company_id = cn.id
	  AND mi.movie_id = t.id
	  AND ml.movie_id = mk.movie_id
	  AND ml.movie_id = mc.movie_id
	  AND mk.movie_id = mc.movie_id
	  AND ml.movie_id = mi.movie_id
	  AND mk.movie_id = mi.movie_id
	  AND mc.movie_id = mi.movie_id;
	
	
2026-02-06 01:53:14.888 UTC [3073717] AiChaosN@imdbload LOG:  Bao planning selected arm 28, in 1149.743000 CPU ms.
2026-02-06 01:53:14.888 UTC [3073717] AiChaosN@imdbload STATEMENT:  SELECT MIN(chn.name) AS character_name,
	       MIN(mi_idx.info) AS rating,
	       MIN(n.name) AS playing_actor,
	       MIN(t.title) AS complete_hero_movie
	FROM complete_cast AS cc,
	     comp_cast_type AS cct1,
	     comp_cast_type AS cct2,
	     char_name AS chn,
	     cast_info AS ci,
	     info_type AS it2,
	     keyword AS k,
	     kind_type AS kt,
	     movie_info_idx AS mi_idx,
	     movie_keyword AS mk,
	     name AS n,
	     title AS t
	WHERE cct1.kind = 'cast'
	  AND cct2.kind LIKE '%complete%'
	  AND chn.name IS NOT NULL
	  AND (chn.name LIKE '%man%'
	       OR chn.name LIKE '%Man%')
	  AND it2.info = 'rating'
	  AND k.keyword IN ('superhero',
	                    'marvel-comics',
	                    'based-on-comic',
	                    'tv-special',
	                    'fight',
	                    'violence',
	                    'magnet',
	                    'web',
	                    'claw',
	                    'laser')
	  AND kt.kind = 'movie'
	  AND mi_idx.info > '7.0'
	  AND t.production_year > 2000
	  AND kt.id = t.kind_id
	  AND t.id = mk.movie_id
	  AND t.id = ci.movie_id
	  AND t.id = cc.movie_id
	  AND t.id = mi_idx.movie_id
	  AND mk.movie_id = ci.movie_id
	  AND mk.movie_id = cc.movie_id
	  AND mk.movie_id = mi_idx.movie_id
	  AND ci.movie_id = cc.movie_id
	  AND ci.movie_id = mi_idx.movie_id
	  AND cc.movie_id = mi_idx.movie_id
	  AND chn.id = ci.person_role_id
	  AND n.id = ci.person_id
	  AND k.id = mk.keyword_id
	  AND cct1.id = cc.subject_id
	  AND cct2.id = cc.status_id
	  AND it2.id = mi_idx.info_type_id;
	
	
2026-02-06 01:53:16.134 UTC [3073764] AiChaosN@imdbload LOG:  Bao planning selected arm 17, in 163.653000 CPU ms.
2026-02-06 01:53:16.134 UTC [3073764] AiChaosN@imdbload STATEMENT:  SELECT MIN(chn.name) AS character,
	       MIN(t.title) AS russian_mov_with_actor_producer
	FROM char_name AS chn,
	     cast_info AS ci,
	     company_name AS cn,
	     company_type AS ct,
	     movie_companies AS mc,
	     role_type AS rt,
	     title AS t
	WHERE ci.note LIKE '%(producer)%'
	  AND cn.country_code = '[ru]'
	  AND rt.role = 'actor'
	  AND t.production_year > 2010
	  AND t.id = mc.movie_id
	  AND t.id = ci.movie_id
	  AND ci.movie_id = mc.movie_id
	  AND chn.id = ci.person_role_id
	  AND rt.id = ci.role_id
	  AND cn.id = mc.company_id
	  AND ct.id = mc.company_type_id;
	
	
2026-02-06 01:53:16.742 UTC [3073801] AiChaosN@imdbload LOG:  Bao planning selected arm 9, in 299.903000 CPU ms.
2026-02-06 01:53:16.742 UTC [3073801] AiChaosN@imdbload STATEMENT:  SELECT MIN(mi.info) AS movie_budget,
	       MIN(mi_idx.info) AS movie_votes,
	       MIN(n.name) AS male_writer,
	       MIN(t.title) AS violent_movie_title
	FROM cast_info AS ci,
	     info_type AS it1,
	     info_type AS it2,
	     keyword AS k,
	     movie_info AS mi,
	     movie_info_idx AS mi_idx,
	     movie_keyword AS mk,
	     name AS n,
	     title AS t
	WHERE ci.note IN ('(writer)',
	                  '(head writer)',
	                  '(written by)',
	                  '(story)',
	                  '(story editor)')
	  AND it1.info = 'genres'
	  AND it2.info = 'votes'
	  AND k.keyword IN ('murder',
	                    'blood',
	                    'gore',
	                    'death',
	                    'female-nudity')
	  AND mi.info = 'Horror'
	  AND n.gender = 'm'
	  AND t.id = mi.movie_id
	  AND t.id = mi_idx.movie_id
	  AND t.id = ci.movie_id
	  AND t.id = mk.movie_id
	  AND ci.movie_id = mi.movie_id
	  AND ci.movie_id = mi_idx.movie_id
	  AND ci.movie_id = mk.movie_id
	  AND mi.movie_id = mi_idx.movie_id
	  AND mi.movie_id = mk.movie_id
	  AND mi_idx.movie_id = mk.movie_id
	  AND n.id = ci.person_id
	  AND it1.id = mi.info_type_id
	  AND it2.id = mi_idx.info_type_id
	  AND k.id = mk.keyword_id;
	
	
2026-02-06 01:53:51.871 UTC [3073840] AiChaosN@imdbload ERROR:  canceling statement due to statement timeout
2026-02-06 01:53:51.871 UTC [3073840] AiChaosN@imdbload STATEMENT:  SELECT MIN(chn.name) AS voiced_char,
	       MIN(n.name) AS voicing_actress,
	       MIN(t.title) AS voiced_animation
	FROM aka_name AS an,
	     complete_cast AS cc,
	     comp_cast_type AS cct1,
	     comp_cast_type AS cct2,
	     char_name AS chn,
	     cast_info AS ci,
	     company_name AS cn,
	     info_type AS it,
	     info_type AS it3,
	     keyword AS k,
	     movie_companies AS mc,
	     movie_info AS mi,
	     movie_keyword AS mk,
	     name AS n,
	     person_info AS pi1,
	     role_type AS rt,
	     title AS t
	WHERE cct1.kind ='cast'
	  AND cct2.kind ='complete+verified'
	  AND chn.name = 'Queen'
	  AND ci.note IN ('(voice)',
	                  '(voice) (uncredited)',
	                  '(voice: English version)')
	  AND cn.country_code ='[us]'
	  AND it.info = 'release dates'
	  AND it3.info = 'trivia'
	  AND k.keyword = 'computer-animation'
	  AND mi.info IS NOT NULL
	  AND (mi.info LIKE 'Japan:%200%'
	       OR mi.info LIKE 'USA:%200%')
	  AND n.gender ='f'
	  AND n.name LIKE '%An%'
	  AND rt.role ='actress'
	  AND t.title = 'Shrek 2'
	  AND t.production_year BETWEEN 2000 AND 2010
	  AND t.id = mi.movie_id
	  AND t.id = mc.movie_id
	  AND t.id = ci.movie_id
	  AND t.id = mk.movie_id
	  AND t.id = cc.movie_id
	  AND mc.movie_id = ci.movie_id
	  AND mc.movie_id = mi.movie_id
	  AND mc.movie_id = mk.movie_id
	  AND mc.movie_id = cc.movie_id
	  AND mi.movie_id = ci.movie_id
	  AND mi.movie_id = mk.movie_id
	  AND mi.movie_id = cc.movie_id
	  AND ci.movie_id = mk.movie_id
	  AND ci.movie_id = cc.movie_id
	  AND mk.movie_id = cc.movie_id
	  AND cn.id = mc.company_id
	  AND it.id = mi.info_type_id
	  AND n.id = ci.person_id
	  AND rt.id = ci.role_id
	  AND n.id = an.person_id
	  AND ci.person_id = an.person_id
	  AND chn.id = ci.person_role_id
	  AND n.id = pi1.person_id
	  AND ci.person_id = pi1.person_id
	  AND it3.id = pi1.info_type_id
	  AND k.id = mk.keyword_id
	  AND cct1.id = cc.subject_id
	  AND cct2.id = cc.status_id;
	
	
2026-02-06 01:53:52.440 UTC [3074435] AiChaosN@imdbload LOG:  Bao planning selected arm 3, in 170.386000 CPU ms.
2026-02-06 01:53:52.440 UTC [3074435] AiChaosN@imdbload STATEMENT:  SELECT MIN(k.keyword) AS movie_keyword,
	       MIN(n.name) AS actor_name,
	       MIN(t.title) AS hero_movie
	FROM cast_info AS ci,
	     keyword AS k,
	     movie_keyword AS mk,
	     name AS n,
	     title AS t
	WHERE k.keyword IN ('superhero',
	                    'sequel',
	                    'second-part',
	                    'marvel-comics',
	                    'based-on-comic',
	                    'tv-special',
	                    'fight',
	                    'violence')
	  AND n.name LIKE '%Downey%Robert%'
	  AND t.production_year > 2014
	  AND k.id = mk.keyword_id
	  AND t.id = mk.movie_id
	  AND t.id = ci.movie_id
	  AND ci.movie_id = mk.movie_id
	  AND n.id = ci.person_id;
	
	
2026-02-06 01:53:59.098 UTC [3074625] AiChaosN@imdbload LOG:  Bao planning selected arm 27, in 172.735000 CPU ms.
2026-02-06 01:53:59.098 UTC [3074625] AiChaosN@imdbload STATEMENT:  SELECT MIN(mi.info) AS movie_budget,
	       MIN(mi_idx.info) AS movie_votes,
	       MIN(t.title) AS movie_title
	FROM cast_info AS ci,
	     info_type AS it1,
	     info_type AS it2,
	     movie_info AS mi,
	     movie_info_idx AS mi_idx,
	     name AS n,
	     title AS t
	WHERE ci.note IN ('(producer)',
	                  '(executive producer)')
	  AND it1.info = 'budget'
	  AND it2.info = 'votes'
	  AND n.gender = 'm'
	  AND n.name LIKE '%Tim%'
	  AND t.id = mi.movie_id
	  AND t.id = mi_idx.movie_id
	  AND t.id = ci.movie_id
	  AND ci.movie_id = mi.movie_id
	  AND ci.movie_id = mi_idx.movie_id
	  AND mi.movie_id = mi_idx.movie_id
	  AND n.id = ci.person_id
	  AND it1.id = mi.info_type_id
	  AND it2.id = mi_idx.info_type_id;
	
	
2026-02-06 01:54:06.749 UTC [3074768] AiChaosN@imdbload LOG:  Bao planning selected arm 27, in 228.923000 CPU ms.
2026-02-06 01:54:06.749 UTC [3074768] AiChaosN@imdbload STATEMENT:  SELECT MIN(n.name) AS cast_member_name,
	       MIN(pi1.info) AS cast_member_info
	FROM aka_name AS an,
	     cast_info AS ci,
	     info_type AS it,
	     link_type AS lt,
	     movie_link AS ml,
	     name AS n,
	     person_info AS pi1,
	     title AS t
	WHERE an.name IS NOT NULL
	  AND (an.name LIKE '%a%'
	       OR an.name LIKE 'A%')
	  AND it.info ='mini biography'
	  AND lt.link IN ('references',
	                  'referenced in',
	                  'features',
	                  'featured in')
	  AND n.name_pcode_cf BETWEEN 'A' AND 'F'
	  AND (n.gender='m'
	       OR (n.gender = 'f'
	           AND n.name LIKE 'A%'))
	  AND pi1.note IS NOT NULL
	  AND t.production_year BETWEEN 1980 AND 2010
	  AND n.id = an.person_id
	  AND n.id = pi1.person_id
	  AND ci.person_id = n.id
	  AND t.id = ci.movie_id
	  AND ml.linked_movie_id = t.id
	  AND lt.id = ml.link_type_id
	  AND it.id = pi1.info_type_id
	  AND pi1.person_id = an.person_id
	  AND pi1.person_id = ci.person_id
	  AND an.person_id = ci.person_id
	  AND ci.movie_id = ml.linked_movie_id;
	
	
2026-02-06 01:54:20.946 UTC [3075028] AiChaosN@imdbload LOG:  Bao planning selected arm 17, in 325.544000 CPU ms.
2026-02-06 01:54:20.946 UTC [3075028] AiChaosN@imdbload STATEMENT:  SELECT MIN(mi.info) AS release_date,
	       MIN(t.title) AS internet_movie
	FROM aka_title AS aka_t,
	     company_name AS cn,
	     company_type AS ct,
	     info_type AS it1,
	     keyword AS k,
	     movie_companies AS mc,
	     movie_info AS mi,
	     movie_keyword AS mk,
	     title AS t
	WHERE cn.country_code = '[us]'
	  AND it1.info = 'release dates'
	  AND mc.note LIKE '%(200%)%'
	  AND mc.note LIKE '%(worldwide)%'
	  AND mi.note LIKE '%internet%'
	  AND mi.info LIKE 'USA:% 200%'
	  AND t.production_year > 2000
	  AND t.id = aka_t.movie_id
	  AND t.id = mi.movie_id
	  AND t.id = mk.movie_id
	  AND t.id = mc.movie_id
	  AND mk.movie_id = mi.movie_id
	  AND mk.movie_id = mc.movie_id
	  AND mk.movie_id = aka_t.movie_id
	  AND mi.movie_id = mc.movie_id
	  AND mi.movie_id = aka_t.movie_id
	  AND mc.movie_id = aka_t.movie_id
	  AND k.id = mk.keyword_id
	  AND it1.id = mi.info_type_id
	  AND cn.id = mc.company_id
	  AND ct.id = mc.company_type_id;
	
2026-02-06 01:54:22.104 UTC [3075068] AiChaosN@imdbload LOG:  Bao planning selected arm 34, in 144.002000 CPU ms.
2026-02-06 01:54:22.104 UTC [3075068] AiChaosN@imdbload STATEMENT:  SELECT MIN(t.title) AS movie_title
	FROM company_name AS cn,
	     keyword AS k,
	     movie_companies AS mc,
	     movie_keyword AS mk,
	     title AS t
	WHERE cn.country_code ='[us]'
	  AND k.keyword ='character-name-in-title'
	  AND cn.id = mc.company_id
	  AND mc.movie_id = t.id
	  AND t.id = mk.movie_id
	  AND mk.keyword_id = k.id
	  AND mc.movie_id = mk.movie_id;
	
	
2026-02-06 01:54:25.738 UTC [3075139] AiChaosN@imdbload LOG:  Bao planning selected arm 9, in 473.541000 CPU ms.
2026-02-06 01:54:25.738 UTC [3075139] AiChaosN@imdbload STATEMENT:  SELECT MIN(n.name) AS voicing_actress,
	       MIN(t.title) AS kung_fu_panda
	FROM aka_name AS an,
	     char_name AS chn,
	     cast_info AS ci,
	     company_name AS cn,
	     info_type AS it,
	     movie_companies AS mc,
	     movie_info AS mi,
	     name AS n,
	     role_type AS rt,
	     title AS t
	WHERE ci.note = '(voice)'
	  AND cn.country_code ='[us]'
	  AND it.info = 'release dates'
	  AND mc.note LIKE '%(200%)%'
	  AND (mc.note LIKE '%(USA)%'
	       OR mc.note LIKE '%(worldwide)%')
	  AND mi.info IS NOT NULL
	  AND (mi.info LIKE 'Japan:%2007%'
	       OR mi.info LIKE 'USA:%2008%')
	  AND n.gender ='f'
	  AND n.name LIKE '%Angel%'
	  AND rt.role ='actress'
	  AND t.production_year BETWEEN 2007 AND 2008
	  AND t.title LIKE '%Kung%Fu%Panda%'
	  AND t.id = mi.movie_id
	  AND t.id = mc.movie_id
	  AND t.id = ci.movie_id
	  AND mc.movie_id = ci.movie_id
	  AND mc.movie_id = mi.movie_id
	  AND mi.movie_id = ci.movie_id
	  AND cn.id = mc.company_id
	  AND it.id = mi.info_type_id
	  AND n.id = ci.person_id
	  AND rt.id = ci.role_id
	  AND n.id = an.person_id
	  AND ci.person_id = an.person_id
	  AND chn.id = ci.person_role_id;
	
	
2026-02-06 01:54:28.313 UTC [3075200] AiChaosN@imdbload LOG:  Bao planning selected arm 34, in 355.590000 CPU ms.
2026-02-06 01:54:28.313 UTC [3075200] AiChaosN@imdbload STATEMENT:  SELECT MIN(n.name) AS cast_member,
	       MIN(t.title) AS complete_dynamic_hero_movie
	FROM complete_cast AS cc,
	     comp_cast_type AS cct1,
	     comp_cast_type AS cct2,
	     char_name AS chn,
	     cast_info AS ci,
	     keyword AS k,
	     kind_type AS kt,
	     movie_keyword AS mk,
	     name AS n,
	     title AS t
	WHERE cct1.kind = 'cast'
	  AND cct2.kind LIKE '%complete%'
	  AND chn.name IS NOT NULL
	  AND (chn.name LIKE '%man%'
	       OR chn.name LIKE '%Man%')
	  AND k.keyword IN ('superhero',
	                    'marvel-comics',
	                    'based-on-comic',
	                    'tv-special',
	                    'fight',
	                    'violence',
	                    'magnet',
	                    'web',
	                    'claw',
	                    'laser')
	  AND kt.kind = 'movie'
	  AND t.production_year > 2000
	  AND kt.id = t.kind_id
	  AND t.id = mk.movie_id
	  AND t.id = ci.movie_id
	  AND t.id = cc.movie_id
	  AND mk.movie_id = ci.movie_id
	  AND mk.movie_id = cc.movie_id
	  AND ci.movie_id = cc.movie_id
	  AND chn.id = ci.person_role_id
	  AND n.id = ci.person_id
	  AND k.id = mk.keyword_id
	  AND cct1.id = cc.subject_id
	  AND cct2.id = cc.status_id;
	
	
2026-02-06 01:54:59.917 UTC [3075200] AiChaosN@imdbload ERROR:  canceling statement due to statement timeout
2026-02-06 01:54:59.917 UTC [3075200] AiChaosN@imdbload STATEMENT:  SELECT MIN(n.name) AS cast_member,
	       MIN(t.title) AS complete_dynamic_hero_movie
	FROM complete_cast AS cc,
	     comp_cast_type AS cct1,
	     comp_cast_type AS cct2,
	     char_name AS chn,
	     cast_info AS ci,
	     keyword AS k,
	     kind_type AS kt,
	     movie_keyword AS mk,
	     name AS n,
	     title AS t
	WHERE cct1.kind = 'cast'
	  AND cct2.kind LIKE '%complete%'
	  AND chn.name IS NOT NULL
	  AND (chn.name LIKE '%man%'
	       OR chn.name LIKE '%Man%')
	  AND k.keyword IN ('superhero',
	                    'marvel-comics',
	                    'based-on-comic',
	                    'tv-special',
	                    'fight',
	                    'violence',
	                    'magnet',
	                    'web',
	                    'claw',
	                    'laser')
	  AND kt.kind = 'movie'
	  AND t.production_year > 2000
	  AND kt.id = t.kind_id
	  AND t.id = mk.movie_id
	  AND t.id = ci.movie_id
	  AND t.id = cc.movie_id
	  AND mk.movie_id = ci.movie_id
	  AND mk.movie_id = cc.movie_id
	  AND ci.movie_id = cc.movie_id
	  AND chn.id = ci.person_role_id
	  AND n.id = ci.person_id
	  AND k.id = mk.keyword_id
	  AND cct1.id = cc.subject_id
	  AND cct2.id = cc.status_id;
	
	
2026-02-06 01:55:00.175 UTC [3075741] AiChaosN@imdbload LOG:  Bao planning selected arm 33, in 207.730000 CPU ms.
2026-02-06 01:55:00.175 UTC [3075741] AiChaosN@imdbload STATEMENT:  SELECT MIN(mi.info) AS movie_budget,
	       MIN(mi_idx.info) AS movie_votes,
	       MIN(t.title) AS movie_title
	FROM cast_info AS ci,
	     info_type AS it1,
	     info_type AS it2,
	     movie_info AS mi,
	     movie_info_idx AS mi_idx,
	     name AS n,
	     title AS t
	WHERE ci.note IN ('(writer)',
	                  '(head writer)',
	                  '(written by)',
	                  '(story)',
	                  '(story editor)')
	  AND it1.info = 'genres'
	  AND it2.info = 'votes'
	  AND mi.info IN ('Horror',
	                  'Action',
	                  'Sci-Fi',
	                  'Thriller',
	                  'Crime',
	                  'War')
	  AND n.gender = 'm'
	  AND t.id = mi.movie_id
	  AND t.id = mi_idx.movie_id
	  AND t.id = ci.movie_id
	  AND ci.movie_id = mi.movie_id
	  AND ci.movie_id = mi_idx.movie_id
	  AND mi.movie_id = mi_idx.movie_id
	  AND n.id = ci.person_id
	  AND it1.id = mi.info_type_id
	  AND it2.id = mi_idx.info_type_id;
	
	
2026-02-06 01:55:06.642 UTC [3075872] AiChaosN@imdbload LOG:  Bao planning selected arm 29, in 211.969000 CPU ms.
2026-02-06 01:55:06.642 UTC [3075872] AiChaosN@imdbload STATEMENT:  SELECT MIN(an.name) AS alternative_name,
	       MIN(chn.name) AS voiced_char_name,
	       MIN(n.name) AS voicing_actress,
	       MIN(t.title) AS american_movie
	FROM aka_name AS an,
	     char_name AS chn,
	     cast_info AS ci,
	     company_name AS cn,
	     movie_companies AS mc,
	     name AS n,
	     role_type AS rt,
	     title AS t
	WHERE ci.note IN ('(voice)',
	                  '(voice: Japanese version)',
	                  '(voice) (uncredited)',
	                  '(voice: English version)')
	  AND cn.country_code ='[us]'
	  AND n.gender ='f'
	  AND rt.role ='actress'
	  AND ci.movie_id = t.id
	  AND t.id = mc.movie_id
	  AND ci.movie_id = mc.movie_id
	  AND mc.company_id = cn.id
	  AND ci.role_id = rt.id
	  AND n.id = ci.person_id
	  AND chn.id = ci.person_role_id
	  AND an.person_id = n.id
	  AND an.person_id = ci.person_id;
	
	
2026-02-06 01:55:11.191 UTC [3075954] AiChaosN@imdbload LOG:  Bao planning selected arm 36, in 1188.860000 CPU ms.
2026-02-06 01:55:11.191 UTC [3075954] AiChaosN@imdbload STATEMENT:  SELECT MIN(chn.name) AS character_name,
	       MIN(mi_idx.info) AS rating,
	       MIN(t.title) AS complete_hero_movie
	FROM complete_cast AS cc,
	     comp_cast_type AS cct1,
	     comp_cast_type AS cct2,
	     char_name AS chn,
	     cast_info AS ci,
	     info_type AS it2,
	     keyword AS k,
	     kind_type AS kt,
	     movie_info_idx AS mi_idx,
	     movie_keyword AS mk,
	     name AS n,
	     title AS t
	WHERE cct1.kind = 'cast'
	  AND cct2.kind LIKE '%complete%'
	  AND chn.name IS NOT NULL
	  AND (chn.name LIKE '%man%'
	       OR chn.name LIKE '%Man%')
	  AND it2.info = 'rating'
	  AND k.keyword IN ('superhero',
	                    'marvel-comics',
	                    'based-on-comic',
	                    'tv-special',
	                    'fight',
	                    'violence',
	                    'magnet',
	                    'web',
	                    'claw',
	                    'laser')
	  AND kt.kind = 'movie'
	  AND t.production_year > 2000
	  AND kt.id = t.kind_id
	  AND t.id = mk.movie_id
	  AND t.id = ci.movie_id
	  AND t.id = cc.movie_id
	  AND t.id = mi_idx.movie_id
	  AND mk.movie_id = ci.movie_id
	  AND mk.movie_id = cc.movie_id
	  AND mk.movie_id = mi_idx.movie_id
	  AND ci.movie_id = cc.movie_id
	  AND ci.movie_id = mi_idx.movie_id
	  AND cc.movie_id = mi_idx.movie_id
	  AND chn.id = ci.person_role_id
	  AND n.id = ci.person_id
	  AND k.id = mk.keyword_id
	  AND cct1.id = cc.subject_id
	  AND cct2.id = cc.status_id
	  AND it2.id = mi_idx.info_type_id;
	
	
2026-02-06 01:55:29.585 UTC [3076296] AiChaosN@imdbload LOG:  Bao planning selected arm 12, in 332.060000 CPU ms.
2026-02-06 01:55:29.585 UTC [3076296] AiChaosN@imdbload STATEMENT:  SELECT MIN(mi.info) AS release_date,
	       MIN(t.title) AS youtube_movie
	FROM aka_title AS aka_t,
	     company_name AS cn,
	     company_type AS ct,
	     info_type AS it1,
	     keyword AS k,
	     movie_companies AS mc,
	     movie_info AS mi,
	     movie_keyword AS mk,
	     title AS t
	WHERE cn.country_code = '[us]'
	  AND cn.name = 'YouTube'
	  AND it1.info = 'release dates'
	  AND mc.note LIKE '%(200%)%'
	  AND mc.note LIKE '%(worldwide)%'
	  AND mi.note LIKE '%internet%'
	  AND mi.info LIKE 'USA:% 200%'
	  AND t.production_year BETWEEN 2005 AND 2010
	  AND t.id = aka_t.movie_id
	  AND t.id = mi.movie_id
	  AND t.id = mk.movie_id
	  AND t.id = mc.movie_id
	  AND mk.movie_id = mi.movie_id
	  AND mk.movie_id = mc.movie_id
	  AND mk.movie_id = aka_t.movie_id
	  AND mi.movie_id = mc.movie_id
	  AND mi.movie_id = aka_t.movie_id
	  AND mc.movie_id = aka_t.movie_id
	  AND k.id = mk.keyword_id
	  AND it1.id = mi.info_type_id
	  AND cn.id = mc.company_id
	  AND ct.id = mc.company_type_id;
	
	
2026-02-06 01:55:35.840 UTC [3076469] AiChaosN@imdbload LOG:  Bao planning selected arm 9, in 203.055000 CPU ms.
2026-02-06 01:55:35.840 UTC [3076469] AiChaosN@imdbload STATEMENT:  SELECT MIN(cn.name) AS movie_company,
	       MIN(mi_idx.info) AS rating,
	       MIN(t.title) AS drama_horror_movie
	FROM company_name AS cn,
	     company_type AS ct,
	     info_type AS it1,
	     info_type AS it2,
	     movie_companies AS mc,
	     movie_info AS mi,
	     movie_info_idx AS mi_idx,
	     title AS t
	WHERE cn.country_code = '[us]'
	  AND ct.kind = 'production companies'
	  AND it1.info = 'genres'
	  AND it2.info = 'rating'
	  AND mi.info IN ('Drama',
	                  'Horror')
	  AND mi_idx.info > '8.0'
	  AND t.production_year BETWEEN 2005 AND 2008
	  AND t.id = mi.movie_id
	  AND t.id = mi_idx.movie_id
	  AND mi.info_type_id = it1.id
	  AND mi_idx.info_type_id = it2.id
	  AND t.id = mc.movie_id
	  AND ct.id = mc.company_type_id
	  AND cn.id = mc.company_id
	  AND mc.movie_id = mi.movie_id
	  AND mc.movie_id = mi_idx.movie_id
	  AND mi.movie_id = mi_idx.movie_id;
	
	
2026-02-06 01:56:07.620 UTC [3076469] AiChaosN@imdbload ERROR:  canceling statement due to statement timeout
2026-02-06 01:56:07.620 UTC [3076469] AiChaosN@imdbload STATEMENT:  SELECT MIN(cn.name) AS movie_company,
	       MIN(mi_idx.info) AS rating,
	       MIN(t.title) AS drama_horror_movie
	FROM company_name AS cn,
	     company_type AS ct,
	     info_type AS it1,
	     info_type AS it2,
	     movie_companies AS mc,
	     movie_info AS mi,
	     movie_info_idx AS mi_idx,
	     title AS t
	WHERE cn.country_code = '[us]'
	  AND ct.kind = 'production companies'
	  AND it1.info = 'genres'
	  AND it2.info = 'rating'
	  AND mi.info IN ('Drama',
	                  'Horror')
	  AND mi_idx.info > '8.0'
	  AND t.production_year BETWEEN 2005 AND 2008
	  AND t.id = mi.movie_id
	  AND t.id = mi_idx.movie_id
	  AND mi.info_type_id = it1.id
	  AND mi_idx.info_type_id = it2.id
	  AND t.id = mc.movie_id
	  AND ct.id = mc.company_type_id
	  AND cn.id = mc.company_id
	  AND mc.movie_id = mi.movie_id
	  AND mc.movie_id = mi_idx.movie_id
	  AND mi.movie_id = mi_idx.movie_id;
	
	
2026-02-06 01:56:07.796 UTC [3077013] AiChaosN@imdbload LOG:  Bao planning selected arm 48, in 137.326000 CPU ms.
2026-02-06 01:56:07.796 UTC [3077013] AiChaosN@imdbload STATEMENT:  SELECT MIN(t.title) AS movie_title
	FROM keyword AS k,
	     movie_info AS mi,
	     movie_keyword AS mk,
	     title AS t
	WHERE k.keyword LIKE '%sequel%'
	  AND mi.info IN ('Sweden',
	                  'Norway',
	                  'Germany',
	                  'Denmark',
	                  'Swedish',
	                  'Denish',
	                  'Norwegian',
	                  'German')
	  AND t.production_year > 2005
	  AND t.id = mi.movie_id
	  AND t.id = mk.movie_id
	  AND mk.movie_id = mi.movie_id
	  AND k.id = mk.keyword_id;
	
	
2026-02-06 01:56:13.688 UTC [3077123] AiChaosN@imdbload LOG:  Bao planning selected arm 8, in 322.163000 CPU ms.
2026-02-06 01:56:13.688 UTC [3077123] AiChaosN@imdbload STATEMENT:  SELECT MIN(cn.name) AS company_name,
	       MIN(lt.link) AS link_type,
	       MIN(t.title) AS western_follow_up
	FROM company_name AS cn,
	     company_type AS ct,
	     keyword AS k,
	     link_type AS lt,
	     movie_companies AS mc,
	     movie_info AS mi,
	     movie_keyword AS mk,
	     movie_link AS ml,
	     title AS t
	WHERE cn.country_code !='[pl]'
	  AND (cn.name LIKE '%Film%'
	       OR cn.name LIKE '%Warner%')
	  AND ct.kind ='production companies'
	  AND k.keyword ='sequel'
	  AND lt.link LIKE '%follow%'
	  AND mc.note IS NULL
	  AND mi.info IN ('Sweden',
	                  'Norway',
	                  'Germany',
	                  'Denmark',
	                  'Swedish',
	                  'Denish',
	                  'Norwegian',
	                  'German',
	                  'English')
	  AND t.production_year BETWEEN 1950 AND 2010
	  AND lt.id = ml.link_type_id
	  AND ml.movie_id = t.id
	  AND t.id = mk.movie_id
	  AND mk.keyword_id = k.id
	  AND t.id = mc.movie_id
	  AND mc.company_type_id = ct.id
	  AND mc.company_id = cn.id
	  AND mi.movie_id = t.id
	  AND ml.movie_id = mk.movie_id
	  AND ml.movie_id = mc.movie_id
	  AND mk.movie_id = mc.movie_id
	  AND ml.movie_id = mi.movie_id
	  AND mk.movie_id = mi.movie_id
	  AND mc.movie_id = mi.movie_id;
	
	
2026-02-06 01:56:14.766 UTC [3077151] AiChaosN@imdbload LOG:  Bao planning selected arm 48, in 681.496000 CPU ms.
2026-02-06 01:56:14.766 UTC [3077151] AiChaosN@imdbload STATEMENT:  SELECT MIN(cn.name) AS movie_company,
	       MIN(mi_idx.info) AS rating,
	       MIN(t.title) AS western_violent_movie
	FROM company_name AS cn,
	     company_type AS ct,
	     info_type AS it1,
	     info_type AS it2,
	     keyword AS k,
	     kind_type AS kt,
	     movie_companies AS mc,
	     movie_info AS mi,
	     movie_info_idx AS mi_idx,
	     movie_keyword AS mk,
	     title AS t
	WHERE cn.country_code != '[us]'
	  AND it1.info = 'countries'
	  AND it2.info = 'rating'
	  AND k.keyword IN ('murder',
	                    'murder-in-title',
	                    'blood',
	                    'violence')
	  AND kt.kind IN ('movie',
	                  'episode')
	  AND mc.note NOT LIKE '%(USA)%'
	  AND mc.note LIKE '%(200%)%'
	  AND mi.info IN ('Sweden',
	                  'Norway',
	                  'Germany',
	                  'Denmark',
	                  'Swedish',
	                  'Danish',
	                  'Norwegian',
	                  'German',
	                  'USA',
	                  'American')
	  AND mi_idx.info < '8.5'
	  AND t.production_year > 2005
	  AND kt.id = t.kind_id
	  AND t.id = mi.movie_id
	  AND t.id = mk.movie_id
	  AND t.id = mi_idx.movie_id
	  AND t.id = mc.movie_id
	  AND mk.movie_id = mi.movie_id
	  AND mk.movie_id = mi_idx.movie_id
	  AND mk.movie_id = mc.movie_id
	  AND mi.movie_id = mi_idx.movie_id
	  AND mi.movie_id = mc.movie_id
	  AND mc.movie_id = mi_idx.movie_id
	  AND k.id = mk.keyword_id
	  AND it1.id = mi.info_type_id
	  AND it2.id = mi_idx.info_type_id
	  AND ct.id = mc.company_type_id
	  AND cn.id = mc.company_id;
	
	
2026-02-06 01:56:20.264 UTC [3077277] AiChaosN@imdbload LOG:  Bao planning selected arm 12, in 159.407000 CPU ms.
2026-02-06 01:56:20.264 UTC [3077277] AiChaosN@imdbload STATEMENT:  SELECT MIN(t.title) AS typical_european_movie
	FROM company_type AS ct,
	     info_type AS it,
	     movie_companies AS mc,
	     movie_info AS mi,
	     title AS t
	WHERE ct.kind = 'production companies'
	  AND mc.note LIKE '%(theatrical)%'
	  AND mc.note LIKE '%(France)%'
	  AND mi.info IN ('Sweden',
	                  'Norway',
	                  'Germany',
	                  'Denmark',
	                  'Swedish',
	                  'Denish',
	                  'Norwegian',
	                  'German')
	  AND t.production_year > 2005
	  AND t.id = mi.movie_id
	  AND t.id = mc.movie_id
	  AND mc.movie_id = mi.movie_id
	  AND ct.id = mc.company_type_id
	  AND it.id = mi.info_type_id;
	
	
2026-02-06 01:56:27.380 UTC [3077293] AiChaosN@imdbload LOG:  Bao planning selected arm 4, in 6568.142000 CPU ms.
2026-02-06 01:56:27.380 UTC [3077293] AiChaosN@imdbload STATEMENT:  SELECT MIN(cn1.name) AS first_company,
	       MIN(cn2.name) AS second_company,
	       MIN(mii1.info) AS first_rating,
	       MIN(mii2.info) AS second_rating,
	       MIN(t1.title) AS first_movie,
	       MIN(t2.title) AS second_movie
	FROM company_name AS cn1,
	     company_name AS cn2,
	     info_type AS it1,
	     info_type AS it2,
	     kind_type AS kt1,
	     kind_type AS kt2,
	     link_type AS lt,
	     movie_companies AS mc1,
	     movie_companies AS mc2,
	     movie_info_idx AS mii1,
	     movie_info_idx AS mii2,
	     movie_link AS ml,
	     title AS t1,
	     title AS t2
	WHERE cn1.country_code = '[us]'
	  AND it1.info = 'rating'
	  AND it2.info = 'rating'
	  AND kt1.kind IN ('tv series')
	  AND kt2.kind IN ('tv series')
	  AND lt.link IN ('sequel',
	                  'follows',
	                  'followed by')
	  AND mii2.info < '3.0'
	  AND t2.production_year BETWEEN 2005 AND 2008
	  AND lt.id = ml.link_type_id
	  AND t1.id = ml.movie_id
	  AND t2.id = ml.linked_movie_id
	  AND it1.id = mii1.info_type_id
	  AND t1.id = mii1.movie_id
	  AND kt1.id = t1.kind_id
	  AND cn1.id = mc1.company_id
	  AND t1.id = mc1.movie_id
	  AND ml.movie_id = mii1.movie_id
	  AND ml.movie_id = mc1.movie_id
	  AND mii1.movie_id = mc1.movie_id
	  AND it2.id = mii2.info_type_id
	  AND t2.id = mii2.movie_id
	  AND kt2.id = t2.kind_id
	  AND cn2.id = mc2.company_id
	  AND t2.id = mc2.movie_id
	  AND ml.linked_movie_id = mii2.movie_id
	  AND ml.linked_movie_id = mc2.movie_id
	  AND mii2.movie_id = mc2.movie_id;
	
	
2026-02-06 01:56:28.563 UTC [3077449] AiChaosN@imdbload LOG:  Bao planning selected arm 8, in 351.678000 CPU ms.
2026-02-06 01:56:28.563 UTC [3077449] AiChaosN@imdbload STATEMENT:  SELECT MIN(t.title) AS complete_downey_ironman_movie
	FROM complete_cast AS cc,
	     comp_cast_type AS cct1,
	     comp_cast_type AS cct2,
	     char_name AS chn,
	     cast_info AS ci,
	     keyword AS k,
	     kind_type AS kt,
	     movie_keyword AS mk,
	     name AS n,
	     title AS t
	WHERE cct1.kind = 'cast'
	  AND cct2.kind LIKE '%complete%'
	  AND chn.name NOT LIKE '%Sherlock%'
	  AND (chn.name LIKE '%Tony%Stark%'
	       OR chn.name LIKE '%Iron%Man%')
	  AND k.keyword IN ('superhero',
	                    'sequel',
	                    'second-part',
	                    'marvel-comics',
	                    'based-on-comic',
	                    'tv-special',
	                    'fight',
	                    'violence')
	  AND kt.kind = 'movie'
	  AND t.production_year > 1950
	  AND kt.id = t.kind_id
	  AND t.id = mk.movie_id
	  AND t.id = ci.movie_id
	  AND t.id = cc.movie_id
	  AND mk.movie_id = ci.movie_id
	  AND mk.movie_id = cc.movie_id
	  AND ci.movie_id = cc.movie_id
	  AND chn.id = ci.person_role_id
	  AND n.id = ci.person_id
	  AND k.id = mk.keyword_id
	  AND cct1.id = cc.subject_id
	  AND cct2.id = cc.status_id;
	
	
2026-02-06 01:56:38.727 UTC [3077608] AiChaosN@imdbload LOG:  Bao planning selected arm 48, in 931.075000 CPU ms.
2026-02-06 01:56:38.727 UTC [3077608] AiChaosN@imdbload STATEMENT:  SELECT MIN(mi.info) AS movie_budget,
	       MIN(mi_idx.info) AS movie_votes,
	       MIN(n.name) AS writer,
	       MIN(t.title) AS violent_liongate_movie
	FROM cast_info AS ci,
	     company_name AS cn,
	     info_type AS it1,
	     info_type AS it2,
	     keyword AS k,
	     movie_companies AS mc,
	     movie_info AS mi,
	     movie_info_idx AS mi_idx,
	     movie_keyword AS mk,
	     name AS n,
	     title AS t
	WHERE ci.note IN ('(writer)',
	                  '(head writer)',
	                  '(written by)',
	                  '(story)',
	                  '(story editor)')
	  AND cn.name LIKE 'Lionsgate%'
	  AND it1.info = 'genres'
	  AND it2.info = 'votes'
	  AND k.keyword IN ('murder',
	                    'violence',
	                    'blood',
	                    'gore',
	                    'death',
	                    'female-nudity',
	                    'hospital')
	  AND mi.info IN ('Horror',
	                  'Action',
	                  'Sci-Fi',
	                  'Thriller',
	                  'Crime',
	                  'War')
	  AND t.id = mi.movie_id
	  AND t.id = mi_idx.movie_id
	  AND t.id = ci.movie_id
	  AND t.id = mk.movie_id
	  AND t.id = mc.movie_id
	  AND ci.movie_id = mi.movie_id
	  AND ci.movie_id = mi_idx.movie_id
	  AND ci.movie_id = mk.movie_id
	  AND ci.movie_id = mc.movie_id
	  AND mi.movie_id = mi_idx.movie_id
	  AND mi.movie_id = mk.movie_id
	  AND mi.movie_id = mc.movie_id
	  AND mi_idx.movie_id = mk.movie_id
	  AND mi_idx.movie_id = mc.movie_id
	  AND mk.movie_id = mc.movie_id
	  AND n.id = ci.person_id
	  AND it1.id = mi.info_type_id
	  AND it2.id = mi_idx.info_type_id
	  AND k.id = mk.keyword_id
	  AND cn.id = mc.company_id;
	
	
2026-02-06 01:56:50.378 UTC [3077835] AiChaosN@imdbload LOG:  Bao planning selected arm 12, in 137.651000 CPU ms.
2026-02-06 01:56:50.378 UTC [3077835] AiChaosN@imdbload STATEMENT:  SELECT MIN(mc.note) AS production_note,
	       MIN(t.title) AS movie_title,
	       MIN(t.production_year) AS movie_year
	FROM company_type AS ct,
	     info_type AS it,
	     movie_companies AS mc,
	     movie_info_idx AS mi_idx,
	     title AS t
	WHERE ct.kind = 'production companies'
	  AND it.info = 'top 250 rank'
	  AND mc.note NOT LIKE '%(as Metro-Goldwyn-Mayer Pictures)%'
	  AND (mc.note LIKE '%(co-production)%'
	       OR mc.note LIKE '%(presents)%')
	  AND ct.id = mc.company_type_id
	  AND t.id = mc.movie_id
	  AND t.id = mi_idx.movie_id
	  AND mc.movie_id = mi_idx.movie_id
	  AND it.id = mi_idx.info_type_id;
	
	
2026-02-06 01:56:52.570 UTC [3077878] AiChaosN@imdbload LOG:  Bao planning selected arm 48, in 477.472000 CPU ms.
2026-02-06 01:56:52.570 UTC [3077878] AiChaosN@imdbload STATEMENT:  SELECT MIN(n.name) AS voicing_actress,
	       MIN(t.title) AS voiced_movie
	FROM aka_name AS an,
	     char_name AS chn,
	     cast_info AS ci,
	     company_name AS cn,
	     info_type AS it,
	     movie_companies AS mc,
	     movie_info AS mi,
	     name AS n,
	     role_type AS rt,
	     title AS t
	WHERE ci.note IN ('(voice)',
	                  '(voice: Japanese version)',
	                  '(voice) (uncredited)',
	                  '(voice: English version)')
	  AND cn.country_code ='[us]'
	  AND it.info = 'release dates'
	  AND mc.note IS NOT NULL
	  AND (mc.note LIKE '%(USA)%'
	       OR mc.note LIKE '%(worldwide)%')
	  AND mi.info IS NOT NULL
	  AND (mi.info LIKE 'Japan:%200%'
	       OR mi.info LIKE 'USA:%200%')
	  AND n.gender ='f'
	  AND n.name LIKE '%Ang%'
	  AND rt.role ='actress'
	  AND t.production_year BETWEEN 2005 AND 2009
	  AND t.id = mi.movie_id
	  AND t.id = mc.movie_id
	  AND t.id = ci.movie_id
	  AND mc.movie_id = ci.movie_id
	  AND mc.movie_id = mi.movie_id
	  AND mi.movie_id = ci.movie_id
	  AND cn.id = mc.company_id
	  AND it.id = mi.info_type_id
	  AND n.id = ci.person_id
	  AND rt.id = ci.role_id
	  AND n.id = an.person_id
	  AND ci.person_id = an.person_id
	  AND chn.id = ci.person_role_id;
	
	
2026-02-06 01:57:09.197 UTC [3078220] AiChaosN@imdbload LOG:  Bao planning selected arm 35, in 140.364000 CPU ms.
2026-02-06 01:57:09.197 UTC [3078220] AiChaosN@imdbload STATEMENT:  SELECT MIN(lt.link) AS link_type,
	       MIN(t1.title) AS first_movie,
	       MIN(t2.title) AS second_movie
	FROM keyword AS k,
	     link_type AS lt,
	     movie_keyword AS mk,
	     movie_link AS ml,
	     title AS t1,
	     title AS t2
	WHERE k.keyword ='character-name-in-title'
	  AND mk.keyword_id = k.id
	  AND t1.id = mk.movie_id
	  AND ml.movie_id = t1.id
	  AND ml.linked_movie_id = t2.id
	  AND lt.id = ml.link_type_id
	  AND mk.movie_id = t1.id;
	
	
2026-02-06 01:57:11.335 UTC [3078274] AiChaosN@imdbload LOG:  Bao planning selected arm 35, in 167.901000 CPU ms.
2026-02-06 01:57:11.335 UTC [3078274] AiChaosN@imdbload STATEMENT:  SELECT MIN(an.name) AS writer_pseudo_name,
	       MIN(t.title) AS movie_title
	FROM aka_name AS an,
	     cast_info AS ci,
	     company_name AS cn,
	     movie_companies AS mc,
	     name AS n,
	     role_type AS rt,
	     title AS t
	WHERE cn.country_code ='[us]'
	  AND rt.role ='writer'
	  AND an.person_id = n.id
	  AND n.id = ci.person_id
	  AND ci.movie_id = t.id
	  AND t.id = mc.movie_id
	  AND mc.company_id = cn.id
	  AND ci.role_id = rt.id
	  AND an.person_id = ci.person_id
	  AND ci.movie_id = mc.movie_id;
	
	
2026-02-06 01:57:19.008 UTC [3078429] AiChaosN@imdbload LOG:  Bao planning selected arm 8, in 135.862000 CPU ms.
2026-02-06 01:57:19.008 UTC [3078429] AiChaosN@imdbload STATEMENT:  SELECT MIN(mi_idx.info) AS rating,
	       MIN(t.title) AS movie_title
	FROM info_type AS it,
	     keyword AS k,
	     movie_info_idx AS mi_idx,
	     movie_keyword AS mk,
	     title AS t
	WHERE it.info ='rating'
	  AND k.keyword LIKE '%sequel%'
	  AND mi_idx.info > '5.0'
	  AND t.production_year > 2005
	  AND t.id = mi_idx.movie_id
	  AND t.id = mk.movie_id
	  AND mk.movie_id = mi_idx.movie_id
	  AND k.id = mk.keyword_id
	  AND it.id = mi_idx.info_type_id;
	
	
2026-02-06 01:57:20.969 UTC [3078468] AiChaosN@imdbload LOG:  Bao planning selected arm 35, in 250.087000 CPU ms.
2026-02-06 01:57:20.969 UTC [3078468] AiChaosN@imdbload STATEMENT:  SELECT MIN(mi.info) AS release_date,
	       MIN(miidx.info) AS rating,
	       MIN(t.title) AS german_movie
	FROM company_name AS cn,
	     company_type AS ct,
	     info_type AS it,
	     info_type AS it2,
	     kind_type AS kt,
	     movie_companies AS mc,
	     movie_info AS mi,
	     movie_info_idx AS miidx,
	     title AS t
	WHERE cn.country_code ='[de]'
	  AND ct.kind ='production companies'
	  AND it.info ='rating'
	  AND it2.info ='release dates'
	  AND kt.kind ='movie'
	  AND mi.movie_id = t.id
	  AND it2.id = mi.info_type_id
	  AND kt.id = t.kind_id
	  AND mc.movie_id = t.id
	  AND cn.id = mc.company_id
	  AND ct.id = mc.company_type_id
	  AND miidx.movie_id = t.id
	  AND it.id = miidx.info_type_id
	  AND mi.movie_id = miidx.movie_id
	  AND mi.movie_id = mc.movie_id
	  AND miidx.movie_id = mc.movie_id;
	
	
2026-02-06 01:57:24.334 UTC [3078522] AiChaosN@imdbload LOG:  Bao planning selected arm 35, in 171.424000 CPU ms.
2026-02-06 01:57:24.334 UTC [3078522] AiChaosN@imdbload STATEMENT:  SELECT MIN(n.name) AS member_in_charnamed_movie
	FROM cast_info AS ci,
	     company_name AS cn,
	     keyword AS k,
	     movie_companies AS mc,
	     movie_keyword AS mk,
	     name AS n,
	     title AS t
	WHERE k.keyword ='character-name-in-title'
	  AND n.name LIKE '%B%'
	  AND n.id = ci.person_id
	  AND ci.movie_id = t.id
	  AND t.id = mk.movie_id
	  AND mk.keyword_id = k.id
	  AND t.id = mc.movie_id
	  AND mc.company_id = cn.id
	  AND ci.movie_id = mc.movie_id
	  AND ci.movie_id = mk.movie_id
	  AND mc.movie_id = mk.movie_id;
	
	
2026-02-06 01:57:40.380 UTC [3078820] AiChaosN@imdbload LOG:  Bao planning selected arm 35, in 215.271000 CPU ms.
2026-02-06 01:57:40.380 UTC [3078820] AiChaosN@imdbload STATEMENT:  SELECT MIN(mi_idx.info) AS rating,
	       MIN(t.title) AS western_dark_production
	FROM info_type AS it1,
	     info_type AS it2,
	     keyword AS k,
	     kind_type AS kt,
	     movie_info AS mi,
	     movie_info_idx AS mi_idx,
	     movie_keyword AS mk,
	     title AS t
	WHERE it1.info = 'countries'
	  AND it2.info = 'rating'
	  AND k.keyword IN ('murder',
	                    'murder-in-title')
	  AND kt.kind = 'movie'
	  AND mi.info IN ('Sweden',
	                  'Norway',
	                  'Germany',
	                  'Denmark',
	                  'Swedish',
	                  'Denish',
	                  'Norwegian',
	                  'German',
	                  'USA',
	                  'American')
	  AND mi_idx.info > '6.0'
	  AND t.production_year > 2010
	  AND (t.title LIKE '%murder%'
	       OR t.title LIKE '%Murder%'
	       OR t.title LIKE '%Mord%')
	  AND kt.id = t.kind_id
	  AND t.id = mi.movie_id
	  AND t.id = mk.movie_id
	  AND t.id = mi_idx.movie_id
	  AND mk.movie_id = mi.movie_id
	  AND mk.movie_id = mi_idx.movie_id
	  AND mi.movie_id = mi_idx.movie_id
	  AND k.id = mk.keyword_id
	  AND it1.id = mi.info_type_id
	  AND it2.id = mi_idx.info_type_id;
	
	
2026-02-06 01:57:51.070 UTC [3079032] AiChaosN@imdbload LOG:  Bao planning selected arm 0, in 129.325000 CPU ms.
2026-02-06 01:57:51.070 UTC [3079032] AiChaosN@imdbload STATEMENT:  SELECT MIN(t.title) AS movie_title
	FROM keyword AS k,
	     movie_info AS mi,
	     movie_keyword AS mk,
	     title AS t
	WHERE k.keyword LIKE '%sequel%'
	  AND mi.info IN ('Sweden',
	                  'Norway',
	                  'Germany',
	                  'Denmark',
	                  'Swedish',
	                  'Denish',
	                  'Norwegian',
	                  'German',
	                  'USA',
	                  'American')
	  AND t.production_year > 1990
	  AND t.id = mi.movie_id
	  AND t.id = mk.movie_id
	  AND mk.movie_id = mi.movie_id
	  AND k.id = mk.keyword_id;
	
	
2026-02-06 01:57:56.748 UTC [3079036] AiChaosN@imdbload LOG:  Bao planning selected arm 36, in 5336.979000 CPU ms.
2026-02-06 01:57:56.748 UTC [3079036] AiChaosN@imdbload STATEMENT:  SELECT MIN(cn.name) AS movie_company,
	       MIN(mi_idx.info) AS rating,
	       MIN(t.title) AS complete_euro_dark_movie
	FROM complete_cast AS cc,
	     comp_cast_type AS cct1,
	     comp_cast_type AS cct2,
	     company_name AS cn,
	     company_type AS ct,
	     info_type AS it1,
	     info_type AS it2,
	     keyword AS k,
	     kind_type AS kt,
	     movie_companies AS mc,
	     movie_info AS mi,
	     movie_info_idx AS mi_idx,
	     movie_keyword AS mk,
	     title AS t
	WHERE cct1.kind = 'crew'
	  AND cct2.kind != 'complete+verified'
	  AND cn.country_code != '[us]'
	  AND it1.info = 'countries'
	  AND it2.info = 'rating'
	  AND k.keyword IN ('murder',
	                    'murder-in-title',
	                    'blood',
	                    'violence')
	  AND kt.kind IN ('movie',
	                  'episode')
	  AND mc.note NOT LIKE '%(USA)%'
	  AND mc.note LIKE '%(200%)%'
	  AND mi.info IN ('Sweden',
	                  'Norway',
	                  'Germany',
	                  'Denmark',
	                  'Swedish',
	                  'Danish',
	                  'Norwegian',
	                  'German',
	                  'USA',
	                  'American')
	  AND mi_idx.info < '8.5'
	  AND t.production_year > 2000
	  AND kt.id = t.kind_id
	  AND t.id = mi.movie_id
	  AND t.id = mk.movie_id
	  AND t.id = mi_idx.movie_id
	  AND t.id = mc.movie_id
	  AND t.id = cc.movie_id
	  AND mk.movie_id = mi.movie_id
	  AND mk.movie_id = mi_idx.movie_id
	  AND mk.movie_id = mc.movie_id
	  AND mk.movie_id = cc.movie_id
	  AND mi.movie_id = mi_idx.movie_id
	  AND mi.movie_id = mc.movie_id
	  AND mi.movie_id = cc.movie_id
	  AND mc.movie_id = mi_idx.movie_id
	  AND mc.movie_id = cc.movie_id
	  AND mi_idx.movie_id = cc.movie_id
	  AND k.id = mk.keyword_id
	  AND it1.id = mi.info_type_id
	  AND it2.id = mi_idx.info_type_id
	  AND ct.id = mc.company_type_id
	  AND cn.id = mc.company_id
	  AND cct1.id = cc.subject_id
	  AND cct2.id = cc.status_id;
	
	
2026-02-06 01:58:01.957 UTC [3079243] AiChaosN@imdbload LOG:  Bao planning selected arm 35, in 136.741000 CPU ms.
2026-02-06 01:58:01.957 UTC [3079243] AiChaosN@imdbload STATEMENT:  SELECT MIN(k.keyword) AS movie_keyword,
	       MIN(n.name) AS actor_name,
	       MIN(t.title) AS marvel_movie
	FROM cast_info AS ci,
	     keyword AS k,
	     movie_keyword AS mk,
	     name AS n,
	     title AS t
	WHERE k.keyword = 'marvel-cinematic-universe'
	  AND n.name LIKE '%Downey%Robert%'
	  AND t.production_year > 2000
	  AND k.id = mk.keyword_id
	  AND t.id = mk.movie_id
	  AND t.id = ci.movie_id
	  AND ci.movie_id = mk.movie_id
	  AND n.id = ci.person_id;
	
	
2026-02-06 01:58:16.025 UTC [3079486] AiChaosN@imdbload LOG:  Bao planning selected arm 0, in 145.023000 CPU ms.
2026-02-06 01:58:16.025 UTC [3079486] AiChaosN@imdbload STATEMENT:  SELECT MIN(t.title) AS movie_title
	FROM company_name AS cn,
	     keyword AS k,
	     movie_companies AS mc,
	     movie_keyword AS mk,
	     title AS t
	WHERE cn.country_code ='[nl]'
	  AND k.keyword ='character-name-in-title'
	  AND cn.id = mc.company_id
	  AND mc.movie_id = t.id
	  AND t.id = mk.movie_id
	  AND mk.keyword_id = k.id
	  AND mc.movie_id = mk.movie_id;
	
	
2026-02-06 01:58:22.586 UTC [3079650] AiChaosN@imdbload LOG:  Bao planning selected arm 43, in 160.993000 CPU ms.
2026-02-06 01:58:22.586 UTC [3079650] AiChaosN@imdbload STATEMENT:  SELECT MIN(chn.name) AS character,
	       MIN(t.title) AS movie_with_american_producer
	FROM char_name AS chn,
	     cast_info AS ci,
	     company_name AS cn,
	     company_type AS ct,
	     movie_companies AS mc,
	     role_type AS rt,
	     title AS t
	WHERE ci.note LIKE '%(producer)%'
	  AND cn.country_code = '[us]'
	  AND t.production_year > 1990
	  AND t.id = mc.movie_id
	  AND t.id = ci.movie_id
	  AND ci.movie_id = mc.movie_id
	  AND chn.id = ci.person_role_id
	  AND rt.id = ci.role_id
	  AND cn.id = mc.company_id
	  AND ct.id = mc.company_type_id;
	
2026-02-06 01:58:44.088 UTC [3080060] AiChaosN@imdbload LOG:  Bao planning selected arm 2, in 176.803000 CPU ms.
2026-02-06 01:58:44.088 UTC [3080060] AiChaosN@imdbload STATEMENT:  SELECT MIN(an.name) AS acress_pseudonym,
	       MIN(t.title) AS japanese_anime_movie
	FROM aka_name AS an,
	     cast_info AS ci,
	     company_name AS cn,
	     movie_companies AS mc,
	     name AS n,
	     role_type AS rt,
	     title AS t
	WHERE ci.note ='(voice: English version)'
	  AND cn.country_code ='[jp]'
	  AND mc.note LIKE '%(Japan)%'
	  AND mc.note NOT LIKE '%(USA)%'
	  AND (mc.note LIKE '%(2006)%'
	       OR mc.note LIKE '%(2007)%')
	  AND n.name LIKE '%Yo%'
	  AND n.name NOT LIKE '%Yu%'
	  AND rt.role ='actress'
	  AND t.production_year BETWEEN 2006 AND 2007
	  AND (t.title LIKE 'One Piece%'
	       OR t.title LIKE 'Dragon Ball Z%')
	  AND an.person_id = n.id
	  AND n.id = ci.person_id
	  AND ci.movie_id = t.id
	  AND t.id = mc.movie_id
	  AND mc.company_id = cn.id
	  AND ci.role_id = rt.id
	  AND an.person_id = ci.person_id
	  AND ci.movie_id = mc.movie_id;
	
	
2026-02-06 01:58:49.926 UTC [3080186] AiChaosN@imdbload LOG:  Bao planning selected arm 16, in 168.425000 CPU ms.
2026-02-06 01:58:49.926 UTC [3080186] AiChaosN@imdbload STATEMENT:  SELECT MIN(n.name) AS member_in_charnamed_american_movie,
	       MIN(n.name) AS a1
	FROM cast_info AS ci,
	     company_name AS cn,
	     keyword AS k,
	     movie_companies AS mc,
	     movie_keyword AS mk,
	     name AS n,
	     title AS t
	WHERE cn.country_code ='[us]'
	  AND k.keyword ='character-name-in-title'
	  AND n.name LIKE 'B%'
	  AND n.id = ci.person_id
	  AND ci.movie_id = t.id
	  AND t.id = mk.movie_id
	  AND mk.keyword_id = k.id
	  AND t.id = mc.movie_id
	  AND mc.company_id = cn.id
	  AND ci.movie_id = mc.movie_id
	  AND ci.movie_id = mk.movie_id
	  AND mc.movie_id = mk.movie_id;
	
	
2026-02-06 01:58:58.466 UTC [3080344] AiChaosN@imdbload LOG:  Bao planning selected arm 16, in 138.839000 CPU ms.
2026-02-06 01:58:58.466 UTC [3080344] AiChaosN@imdbload STATEMENT:  SELECT MIN(t.title) AS american_vhs_movie
	FROM company_type AS ct,
	     info_type AS it,
	     movie_companies AS mc,
	     movie_info AS mi,
	     title AS t
	WHERE ct.kind = 'production companies'
	  AND mc.note LIKE '%(VHS)%'
	  AND mc.note LIKE '%(USA)%'
	  AND mc.note LIKE '%(1994)%'
	  AND mi.info IN ('USA',
	                  'America')
	  AND t.production_year > 2010
	  AND t.id = mi.movie_id
	  AND t.id = mc.movie_id
	  AND mc.movie_id = mi.movie_id
	  AND ct.id = mc.company_type_id
	  AND it.id = mi.info_type_id;
	
	
2026-02-06 01:59:00.941 UTC [3080390] AiChaosN@imdbload LOG:  Bao planning selected arm 16, in 1175.977000 CPU ms.
2026-02-06 01:59:00.941 UTC [3080390] AiChaosN@imdbload STATEMENT:  SELECT MIN(chn.name) AS character_name,
	       MIN(mi_idx.info) AS rating,
	       MIN(t.title) AS complete_hero_movie
	FROM complete_cast AS cc,
	     comp_cast_type AS cct1,
	     comp_cast_type AS cct2,
	     char_name AS chn,
	     cast_info AS ci,
	     info_type AS it2,
	     keyword AS k,
	     kind_type AS kt,
	     movie_info_idx AS mi_idx,
	     movie_keyword AS mk,
	     name AS n,
	     title AS t
	WHERE cct1.kind = 'cast'
	  AND cct2.kind LIKE '%complete%'
	  AND chn.name IS NOT NULL
	  AND (chn.name LIKE '%man%'
	       OR chn.name LIKE '%Man%')
	  AND it2.info = 'rating'
	  AND k.keyword IN ('superhero',
	                    'marvel-comics',
	                    'based-on-comic',
	                    'fight')
	  AND kt.kind = 'movie'
	  AND mi_idx.info > '8.0'
	  AND t.production_year > 2005
	  AND kt.id = t.kind_id
	  AND t.id = mk.movie_id
	  AND t.id = ci.movie_id
	  AND t.id = cc.movie_id
	  AND t.id = mi_idx.movie_id
	  AND mk.movie_id = ci.movie_id
	  AND mk.movie_id = cc.movie_id
	  AND mk.movie_id = mi_idx.movie_id
	  AND ci.movie_id = cc.movie_id
	  AND ci.movie_id = mi_idx.movie_id
	  AND cc.movie_id = mi_idx.movie_id
	  AND chn.id = ci.person_role_id
	  AND n.id = ci.person_id
	  AND k.id = mk.keyword_id
	  AND cct1.id = cc.subject_id
	  AND cct2.id = cc.status_id
	  AND it2.id = mi_idx.info_type_id;
	
	
2026-02-06 01:59:12.626 UTC [3080622] AiChaosN@imdbload LOG:  Bao planning selected arm 8, in 225.635000 CPU ms.
2026-02-06 01:59:12.626 UTC [3080622] AiChaosN@imdbload STATEMENT:  SELECT MIN(mi_idx.info) AS rating,
	       MIN(t.title) AS north_european_dark_production
	FROM info_type AS it1,
	     info_type AS it2,
	     keyword AS k,
	     kind_type AS kt,
	     movie_info AS mi,
	     movie_info_idx AS mi_idx,
	     movie_keyword AS mk,
	     title AS t
	WHERE it1.info = 'countries'
	  AND it2.info = 'rating'
	  AND k.keyword IS NOT NULL
	  AND k.keyword IN ('murder',
	                    'murder-in-title',
	                    'blood',
	                    'violence')
	  AND kt.kind IN ('movie',
	                  'episode')
	  AND mi.info IN ('Sweden',
	                  'Norway',
	                  'Germany',
	                  'Denmark',
	                  'Swedish',
	                  'Danish',
	                  'Norwegian',
	                  'German',
	                  'USA',
	                  'American')
	  AND mi_idx.info < '8.5'
	  AND t.production_year > 2005
	  AND kt.id = t.kind_id
	  AND t.id = mi.movie_id
	  AND t.id = mk.movie_id
	  AND t.id = mi_idx.movie_id
	  AND mk.movie_id = mi.movie_id
	  AND mk.movie_id = mi_idx.movie_id
	  AND mi.movie_id = mi_idx.movie_id
	  AND k.id = mk.keyword_id
	  AND it1.id = mi.info_type_id
	  AND it2.id = mi_idx.info_type_id;
	
	
2026-02-06 01:59:18.414 UTC [3080736] AiChaosN@imdbload LOG:  Bao planning selected arm 8, in 395.633000 CPU ms.
2026-02-06 01:59:18.414 UTC [3080736] AiChaosN@imdbload STATEMENT:  SELECT MIN(t.title) AS complete_downey_ironman_movie
	FROM complete_cast AS cc,
	     comp_cast_type AS cct1,
	     comp_cast_type AS cct2,
	     char_name AS chn,
	     cast_info AS ci,
	     keyword AS k,
	     kind_type AS kt,
	     movie_keyword AS mk,
	     name AS n,
	     title AS t
	WHERE cct1.kind = 'cast'
	  AND cct2.kind LIKE '%complete%'
	  AND chn.name NOT LIKE '%Sherlock%'
	  AND (chn.name LIKE '%Tony%Stark%'
	       OR chn.name LIKE '%Iron%Man%')
	  AND k.keyword IN ('superhero',
	                    'sequel',
	                    'second-part',
	                    'marvel-comics',
	                    'based-on-comic',
	                    'tv-special',
	                    'fight',
	                    'violence')
	  AND kt.kind = 'movie'
	  AND n.name LIKE '%Downey%Robert%'
	  AND t.production_year > 2000
	  AND kt.id = t.kind_id
	  AND t.id = mk.movie_id
	  AND t.id = ci.movie_id
	  AND t.id = cc.movie_id
	  AND mk.movie_id = ci.movie_id
	  AND mk.movie_id = cc.movie_id
	  AND ci.movie_id = cc.movie_id
	  AND chn.id = ci.person_role_id
	  AND n.id = ci.person_id
	  AND k.id = mk.keyword_id
	  AND cct1.id = cc.subject_id
	  AND cct2.id = cc.status_id;
	
	
2026-02-06 01:59:28.252 UTC [3080919] AiChaosN@imdbload LOG:  Bao planning selected arm 2, in 137.630000 CPU ms.
2026-02-06 01:59:28.252 UTC [3080919] AiChaosN@imdbload STATEMENT:  SELECT MIN(mi_idx.info) AS rating,
	       MIN(t.title) AS movie_title
	FROM info_type AS it,
	     keyword AS k,
	     movie_info_idx AS mi_idx,
	     movie_keyword AS mk,
	     title AS t
	WHERE it.info ='rating'
	  AND k.keyword LIKE '%sequel%'
	  AND mi_idx.info > '9.0'
	  AND t.production_year > 2010
	  AND t.id = mi_idx.movie_id
	  AND t.id = mk.movie_id
	  AND mk.movie_id = mi_idx.movie_id
	  AND k.id = mk.keyword_id
	  AND it.id = mi_idx.info_type_id;
	
	
2026-02-06 01:59:30.069 UTC [3080959] AiChaosN@imdbload LOG:  Bao planning selected arm 8, in 299.532000 CPU ms.
2026-02-06 01:59:30.069 UTC [3080959] AiChaosN@imdbload STATEMENT:  SELECT MIN(cn.name) AS producing_company,
	       MIN(miidx.info) AS rating,
	       MIN(t.title) AS movie_about_winning
	FROM company_name AS cn,
	     company_type AS ct,
	     info_type AS it,
	     info_type AS it2,
	     kind_type AS kt,
	     movie_companies AS mc,
	     movie_info AS mi,
	     movie_info_idx AS miidx,
	     title AS t
	WHERE cn.country_code ='[us]'
	  AND ct.kind ='production companies'
	  AND it.info ='rating'
	  AND it2.info ='release dates'
	  AND kt.kind ='movie'
	  AND t.title != ''
	  AND (t.title LIKE 'Champion%'
	       OR t.title LIKE 'Loser%')
	  AND mi.movie_id = t.id
	  AND it2.id = mi.info_type_id
	  AND kt.id = t.kind_id
	  AND mc.movie_id = t.id
	  AND cn.id = mc.company_id
	  AND ct.id = mc.company_type_id
	  AND miidx.movie_id = t.id
	  AND it.id = miidx.info_type_id
	  AND mi.movie_id = miidx.movie_id
	  AND mi.movie_id = mc.movie_id
	  AND miidx.movie_id = mc.movie_id;
	
	
2026-02-06 01:59:33.693 UTC [3081025] AiChaosN@imdbload LOG:  Bao planning selected arm 16, in 170.812000 CPU ms.
2026-02-06 01:59:33.693 UTC [3081025] AiChaosN@imdbload STATEMENT:  SELECT MIN(n.name) AS member_in_charnamed_movie
	FROM cast_info AS ci,
	     company_name AS cn,
	     keyword AS k,
	     movie_companies AS mc,
	     movie_keyword AS mk,
	     name AS n,
	     title AS t
	WHERE k.keyword ='character-name-in-title'
	  AND n.name LIKE '%Bert%'
	  AND n.id = ci.person_id
	  AND ci.movie_id = t.id
	  AND t.id = mk.movie_id
	  AND mk.keyword_id = k.id
	  AND t.id = mc.movie_id
	  AND mc.company_id = cn.id
	  AND ci.movie_id = mc.movie_id
	  AND ci.movie_id = mk.movie_id
	  AND mc.movie_id = mk.movie_id;
	
	
2026-02-06 01:59:49.210 UTC [3081358] AiChaosN@imdbload LOG:  Bao planning selected arm 3, in 205.759000 CPU ms.
2026-02-06 01:59:49.210 UTC [3081358] AiChaosN@imdbload STATEMENT:  SELECT MIN(cn.name) AS from_company,
	       MIN(lt.link) AS movie_link_type,
	       MIN(t.title) AS sequel_movie
	FROM company_name AS cn,
	     company_type AS ct,
	     keyword AS k,
	     link_type AS lt,
	     movie_companies AS mc,
	     movie_keyword AS mk,
	     movie_link AS ml,
	     title AS t
	WHERE cn.country_code !='[pl]'
	  AND (cn.name LIKE '%Film%'
	       OR cn.name LIKE '%Warner%')
	  AND ct.kind ='production companies'
	  AND k.keyword ='sequel'
	  AND lt.link LIKE '%follows%'
	  AND mc.note IS NULL
	  AND t.production_year = 1998
	  AND t.title LIKE '%Money%'
	  AND lt.id = ml.link_type_id
	  AND ml.movie_id = t.id
	  AND t.id = mk.movie_id
	  AND mk.keyword_id = k.id
	  AND t.id = mc.movie_id
	  AND mc.company_type_id = ct.id
	  AND mc.company_id = cn.id
	  AND ml.movie_id = mk.movie_id
	  AND ml.movie_id = mc.movie_id
	  AND mk.movie_id = mc.movie_id;
	
	
2026-02-06 01:59:49.521 UTC [3081362] AiChaosN@imdbload LOG:  Bao planning selected arm 3, in 214.217000 CPU ms.
2026-02-06 01:59:49.521 UTC [3081362] AiChaosN@imdbload STATEMENT:  SELECT MIN(cn.name) AS from_company,
	       MIN(lt.link) AS movie_link_type,
	       MIN(t.title) AS non_polish_sequel_movie
	FROM company_name AS cn,
	     company_type AS ct,
	     keyword AS k,
	     link_type AS lt,
	     movie_companies AS mc,
	     movie_keyword AS mk,
	     movie_link AS ml,
	     title AS t
	WHERE cn.country_code !='[pl]'
	  AND (cn.name LIKE '%Film%'
	       OR cn.name LIKE '%Warner%')
	  AND ct.kind ='production companies'
	  AND k.keyword ='sequel'
	  AND lt.link LIKE '%follow%'
	  AND mc.note IS NULL
	  AND t.production_year BETWEEN 1950 AND 2000
	  AND lt.id = ml.link_type_id
	  AND ml.movie_id = t.id
	  AND t.id = mk.movie_id
	  AND mk.keyword_id = k.id
	  AND t.id = mc.movie_id
	  AND mc.company_type_id = ct.id
	  AND mc.company_id = cn.id
	  AND ml.movie_id = mk.movie_id
	  AND ml.movie_id = mc.movie_id
	  AND mk.movie_id = mc.movie_id;
	
	
2026-02-06 02:02:28.847 UTC [3084008] AiChaosN@imdbload LOG:  Bao planning selected arm 16, in 754.188000 CPU ms.
2026-02-06 02:02:28.847 UTC [3084008] AiChaosN@imdbload STATEMENT:  SELECT MIN(cn.name) AS movie_company,
	       MIN(mi_idx.info) AS rating,
	       MIN(t.title) AS western_violent_movie
	FROM company_name AS cn,
	     company_type AS ct,
	     info_type AS it1,
	     info_type AS it2,
	     keyword AS k,
	     kind_type AS kt,
	     movie_companies AS mc,
	     movie_info AS mi,
	     movie_info_idx AS mi_idx,
	     movie_keyword AS mk,
	     title AS t
	WHERE cn.country_code != '[us]'
	  AND it1.info = 'countries'
	  AND it2.info = 'rating'
	  AND k.keyword IN ('murder',
	                    'murder-in-title',
	                    'blood',
	                    'violence')
	  AND kt.kind IN ('movie',
	                  'episode')
	  AND mc.note NOT LIKE '%(USA)%'
	  AND mc.note LIKE '%(200%)%'
	  AND mi.info IN ('Germany',
	                  'German',
	                  'USA',
	                  'American')
	  AND mi_idx.info < '7.0'
	  AND t.production_year > 2008
	  AND kt.id = t.kind_id
	  AND t.id = mi.movie_id
	  AND t.id = mk.movie_id
	  AND t.id = mi_idx.movie_id
	  AND t.id = mc.movie_id
	  AND mk.movie_id = mi.movie_id
	  AND mk.movie_id = mi_idx.movie_id
	  AND mk.movie_id = mc.movie_id
	  AND mi.movie_id = mi_idx.movie_id
	  AND mi.movie_id = mc.movie_id
	  AND mc.movie_id = mi_idx.movie_id
	  AND k.id = mk.keyword_id
	  AND it1.id = mi.info_type_id
	  AND it2.id = mi_idx.info_type_id
	  AND ct.id = mc.company_type_id
	  AND cn.id = mc.company_id;
	
	
2026-02-06 02:02:33.028 UTC [3084096] AiChaosN@imdbload LOG:  Bao planning selected arm 2, in 167.512000 CPU ms.
2026-02-06 02:02:33.028 UTC [3084096] AiChaosN@imdbload STATEMENT:  SELECT MIN(mi.info) AS movie_budget,
	       MIN(mi_idx.info) AS movie_votes,
	       MIN(t.title) AS movie_title
	FROM cast_info AS ci,
	     info_type AS it1,
	     info_type AS it2,
	     movie_info AS mi,
	     movie_info_idx AS mi_idx,
	     name AS n,
	     title AS t
	WHERE ci.note IN ('(writer)',
	                  '(head writer)',
	                  '(written by)',
	                  '(story)',
	                  '(story editor)')
	  AND it1.info = 'genres'
	  AND it2.info = 'rating'
	  AND mi.info IN ('Horror',
	                  'Thriller')
	  AND mi.note IS NULL
	  AND mi_idx.info > '8.0'
	  AND n.gender IS NOT NULL
	  AND n.gender = 'f'
	  AND t.production_year BETWEEN 2008 AND 2014
	  AND t.id = mi.movie_id
	  AND t.id = mi_idx.movie_id
	  AND t.id = ci.movie_id
	  AND ci.movie_id = mi.movie_id
	  AND ci.movie_id = mi_idx.movie_id
	  AND mi.movie_id = mi_idx.movie_id
	  AND n.id = ci.person_id
	  AND it1.id = mi.info_type_id
	  AND it2.id = mi_idx.info_type_id;
	
	
2026-02-06 02:02:40.166 UTC [3084234] AiChaosN@imdbload LOG:  Bao planning selected arm 1, in 164.267000 CPU ms.
2026-02-06 02:02:40.166 UTC [3084234] AiChaosN@imdbload STATEMENT:  SELECT MIN(n.name) AS member_in_charnamed_movie,
	       MIN(n.name) AS a1
	FROM cast_info AS ci,
	     company_name AS cn,
	     keyword AS k,
	     movie_companies AS mc,
	     movie_keyword AS mk,
	     name AS n,
	     title AS t
	WHERE k.keyword ='character-name-in-title'
	  AND n.name LIKE 'Z%'
	  AND n.id = ci.person_id
	  AND ci.movie_id = t.id
	  AND t.id = mk.movie_id
	  AND mk.keyword_id = k.id
	  AND t.id = mc.movie_id
	  AND mc.company_id = cn.id
	  AND ci.movie_id = mc.movie_id
	  AND ci.movie_id = mk.movie_id
	  AND mc.movie_id = mk.movie_id;
	
	
2026-02-06 02:02:48.710 UTC [3084385] AiChaosN@imdbload LOG:  Bao planning selected arm 12, in 134.749000 CPU ms.
2026-02-06 02:02:48.710 UTC [3084385] AiChaosN@imdbload STATEMENT:  SELECT MIN(mc.note) AS production_note,
	       MIN(t.title) AS movie_title,
	       MIN(t.production_year) AS movie_year
	FROM company_type AS ct,
	     info_type AS it,
	     movie_companies AS mc,
	     movie_info_idx AS mi_idx,
	     title AS t
	WHERE ct.kind = 'production companies'
	  AND it.info = 'bottom 10 rank'
	  AND mc.note NOT LIKE '%(as Metro-Goldwyn-Mayer Pictures)%'
	  AND t.production_year BETWEEN 2005 AND 2010
	  AND ct.id = mc.company_type_id
	  AND t.id = mc.movie_id
	  AND t.id = mi_idx.movie_id
	  AND mc.movie_id = mi_idx.movie_id
	  AND it.id = mi_idx.info_type_id;
	
	
2026-02-06 02:02:50.692 UTC [3084430] AiChaosN@imdbload LOG:  Bao planning selected arm 2, in 205.263000 CPU ms.
2026-02-06 02:02:50.692 UTC [3084430] AiChaosN@imdbload STATEMENT:  SELECT MIN(n.name) AS of_person,
	       MIN(t.title) AS biography_movie
	FROM aka_name AS an,
	     cast_info AS ci,
	     info_type AS it,
	     link_type AS lt,
	     movie_link AS ml,
	     name AS n,
	     person_info AS pi1,
	     title AS t
	WHERE an.name LIKE '%a%'
	  AND it.info ='mini biography'
	  AND lt.link ='features'
	  AND n.name_pcode_cf LIKE 'D%'
	  AND n.gender='m'
	  AND pi1.note ='Volker Boehm'
	  AND t.production_year BETWEEN 1980 AND 1984
	  AND n.id = an.person_id
	  AND n.id = pi1.person_id
	  AND ci.person_id = n.id
	  AND t.id = ci.movie_id
	  AND ml.linked_movie_id = t.id
	  AND lt.id = ml.link_type_id
	  AND it.id = pi1.info_type_id
	  AND pi1.person_id = an.person_id
	  AND pi1.person_id = ci.person_id
	  AND an.person_id = ci.person_id
	  AND ci.movie_id = ml.linked_movie_id;
	
	
2026-02-06 02:02:55.210 UTC [3084529] AiChaosN@imdbload LOG:  Bao planning selected arm 15, in 221.855000 CPU ms.
2026-02-06 02:02:55.210 UTC [3084529] AiChaosN@imdbload STATEMENT:  SELECT MIN(an.name) AS cool_actor_pseudonym,
	       MIN(t.title) AS series_named_after_char
	FROM aka_name AS an,
	     cast_info AS ci,
	     company_name AS cn,
	     keyword AS k,
	     movie_companies AS mc,
	     movie_keyword AS mk,
	     name AS n,
	     title AS t
	WHERE cn.country_code ='[us]'
	  AND k.keyword ='character-name-in-title'
	  AND an.person_id = n.id
	  AND n.id = ci.person_id
	  AND ci.movie_id = t.id
	  AND t.id = mk.movie_id
	  AND mk.keyword_id = k.id
	  AND t.id = mc.movie_id
	  AND mc.company_id = cn.id
	  AND an.person_id = ci.person_id
	  AND ci.movie_id = mc.movie_id
	  AND ci.movie_id = mk.movie_id
	  AND mc.movie_id = mk.movie_id;
	
	
2026-02-06 02:03:06.879 UTC [3084740] AiChaosN@imdbload LOG:  Bao planning selected arm 2, in 197.960000 CPU ms.
2026-02-06 02:03:06.879 UTC [3084740] AiChaosN@imdbload STATEMENT:  SELECT MIN(cn.name) AS movie_company,
	       MIN(mi_idx.info) AS rating,
	       MIN(t.title) AS mainstream_movie
	FROM company_name AS cn,
	     company_type AS ct,
	     info_type AS it1,
	     info_type AS it2,
	     movie_companies AS mc,
	     movie_info AS mi,
	     movie_info_idx AS mi_idx,
	     title AS t
	WHERE cn.country_code = '[us]'
	  AND ct.kind = 'production companies'
	  AND it1.info = 'genres'
	  AND it2.info = 'rating'
	  AND mi.info IN ('Drama',
	                  'Horror',
	                  'Western',
	                  'Family')
	  AND mi_idx.info > '7.0'
	  AND t.production_year BETWEEN 2000 AND 2010
	  AND t.id = mi.movie_id
	  AND t.id = mi_idx.movie_id
	  AND mi.info_type_id = it1.id
	  AND mi_idx.info_type_id = it2.id
	  AND t.id = mc.movie_id
	  AND ct.id = mc.company_type_id
	  AND cn.id = mc.company_id
	  AND mc.movie_id = mi.movie_id
	  AND mc.movie_id = mi_idx.movie_id
	  AND mi.movie_id = mi_idx.movie_id;
	
	
2026-02-06 02:03:11.174 UTC [3084830] AiChaosN@imdbload LOG:  Bao planning selected arm 16, in 682.715000 CPU ms.
2026-02-06 02:03:11.174 UTC [3084830] AiChaosN@imdbload STATEMENT:  SELECT MIN(kt.kind) AS movie_kind,
	       MIN(t.title) AS complete_nerdy_internet_movie
	FROM complete_cast AS cc,
	     comp_cast_type AS cct1,
	     company_name AS cn,
	     company_type AS ct,
	     info_type AS it1,
	     keyword AS k,
	     kind_type AS kt,
	     movie_companies AS mc,
	     movie_info AS mi,
	     movie_keyword AS mk,
	     title AS t
	WHERE cct1.kind = 'complete+verified'
	  AND cn.country_code = '[us]'
	  AND it1.info = 'release dates'
	  AND k.keyword IN ('nerd',
	                    'loner',
	                    'alienation',
	                    'dignity')
	  AND kt.kind IN ('movie')
	  AND mi.note LIKE '%internet%'
	  AND mi.info LIKE 'USA:% 200%'
	  AND t.production_year > 2000
	  AND kt.id = t.kind_id
	  AND t.id = mi.movie_id
	  AND t.id = mk.movie_id
	  AND t.id = mc.movie_id
	  AND t.id = cc.movie_id
	  AND mk.movie_id = mi.movie_id
	  AND mk.movie_id = mc.movie_id
	  AND mk.movie_id = cc.movie_id
	  AND mi.movie_id = mc.movie_id
	  AND mi.movie_id = cc.movie_id
	  AND mc.movie_id = cc.movie_id
	  AND k.id = mk.keyword_id
	  AND it1.id = mi.info_type_id
	  AND cn.id = mc.company_id
	  AND ct.id = mc.company_type_id
	  AND cct1.id = cc.status_id;
	
	
2026-02-06 02:03:14.950 UTC [3084916] AiChaosN@imdbload LOG:  Bao planning selected arm 1, in 452.090000 CPU ms.
2026-02-06 02:03:14.950 UTC [3084916] AiChaosN@imdbload STATEMENT:  SELECT MIN(n.name) AS voicing_actress,
	       MIN(t.title) AS jap_engl_voiced_movie
	FROM aka_name AS an,
	     char_name AS chn,
	     cast_info AS ci,
	     company_name AS cn,
	     info_type AS it,
	     movie_companies AS mc,
	     movie_info AS mi,
	     name AS n,
	     role_type AS rt,
	     title AS t
	WHERE ci.note IN ('(voice)',
	                  '(voice: Japanese version)',
	                  '(voice) (uncredited)',
	                  '(voice: English version)')
	  AND cn.country_code ='[us]'
	  AND it.info = 'release dates'
	  AND mi.info IS NOT NULL
	  AND (mi.info LIKE 'Japan:%200%'
	       OR mi.info LIKE 'USA:%200%')
	  AND n.gender ='f'
	  AND n.name LIKE '%An%'
	  AND rt.role ='actress'
	  AND t.production_year > 2000
	  AND t.id = mi.movie_id
	  AND t.id = mc.movie_id
	  AND t.id = ci.movie_id
	  AND mc.movie_id = ci.movie_id
	  AND mc.movie_id = mi.movie_id
	  AND mi.movie_id = ci.movie_id
	  AND cn.id = mc.company_id
	  AND it.id = mi.info_type_id
	  AND n.id = ci.person_id
	  AND rt.id = ci.role_id
	  AND n.id = an.person_id
	  AND ci.person_id = an.person_id
	  AND chn.id = ci.person_role_id;
	
	
2026-02-06 02:03:29.168 UTC [3085166] AiChaosN@imdbload LOG:  Bao planning selected arm 16, in 679.627000 CPU ms.
2026-02-06 02:03:29.168 UTC [3085166] AiChaosN@imdbload STATEMENT:  SELECT MIN(cn.name) AS movie_company,
	       MIN(mi_idx.info) AS rating,
	       MIN(t.title) AS western_violent_movie
	FROM company_name AS cn,
	     company_type AS ct,
	     info_type AS it1,
	     info_type AS it2,
	     keyword AS k,
	     kind_type AS kt,
	     movie_companies AS mc,
	     movie_info AS mi,
	     movie_info_idx AS mi_idx,
	     movie_keyword AS mk,
	     title AS t
	WHERE cn.country_code != '[us]'
	  AND it1.info = 'countries'
	  AND it2.info = 'rating'
	  AND k.keyword IN ('murder',
	                    'murder-in-title',
	                    'blood',
	                    'violence')
	  AND kt.kind IN ('movie',
	                  'episode')
	  AND mc.note NOT LIKE '%(USA)%'
	  AND mc.note LIKE '%(200%)%'
	  AND mi.info IN ('Germany',
	                  'German',
	                  'USA',
	                  'American')
	  AND mi_idx.info < '7.0'
	  AND t.production_year > 2009
	  AND kt.id = t.kind_id
	  AND t.id = mi.movie_id
	  AND t.id = mk.movie_id
	  AND t.id = mi_idx.movie_id
	  AND t.id = mc.movie_id
	  AND mk.movie_id = mi.movie_id
	  AND mk.movie_id = mi_idx.movie_id
	  AND mk.movie_id = mc.movie_id
	  AND mi.movie_id = mi_idx.movie_id
	  AND mi.movie_id = mc.movie_id
	  AND mc.movie_id = mi_idx.movie_id
	  AND k.id = mk.keyword_id
	  AND it1.id = mi.info_type_id
	  AND it2.id = mi_idx.info_type_id
	  AND ct.id = mc.company_type_id
	  AND cn.id = mc.company_id;
	
	
2026-02-06 02:03:39.344 UTC [3085395] AiChaosN@imdbload LOG:  Bao planning selected arm 27, in 134.346000 CPU ms.
2026-02-06 02:03:39.344 UTC [3085395] AiChaosN@imdbload STATEMENT:  SELECT MIN(k.keyword) AS movie_keyword,
	       MIN(n.name) AS actor_name,
	       MIN(t.title) AS marvel_movie
	FROM cast_info AS ci,
	     keyword AS k,
	     movie_keyword AS mk,
	     name AS n,
	     title AS t
	WHERE k.keyword = 'marvel-cinematic-universe'
	  AND n.name LIKE '%Downey%Robert%'
	  AND t.production_year > 2014
	  AND k.id = mk.keyword_id
	  AND t.id = mk.movie_id
	  AND t.id = ci.movie_id
	  AND ci.movie_id = mk.movie_id
	  AND n.id = ci.person_id;
	
	
2026-02-06 02:03:43.140 UTC [3085472] AiChaosN@imdbload LOG:  Bao planning selected arm 3, in 971.901000 CPU ms.
2026-02-06 02:03:43.140 UTC [3085472] AiChaosN@imdbload STATEMENT:  SELECT MIN(mi.info) AS movie_budget,
	       MIN(mi_idx.info) AS movie_votes,
	       MIN(n.name) AS writer,
	       MIN(t.title) AS violent_liongate_movie
	FROM cast_info AS ci,
	     company_name AS cn,
	     info_type AS it1,
	     info_type AS it2,
	     keyword AS k,
	     movie_companies AS mc,
	     movie_info AS mi,
	     movie_info_idx AS mi_idx,
	     movie_keyword AS mk,
	     name AS n,
	     title AS t
	WHERE ci.note IN ('(writer)',
	                  '(head writer)',
	                  '(written by)',
	                  '(story)',
	                  '(story editor)')
	  AND cn.name LIKE 'Lionsgate%'
	  AND it1.info = 'genres'
	  AND it2.info = 'votes'
	  AND k.keyword IN ('murder',
	                    'violence',
	                    'blood',
	                    'gore',
	                    'death',
	                    'female-nudity',
	                    'hospital')
	  AND mc.note LIKE '%(Blu-ray)%'
	  AND mi.info IN ('Horror',
	                  'Thriller')
	  AND n.gender = 'm'
	  AND t.production_year > 2000
	  AND (t.title LIKE '%Freddy%'
	       OR t.title LIKE '%Jason%'
	       OR t.title LIKE 'Saw%')
	  AND t.id = mi.movie_id
	  AND t.id = mi_idx.movie_id
	  AND t.id = ci.movie_id
	  AND t.id = mk.movie_id
	  AND t.id = mc.movie_id
	  AND ci.movie_id = mi.movie_id
	  AND ci.movie_id = mi_idx.movie_id
	  AND ci.movie_id = mk.movie_id
	  AND ci.movie_id = mc.movie_id
	  AND mi.movie_id = mi_idx.movie_id
	  AND mi.movie_id = mk.movie_id
	  AND mi.movie_id = mc.movie_id
	  AND mi_idx.movie_id = mk.movie_id
	  AND mi_idx.movie_id = mc.movie_id
	  AND mk.movie_id = mc.movie_id
	  AND n.id = ci.person_id
	  AND it1.id = mi.info_type_id
	  AND it2.id = mi_idx.info_type_id
	  AND k.id = mk.keyword_id
	  AND cn.id = mc.company_id;
	
	
2026-02-06 02:03:43.615 UTC [3085485] AiChaosN@imdbload LOG:  Bao planning selected arm 33, in 141.835000 CPU ms.
2026-02-06 02:03:43.615 UTC [3085485] AiChaosN@imdbload STATEMENT:  SELECT MIN(lt.link) AS link_type,
	       MIN(t1.title) AS first_movie,
	       MIN(t2.title) AS second_movie
	FROM keyword AS k,
	     link_type AS lt,
	     movie_keyword AS mk,
	     movie_link AS ml,
	     title AS t1,
	     title AS t2
	WHERE k.keyword ='10,000-mile-club'
	  AND mk.keyword_id = k.id
	  AND t1.id = mk.movie_id
	  AND ml.movie_id = t1.id
	  AND ml.linked_movie_id = t2.id
	  AND lt.id = ml.link_type_id
	  AND mk.movie_id = t1.id;
	
	
2026-02-06 02:03:44.786 UTC [3085496] AiChaosN@imdbload LOG:  Bao planning selected arm 36, in 921.054000 CPU ms.
2026-02-06 02:03:44.786 UTC [3085496] AiChaosN@imdbload STATEMENT:  SELECT MIN(mi.info) AS movie_budget,
	       MIN(mi_idx.info) AS movie_votes,
	       MIN(n.name) AS writer,
	       MIN(t.title) AS violent_liongate_movie
	FROM cast_info AS ci,
	     company_name AS cn,
	     info_type AS it1,
	     info_type AS it2,
	     keyword AS k,
	     movie_companies AS mc,
	     movie_info AS mi,
	     movie_info_idx AS mi_idx,
	     movie_keyword AS mk,
	     name AS n,
	     title AS t
	WHERE ci.note IN ('(writer)',
	                  '(head writer)',
	                  '(written by)',
	                  '(story)',
	                  '(story editor)')
	  AND cn.name LIKE 'Lionsgate%'
	  AND it1.info = 'genres'
	  AND it2.info = 'votes'
	  AND k.keyword IN ('murder',
	                    'violence',
	                    'blood',
	                    'gore',
	                    'death',
	                    'female-nudity',
	                    'hospital')
	  AND mi.info IN ('Horror',
	                  'Thriller')
	  AND n.gender = 'm'
	  AND t.id = mi.movie_id
	  AND t.id = mi_idx.movie_id
	  AND t.id = ci.movie_id
	  AND t.id = mk.movie_id
	  AND t.id = mc.movie_id
	  AND ci.movie_id = mi.movie_id
	  AND ci.movie_id = mi_idx.movie_id
	  AND ci.movie_id = mk.movie_id
	  AND ci.movie_id = mc.movie_id
	  AND mi.movie_id = mi_idx.movie_id
	  AND mi.movie_id = mk.movie_id
	  AND mi.movie_id = mc.movie_id
	  AND mi_idx.movie_id = mk.movie_id
	  AND mi_idx.movie_id = mc.movie_id
	  AND mk.movie_id = mc.movie_id
	  AND n.id = ci.person_id
	  AND it1.id = mi.info_type_id
	  AND it2.id = mi_idx.info_type_id
	  AND k.id = mk.keyword_id
	  AND cn.id = mc.company_id;
	
	
2026-02-06 02:03:53.039 UTC [3085683] AiChaosN@imdbload LOG:  Bao planning selected arm 30, in 323.328000 CPU ms.
2026-02-06 02:03:53.039 UTC [3085683] AiChaosN@imdbload STATEMENT:  SELECT MIN(cn.name) AS company_name,
	       MIN(lt.link) AS link_type,
	       MIN(t.title) AS western_follow_up
	FROM company_name AS cn,
	     company_type AS ct,
	     keyword AS k,
	     link_type AS lt,
	     movie_companies AS mc,
	     movie_info AS mi,
	     movie_keyword AS mk,
	     movie_link AS ml,
	     title AS t
	WHERE cn.country_code !='[pl]'
	  AND (cn.name LIKE '%Film%'
	       OR cn.name LIKE '%Warner%')
	  AND ct.kind ='production companies'
	  AND k.keyword ='sequel'
	  AND lt.link LIKE '%follow%'
	  AND mc.note IS NULL
	  AND mi.info IN ('Sweden',
	                  'Norway',
	                  'Germany',
	                  'Denmark',
	                  'Swedish',
	                  'Denish',
	                  'Norwegian',
	                  'German')
	  AND t.production_year BETWEEN 1950 AND 2000
	  AND lt.id = ml.link_type_id
	  AND ml.movie_id = t.id
	  AND t.id = mk.movie_id
	  AND mk.keyword_id = k.id
	  AND t.id = mc.movie_id
	  AND mc.company_type_id = ct.id
	  AND mc.company_id = cn.id
	  AND mi.movie_id = t.id
	  AND ml.movie_id = mk.movie_id
	  AND ml.movie_id = mc.movie_id
	  AND mk.movie_id = mc.movie_id
	  AND ml.movie_id = mi.movie_id
	  AND mk.movie_id = mi.movie_id
	  AND mc.movie_id = mi.movie_id;
	
	
2026-02-06 02:03:53.546 UTC [3085698] AiChaosN@imdbload LOG:  Bao planning selected arm 39, in 200.798000 CPU ms.
2026-02-06 02:03:53.546 UTC [3085698] AiChaosN@imdbload STATEMENT:  SELECT MIN(cn.name) AS from_company,
	       MIN(mc.note) AS production_note,
	       MIN(t.title) AS movie_based_on_book
	FROM company_name AS cn,
	     company_type AS ct,
	     keyword AS k,
	     link_type AS lt,
	     movie_companies AS mc,
	     movie_keyword AS mk,
	     movie_link AS ml,
	     title AS t
	WHERE cn.country_code !='[pl]'
	  AND (cn.name LIKE '20th Century Fox%'
	       OR cn.name LIKE 'Twentieth Century Fox%')
	  AND ct.kind != 'production companies'
	  AND ct.kind IS NOT NULL
	  AND k.keyword IN ('sequel',
	                    'revenge',
	                    'based-on-novel')
	  AND mc.note IS NOT NULL
	  AND t.production_year > 1950
	  AND lt.id = ml.link_type_id
	  AND ml.movie_id = t.id
	  AND t.id = mk.movie_id
	  AND mk.keyword_id = k.id
	  AND t.id = mc.movie_id
	  AND mc.company_type_id = ct.id
	  AND mc.company_id = cn.id
	  AND ml.movie_id = mk.movie_id
	  AND ml.movie_id = mc.movie_id
	  AND mk.movie_id = mc.movie_id;
	
	
2026-02-06 02:03:55.864 UTC [3085728] AiChaosN@imdbload LOG:  Bao planning selected arm 36, in 1704.881000 CPU ms.
2026-02-06 02:03:55.864 UTC [3085728] AiChaosN@imdbload STATEMENT:  SELECT MIN(mi.info) AS movie_budget,
	       MIN(mi_idx.info) AS movie_votes,
	       MIN(n.name) AS writer,
	       MIN(t.title) AS complete_gore_movie
	FROM complete_cast AS cc,
	     comp_cast_type AS cct1,
	     comp_cast_type AS cct2,
	     cast_info AS ci,
	     info_type AS it1,
	     info_type AS it2,
	     keyword AS k,
	     movie_info AS mi,
	     movie_info_idx AS mi_idx,
	     movie_keyword AS mk,
	     name AS n,
	     title AS t
	WHERE cct1.kind IN ('cast',
	                    'crew')
	  AND cct2.kind ='complete+verified'
	  AND ci.note IN ('(writer)',
	                  '(head writer)',
	                  '(written by)',
	                  '(story)',
	                  '(story editor)')
	  AND it1.info = 'genres'
	  AND it2.info = 'votes'
	  AND k.keyword IN ('murder',
	                    'violence',
	                    'blood',
	                    'gore',
	                    'death',
	                    'female-nudity',
	                    'hospital')
	  AND mi.info IN ('Horror',
	                  'Thriller')
	  AND n.gender = 'm'
	  AND t.production_year > 2000
	  AND (t.title LIKE '%Freddy%'
	       OR t.title LIKE '%Jason%'
	       OR t.title LIKE 'Saw%')
	  AND t.id = mi.movie_id
	  AND t.id = mi_idx.movie_id
	  AND t.id = ci.movie_id
	  AND t.id = mk.movie_id
	  AND t.id = cc.movie_id
	  AND ci.movie_id = mi.movie_id
	  AND ci.movie_id = mi_idx.movie_id
	  AND ci.movie_id = mk.movie_id
	  AND ci.movie_id = cc.movie_id
	  AND mi.movie_id = mi_idx.movie_id
	  AND mi.movie_id = mk.movie_id
	  AND mi.movie_id = cc.movie_id
	  AND mi_idx.movie_id = mk.movie_id
	  AND mi_idx.movie_id = cc.movie_id
	  AND mk.movie_id = cc.movie_id
	  AND n.id = ci.person_id
	  AND it1.id = mi.info_type_id
	  AND it2.id = mi_idx.info_type_id
	  AND k.id = mk.keyword_id
	  AND cct1.id = cc.subject_id
	  AND cct2.id = cc.status_id;
	
	
2026-02-06 02:04:03.871 UTC [3085916] AiChaosN@imdbload LOG:  Bao planning selected arm 36, in 1607.579000 CPU ms.
2026-02-06 02:04:03.871 UTC [3085916] AiChaosN@imdbload STATEMENT:  SELECT MIN(chn.name) AS voiced_char_name,
	       MIN(n.name) AS voicing_actress_name,
	       MIN(t.title) AS voiced_action_movie_jap_eng
	FROM aka_name AS an,
	     char_name AS chn,
	     cast_info AS ci,
	     company_name AS cn,
	     info_type AS it,
	     keyword AS k,
	     movie_companies AS mc,
	     movie_info AS mi,
	     movie_keyword AS mk,
	     name AS n,
	     role_type AS rt,
	     title AS t
	WHERE ci.note IN ('(voice)',
	                  '(voice: Japanese version)',
	                  '(voice) (uncredited)',
	                  '(voice: English version)')
	  AND cn.country_code ='[us]'
	  AND it.info = 'release dates'
	  AND k.keyword IN ('hero',
	                    'martial-arts',
	                    'hand-to-hand-combat')
	  AND mi.info IS NOT NULL
	  AND (mi.info LIKE 'Japan:%201%'
	       OR mi.info LIKE 'USA:%201%')
	  AND n.gender ='f'
	  AND n.name LIKE '%An%'
	  AND rt.role ='actress'
	  AND t.production_year > 2010
	  AND t.id = mi.movie_id
	  AND t.id = mc.movie_id
	  AND t.id = ci.movie_id
	  AND t.id = mk.movie_id
	  AND mc.movie_id = ci.movie_id
	  AND mc.movie_id = mi.movie_id
	  AND mc.movie_id = mk.movie_id
	  AND mi.movie_id = ci.movie_id
	  AND mi.movie_id = mk.movie_id
	  AND ci.movie_id = mk.movie_id
	  AND cn.id = mc.company_id
	  AND it.id = mi.info_type_id
	  AND n.id = ci.person_id
	  AND rt.id = ci.role_id
	  AND n.id = an.person_id
	  AND ci.person_id = an.person_id
	  AND chn.id = ci.person_role_id
	  AND k.id = mk.keyword_id;
	
	
2026-02-06 02:04:11.981 UTC [3086071] AiChaosN@imdbload LOG:  Bao planning selected arm 33, in 137.388000 CPU ms.
2026-02-06 02:04:11.981 UTC [3086071] AiChaosN@imdbload STATEMENT:  SELECT MIN(t.title) AS movie_title
	FROM company_name AS cn,
	     keyword AS k,
	     movie_companies AS mc,
	     movie_keyword AS mk,
	     title AS t
	WHERE cn.country_code ='[de]'
	  AND k.keyword ='character-name-in-title'
	  AND cn.id = mc.company_id
	  AND mc.movie_id = t.id
	  AND t.id = mk.movie_id
	  AND mk.keyword_id = k.id
	  AND mc.movie_id = mk.movie_id;
	
	
2026-02-06 02:04:14.152 UTC [3086118] AiChaosN@imdbload LOG:  Bao planning selected arm 12, in 463.513000 CPU ms.
2026-02-06 02:04:14.152 UTC [3086118] AiChaosN@imdbload STATEMENT:  SELECT MIN(n.name) AS voicing_actress,
	       MIN(t.title) AS jap_engl_voiced_movie
	FROM aka_name AS an,
	     char_name AS chn,
	     cast_info AS ci,
	     company_name AS cn,
	     info_type AS it,
	     movie_companies AS mc,
	     movie_info AS mi,
	     name AS n,
	     role_type AS rt,
	     title AS t
	WHERE ci.note IN ('(voice)',
	                  '(voice: Japanese version)',
	                  '(voice) (uncredited)',
	                  '(voice: English version)')
	  AND cn.country_code ='[us]'
	  AND it.info = 'release dates'
	  AND n.gender ='f'
	  AND rt.role ='actress'
	  AND t.production_year > 2000
	  AND t.id = mi.movie_id
	  AND t.id = mc.movie_id
	  AND t.id = ci.movie_id
	  AND mc.movie_id = ci.movie_id
	  AND mc.movie_id = mi.movie_id
	  AND mi.movie_id = ci.movie_id
	  AND cn.id = mc.company_id
	  AND it.id = mi.info_type_id
	  AND n.id = ci.person_id
	  AND rt.id = ci.role_id
	  AND n.id = an.person_id
	  AND ci.person_id = an.person_id
	  AND chn.id = ci.person_role_id;
	
	
2026-02-06 02:04:38.124 UTC [3086593] AiChaosN@imdbload LOG:  Bao planning selected arm 48, in 132.062000 CPU ms.
2026-02-06 02:04:38.124 UTC [3086593] AiChaosN@imdbload STATEMENT:  SELECT MIN(t.title) AS movie_title
	FROM keyword AS k,
	     movie_info AS mi,
	     movie_keyword AS mk,
	     title AS t
	WHERE k.keyword LIKE '%sequel%'
	  AND mi.info IN ('Bulgaria')
	  AND t.production_year > 2010
	  AND t.id = mi.movie_id
	  AND t.id = mk.movie_id
	  AND mk.movie_id = mi.movie_id
	  AND k.id = mk.keyword_id;
	
	
2026-02-06 02:04:42.610 UTC [3086691] AiChaosN@imdbload LOG:  Bao planning selected arm 2, in 176.102000 CPU ms.
2026-02-06 02:04:42.610 UTC [3086691] AiChaosN@imdbload STATEMENT:  SELECT MIN(chn.name) AS uncredited_voiced_character,
	       MIN(t.title) AS russian_movie
	FROM char_name AS chn,
	     cast_info AS ci,
	     company_name AS cn,
	     company_type AS ct,
	     movie_companies AS mc,
	     role_type AS rt,
	     title AS t
	WHERE ci.note LIKE '%(voice)%'
	  AND ci.note LIKE '%(uncredited)%'
	  AND cn.country_code = '[ru]'
	  AND rt.role = 'actor'
	  AND t.production_year > 2005
	  AND t.id = mc.movie_id
	  AND t.id = ci.movie_id
	  AND ci.movie_id = mc.movie_id
	  AND chn.id = ci.person_role_id
	  AND rt.id = ci.role_id
	  AND cn.id = mc.company_id
	  AND ct.id = mc.company_type_id;
	
	
2026-02-06 02:04:53.353 UTC [3086885] AiChaosN@imdbload LOG:  Bao planning selected arm 3, in 721.786000 CPU ms.
2026-02-06 02:04:53.353 UTC [3086885] AiChaosN@imdbload STATEMENT:  SELECT MIN(kt.kind) AS movie_kind,
	       MIN(t.title) AS complete_us_internet_movie
	FROM complete_cast AS cc,
	     comp_cast_type AS cct1,
	     company_name AS cn,
	     company_type AS ct,
	     info_type AS it1,
	     keyword AS k,
	     kind_type AS kt,
	     movie_companies AS mc,
	     movie_info AS mi,
	     movie_keyword AS mk,
	     title AS t
	WHERE cct1.kind = 'complete+verified'
	  AND cn.country_code = '[us]'
	  AND it1.info = 'release dates'
	  AND kt.kind IN ('movie',
	                  'tv movie',
	                  'video movie',
	                  'video game')
	  AND mi.note LIKE '%internet%'
	  AND mi.info IS NOT NULL
	  AND (mi.info LIKE 'USA:% 199%'
	       OR mi.info LIKE 'USA:% 200%')
	  AND t.production_year > 1990
	  AND kt.id = t.kind_id
	  AND t.id = mi.movie_id
	  AND t.id = mk.movie_id
	  AND t.id = mc.movie_id
	  AND t.id = cc.movie_id
	  AND mk.movie_id = mi.movie_id
	  AND mk.movie_id = mc.movie_id
	  AND mk.movie_id = cc.movie_id
	  AND mi.movie_id = mc.movie_id
	  AND mi.movie_id = cc.movie_id
	  AND mc.movie_id = cc.movie_id
	  AND k.id = mk.keyword_id
	  AND it1.id = mi.info_type_id
	  AND cn.id = mc.company_id
	  AND ct.id = mc.company_type_id
	  AND cct1.id = cc.status_id;
	
	
2026-02-06 02:04:59.245 UTC [3086898] AiChaosN@imdbload LOG:  Bao planning selected arm 39, in 5516.013000 CPU ms.
2026-02-06 02:04:59.245 UTC [3086898] AiChaosN@imdbload STATEMENT:  SELECT MIN(cn.name) AS movie_company,
	       MIN(mi_idx.info) AS rating,
	       MIN(t.title) AS complete_euro_dark_movie
	FROM complete_cast AS cc,
	     comp_cast_type AS cct1,
	     comp_cast_type AS cct2,
	     company_name AS cn,
	     company_type AS ct,
	     info_type AS it1,
	     info_type AS it2,
	     keyword AS k,
	     kind_type AS kt,
	     movie_companies AS mc,
	     movie_info AS mi,
	     movie_info_idx AS mi_idx,
	     movie_keyword AS mk,
	     title AS t
	WHERE cct1.kind = 'cast'
	  AND cct2.kind = 'complete'
	  AND cn.country_code != '[us]'
	  AND it1.info = 'countries'
	  AND it2.info = 'rating'
	  AND k.keyword IN ('murder',
	                    'murder-in-title',
	                    'blood',
	                    'violence')
	  AND kt.kind IN ('movie',
	                  'episode')
	  AND mc.note NOT LIKE '%(USA)%'
	  AND mc.note LIKE '%(200%)%'
	  AND mi.info IN ('Sweden',
	                  'Norway',
	                  'Germany',
	                  'Denmark',
	                  'Swedish',
	                  'Danish',
	                  'Norwegian',
	                  'German',
	                  'USA',
	                  'American')
	  AND mi_idx.info < '8.5'
	  AND t.production_year > 2005
	  AND kt.id = t.kind_id
	  AND t.id = mi.movie_id
	  AND t.id = mk.movie_id
	  AND t.id = mi_idx.movie_id
	  AND t.id = mc.movie_id
	  AND t.id = cc.movie_id
	  AND mk.movie_id = mi.movie_id
	  AND mk.movie_id = mi_idx.movie_id
	  AND mk.movie_id = mc.movie_id
	  AND mk.movie_id = cc.movie_id
	  AND mi.movie_id = mi_idx.movie_id
	  AND mi.movie_id = mc.movie_id
	  AND mi.movie_id = cc.movie_id
	  AND mc.movie_id = mi_idx.movie_id
	  AND mc.movie_id = cc.movie_id
	  AND mi_idx.movie_id = cc.movie_id
	  AND k.id = mk.keyword_id
	  AND it1.id = mi.info_type_id
	  AND it2.id = mi_idx.info_type_id
	  AND ct.id = mc.company_type_id
	  AND cn.id = mc.company_id
	  AND cct1.id = cc.subject_id
	  AND cct2.id = cc.status_id;
	
	
2026-02-06 02:05:04.901 UTC [3087096] AiChaosN@imdbload LOG:  Bao planning selected arm 39, in 681.798000 CPU ms.
2026-02-06 02:05:04.901 UTC [3087096] AiChaosN@imdbload STATEMENT:  SELECT MIN(cn.name) AS movie_company,
	       MIN(mi_idx.info) AS rating,
	       MIN(t.title) AS western_violent_movie
	FROM company_name AS cn,
	     company_type AS ct,
	     info_type AS it1,
	     info_type AS it2,
	     keyword AS k,
	     kind_type AS kt,
	     movie_companies AS mc,
	     movie_info AS mi,
	     movie_info_idx AS mi_idx,
	     movie_keyword AS mk,
	     title AS t
	WHERE cn.country_code != '[us]'
	  AND it1.info = 'countries'
	  AND it2.info = 'rating'
	  AND k.keyword IN ('murder',
	                    'murder-in-title',
	                    'blood',
	                    'violence')
	  AND kt.kind IN ('movie',
	                  'episode')
	  AND mi.info IN ('Sweden',
	                  'Norway',
	                  'Germany',
	                  'Denmark',
	                  'Swedish',
	                  'Danish',
	                  'Norwegian',
	                  'German',
	                  'USA',
	                  'American')
	  AND mi_idx.info < '8.5'
	  AND t.production_year > 2005
	  AND kt.id = t.kind_id
	  AND t.id = mi.movie_id
	  AND t.id = mk.movie_id
	  AND t.id = mi_idx.movie_id
	  AND t.id = mc.movie_id
	  AND mk.movie_id = mi.movie_id
	  AND mk.movie_id = mi_idx.movie_id
	  AND mk.movie_id = mc.movie_id
	  AND mi.movie_id = mi_idx.movie_id
	  AND mi.movie_id = mc.movie_id
	  AND mc.movie_id = mi_idx.movie_id
	  AND k.id = mk.keyword_id
	  AND it1.id = mi.info_type_id
	  AND it2.id = mi_idx.info_type_id
	  AND ct.id = mc.company_type_id
	  AND cn.id = mc.company_id;
	
	
2026-02-06 02:05:09.996 UTC [3087215] AiChaosN@imdbload LOG:  Bao planning selected arm 0, in 189.784000 CPU ms.
2026-02-06 02:05:09.996 UTC [3087215] AiChaosN@imdbload STATEMENT:  SELECT MIN(mi_idx.info) AS rating,
	       MIN(t.title) AS northern_dark_movie
	FROM info_type AS it1,
	     info_type AS it2,
	     keyword AS k,
	     kind_type AS kt,
	     movie_info AS mi,
	     movie_info_idx AS mi_idx,
	     movie_keyword AS mk,
	     title AS t
	WHERE it1.info = 'countries'
	  AND it2.info = 'rating'
	  AND k.keyword IN ('murder',
	                    'murder-in-title',
	                    'blood',
	                    'violence')
	  AND kt.kind = 'movie'
	  AND mi.info IN ('Sweden',
	                  'Norway',
	                  'Germany',
	                  'Denmark',
	                  'Swedish',
	                  'Denish',
	                  'Norwegian',
	                  'German',
	                  'USA',
	                  'American')
	  AND mi_idx.info < '8.5'
	  AND t.production_year > 2010
	  AND kt.id = t.kind_id
	  AND t.id = mi.movie_id
	  AND t.id = mk.movie_id
	  AND t.id = mi_idx.movie_id
	  AND mk.movie_id = mi.movie_id
	  AND mk.movie_id = mi_idx.movie_id
	  AND mi.movie_id = mi_idx.movie_id
	  AND k.id = mk.keyword_id
	  AND it1.id = mi.info_type_id
	  AND it2.id = mi_idx.info_type_id;
	
	
2026-02-06 02:05:10.465 UTC [3087216] AiChaosN@imdbload LOG:  Bao planning selected arm 27, in 255.057000 CPU ms.
2026-02-06 02:05:10.465 UTC [3087216] AiChaosN@imdbload STATEMENT:  SELECT MIN(cn.name) AS producing_company,
	       MIN(miidx.info) AS rating,
	       MIN(t.title) AS movie_about_winning
	FROM company_name AS cn,
	     company_type AS ct,
	     info_type AS it,
	     info_type AS it2,
	     kind_type AS kt,
	     movie_companies AS mc,
	     movie_info AS mi,
	     movie_info_idx AS miidx,
	     title AS t
	WHERE cn.country_code ='[us]'
	  AND ct.kind ='production companies'
	  AND it.info ='rating'
	  AND it2.info ='release dates'
	  AND kt.kind ='movie'
	  AND t.title != ''
	  AND (t.title LIKE '%Champion%'
	       OR t.title LIKE '%Loser%')
	  AND mi.movie_id = t.id
	  AND it2.id = mi.info_type_id
	  AND kt.id = t.kind_id
	  AND mc.movie_id = t.id
	  AND cn.id = mc.company_id
	  AND ct.id = mc.company_type_id
	  AND miidx.movie_id = t.id
	  AND it.id = miidx.info_type_id
	  AND mi.movie_id = miidx.movie_id
	  AND mi.movie_id = mc.movie_id
	  AND miidx.movie_id = mc.movie_id;
	
	
2026-02-06 02:05:14.056 UTC [3087304] AiChaosN@imdbload LOG:  Bao planning selected arm 27, in 200.965000 CPU ms.
2026-02-06 02:05:14.056 UTC [3087304] AiChaosN@imdbload STATEMENT:  SELECT MIN(an.name) AS alternative_name,
	       MIN(chn.name) AS voiced_character_name,
	       MIN(n.name) AS voicing_actress,
	       MIN(t.title) AS american_movie
	FROM aka_name AS an,
	     char_name AS chn,
	     cast_info AS ci,
	     company_name AS cn,
	     movie_companies AS mc,
	     name AS n,
	     role_type AS rt,
	     title AS t
	WHERE ci.note IN ('(voice)',
	                  '(voice: Japanese version)',
	                  '(voice) (uncredited)',
	                  '(voice: English version)')
	  AND cn.country_code ='[us]'
	  AND n.gender ='f'
	  AND n.name LIKE '%An%'
	  AND rt.role ='actress'
	  AND ci.movie_id = t.id
	  AND t.id = mc.movie_id
	  AND ci.movie_id = mc.movie_id
	  AND mc.company_id = cn.id
	  AND ci.role_id = rt.id
	  AND n.id = ci.person_id
	  AND chn.id = ci.person_role_id
	  AND an.person_id = n.id
	  AND an.person_id = ci.person_id;
	
	
2026-02-06 02:05:25.556 UTC [3087488] AiChaosN@imdbload LOG:  Bao planning selected arm 33, in 1648.529000 CPU ms.
2026-02-06 02:05:25.556 UTC [3087488] AiChaosN@imdbload STATEMENT:  SELECT MIN(mi.info) AS movie_budget,
	       MIN(mi_idx.info) AS movie_votes,
	       MIN(n.name) AS writer,
	       MIN(t.title) AS complete_violent_movie
	FROM complete_cast AS cc,
	     comp_cast_type AS cct1,
	     comp_cast_type AS cct2,
	     cast_info AS ci,
	     info_type AS it1,
	     info_type AS it2,
	     keyword AS k,
	     movie_info AS mi,
	     movie_info_idx AS mi_idx,
	     movie_keyword AS mk,
	     name AS n,
	     title AS t
	WHERE cct1.kind = 'cast'
	  AND cct2.kind ='complete+verified'
	  AND ci.note IN ('(writer)',
	                  '(head writer)',
	                  '(written by)',
	                  '(story)',
	                  '(story editor)')
	  AND it1.info = 'genres'
	  AND it2.info = 'votes'
	  AND k.keyword IN ('murder',
	                    'violence',
	                    'blood',
	                    'gore',
	                    'death',
	                    'female-nudity',
	                    'hospital')
	  AND mi.info IN ('Horror',
	                  'Action',
	                  'Sci-Fi',
	                  'Thriller',
	                  'Crime',
	                  'War')
	  AND n.gender = 'm'
	  AND t.id = mi.movie_id
	  AND t.id = mi_idx.movie_id
	  AND t.id = ci.movie_id
	  AND t.id = mk.movie_id
	  AND t.id = cc.movie_id
	  AND ci.movie_id = mi.movie_id
	  AND ci.movie_id = mi_idx.movie_id
	  AND ci.movie_id = mk.movie_id
	  AND ci.movie_id = cc.movie_id
	  AND mi.movie_id = mi_idx.movie_id
	  AND mi.movie_id = mk.movie_id
	  AND mi.movie_id = cc.movie_id
	  AND mi_idx.movie_id = mk.movie_id
	  AND mi_idx.movie_id = cc.movie_id
	  AND mk.movie_id = cc.movie_id
	  AND n.id = ci.person_id
	  AND it1.id = mi.info_type_id
	  AND it2.id = mi_idx.info_type_id
	  AND k.id = mk.keyword_id
	  AND cct1.id = cc.subject_id
	  AND cct2.id = cc.status_id;
	
	
2026-02-06 02:06:05.303 UTC [3087662] AiChaosN@imdbload ERROR:  canceling statement due to statement timeout
2026-02-06 02:06:05.303 UTC [3087662] AiChaosN@imdbload STATEMENT:  SELECT MIN(chn.name) AS voiced_char,
	       MIN(n.name) AS voicing_actress,
	       MIN(t.title) AS voiced_animation
	FROM aka_name AS an,
	     complete_cast AS cc,
	     comp_cast_type AS cct1,
	     comp_cast_type AS cct2,
	     char_name AS chn,
	     cast_info AS ci,
	     company_name AS cn,
	     info_type AS it,
	     info_type AS it3,
	     keyword AS k,
	     movie_companies AS mc,
	     movie_info AS mi,
	     movie_keyword AS mk,
	     name AS n,
	     person_info AS pi1,
	     role_type AS rt,
	     title AS t
	WHERE cct1.kind ='cast'
	  AND cct2.kind ='complete+verified'
	  AND ci.note IN ('(voice)',
	                  '(voice: Japanese version)',
	                  '(voice) (uncredited)',
	                  '(voice: English version)')
	  AND cn.country_code ='[us]'
	  AND it.info = 'release dates'
	  AND it3.info = 'trivia'
	  AND k.keyword = 'computer-animation'
	  AND mi.info IS NOT NULL
	  AND (mi.info LIKE 'Japan:%200%'
	       OR mi.info LIKE 'USA:%200%')
	  AND n.gender ='f'
	  AND n.name LIKE '%An%'
	  AND rt.role ='actress'
	  AND t.production_year BETWEEN 2000 AND 2010
	  AND t.id = mi.movie_id
	  AND t.id = mc.movie_id
	  AND t.id = ci.movie_id
	  AND t.id = mk.movie_id
	  AND t.id = cc.movie_id
	  AND mc.movie_id = ci.movie_id
	  AND mc.movie_id = mi.movie_id
	  AND mc.movie_id = mk.movie_id
	  AND mc.movie_id = cc.movie_id
	  AND mi.movie_id = ci.movie_id
	  AND mi.movie_id = mk.movie_id
	  AND mi.movie_id = cc.movie_id
	  AND ci.movie_id = mk.movie_id
	  AND ci.movie_id = cc.movie_id
	  AND mk.movie_id = cc.movie_id
	  AND cn.id = mc.company_id
	  AND it.id = mi.info_type_id
	  AND n.id = ci.person_id
	  AND rt.id = ci.role_id
	  AND n.id = an.person_id
	  AND ci.person_id = an.person_id
	  AND chn.id = ci.person_role_id
	  AND n.id = pi1.person_id
	  AND ci.person_id = pi1.person_id
	  AND it3.id = pi1.info_type_id
	  AND k.id = mk.keyword_id
	  AND cct1.id = cc.subject_id
	  AND cct2.id = cc.status_id;
	
	
2026-02-06 02:06:15.086 UTC [3088351] AiChaosN@imdbload LOG:  Bao planning selected arm 5, in 2412.279000 CPU ms.
2026-02-06 02:06:15.086 UTC [3088351] AiChaosN@imdbload STATEMENT:  SELECT MIN(cn.name) AS producing_company,
	       MIN(lt.link) AS link_type,
	       MIN(t.title) AS complete_western_sequel
	FROM complete_cast AS cc,
	     comp_cast_type AS cct1,
	     comp_cast_type AS cct2,
	     company_name AS cn,
	     company_type AS ct,
	     keyword AS k,
	     link_type AS lt,
	     movie_companies AS mc,
	     movie_info AS mi,
	     movie_keyword AS mk,
	     movie_link AS ml,
	     title AS t
	WHERE cct1.kind IN ('cast',
	                    'crew')
	  AND cct2.kind = 'complete'
	  AND cn.country_code !='[pl]'
	  AND (cn.name LIKE '%Film%'
	       OR cn.name LIKE '%Warner%')
	  AND ct.kind ='production companies'
	  AND k.keyword ='sequel'
	  AND lt.link LIKE '%follow%'
	  AND mc.note IS NULL
	  AND mi.info IN ('Sweden',
	                  'Germany',
	                  'Swedish',
	                  'German')
	  AND t.production_year = 1998
	  AND lt.id = ml.link_type_id
	  AND ml.movie_id = t.id
	  AND t.id = mk.movie_id
	  AND mk.keyword_id = k.id
	  AND t.id = mc.movie_id
	  AND mc.company_type_id = ct.id
	  AND mc.company_id = cn.id
	  AND mi.movie_id = t.id
	  AND t.id = cc.movie_id
	  AND cct1.id = cc.subject_id
	  AND cct2.id = cc.status_id
	  AND ml.movie_id = mk.movie_id
	  AND ml.movie_id = mc.movie_id
	  AND mk.movie_id = mc.movie_id
	  AND ml.movie_id = mi.movie_id
	  AND mk.movie_id = mi.movie_id
	  AND mc.movie_id = mi.movie_id
	  AND ml.movie_id = cc.movie_id
	  AND mk.movie_id = cc.movie_id
	  AND mc.movie_id = cc.movie_id
	  AND mi.movie_id = cc.movie_id;
	
	
2026-02-06 02:06:15.472 UTC [3088417] AiChaosN@imdbload LOG:  Bao planning selected arm 0, in 248.516000 CPU ms.
2026-02-06 02:06:15.472 UTC [3088417] AiChaosN@imdbload STATEMENT:  SELECT MIN(cn.name) AS from_company,
	       MIN(mc.note) AS production_note,
	       MIN(t.title) AS movie_based_on_book
	FROM company_name AS cn,
	     company_type AS ct,
	     keyword AS k,
	     link_type AS lt,
	     movie_companies AS mc,
	     movie_keyword AS mk,
	     movie_link AS ml,
	     title AS t
	WHERE cn.country_code !='[pl]'
	  AND ct.kind != 'production companies'
	  AND ct.kind IS NOT NULL
	  AND k.keyword IN ('sequel',
	                    'revenge',
	                    'based-on-novel')
	  AND mc.note IS NOT NULL
	  AND t.production_year > 1950
	  AND lt.id = ml.link_type_id
	  AND ml.movie_id = t.id
	  AND t.id = mk.movie_id
	  AND mk.keyword_id = k.id
	  AND t.id = mc.movie_id
	  AND mc.company_type_id = ct.id
	  AND mc.company_id = cn.id
	  AND ml.movie_id = mk.movie_id
	  AND ml.movie_id = mc.movie_id
	  AND mk.movie_id = mc.movie_id;
	
	
2026-02-06 02:06:15.876 UTC [3088440] AiChaosN@imdbload LOG:  Bao planning selected arm 3, in 211.451000 CPU ms.
2026-02-06 02:06:15.876 UTC [3088440] AiChaosN@imdbload STATEMENT:  SELECT MIN(n.name) AS of_person,
	       MIN(t.title) AS biography_movie
	FROM aka_name AS an,
	     cast_info AS ci,
	     info_type AS it,
	     link_type AS lt,
	     movie_link AS ml,
	     name AS n,
	     person_info AS pi1,
	     title AS t
	WHERE an.name LIKE '%a%'
	  AND it.info ='mini biography'
	  AND lt.link ='features'
	  AND n.name_pcode_cf BETWEEN 'A' AND 'F'
	  AND (n.gender='m'
	       OR (n.gender = 'f'
	           AND n.name LIKE 'B%'))
	  AND pi1.note ='Volker Boehm'
	  AND t.production_year BETWEEN 1980 AND 1995
	  AND n.id = an.person_id
	  AND n.id = pi1.person_id
	  AND ci.person_id = n.id
	  AND t.id = ci.movie_id
	  AND ml.linked_movie_id = t.id
	  AND lt.id = ml.link_type_id
	  AND it.id = pi1.info_type_id
	  AND pi1.person_id = an.person_id
	  AND pi1.person_id = ci.person_id
	  AND an.person_id = ci.person_id
	  AND ci.movie_id = ml.linked_movie_id;
	
	
2026-02-06 02:06:24.148 UTC [3088441] AiChaosN@imdbload LOG:  Bao planning selected arm 28, in 7369.396000 CPU ms.
2026-02-06 02:06:24.148 UTC [3088441] AiChaosN@imdbload STATEMENT:  SELECT MIN(cn1.name) AS first_company,
	       MIN(cn2.name) AS second_company,
	       MIN(mii1.info) AS first_rating,
	       MIN(mii2.info) AS second_rating,
	       MIN(t1.title) AS first_movie,
	       MIN(t2.title) AS second_movie
	FROM company_name AS cn1,
	     company_name AS cn2,
	     info_type AS it1,
	     info_type AS it2,
	     kind_type AS kt1,
	     kind_type AS kt2,
	     link_type AS lt,
	     movie_companies AS mc1,
	     movie_companies AS mc2,
	     movie_info_idx AS mii1,
	     movie_info_idx AS mii2,
	     movie_link AS ml,
	     title AS t1,
	     title AS t2
	WHERE cn1.country_code = '[nl]'
	  AND it1.info = 'rating'
	  AND it2.info = 'rating'
	  AND kt1.kind IN ('tv series')
	  AND kt2.kind IN ('tv series')
	  AND lt.link LIKE '%follow%'
	  AND mii2.info < '3.0'
	  AND t2.production_year = 2007
	  AND lt.id = ml.link_type_id
	  AND t1.id = ml.movie_id
	  AND t2.id = ml.linked_movie_id
	  AND it1.id = mii1.info_type_id
	  AND t1.id = mii1.movie_id
	  AND kt1.id = t1.kind_id
	  AND cn1.id = mc1.company_id
	  AND t1.id = mc1.movie_id
	  AND ml.movie_id = mii1.movie_id
	  AND ml.movie_id = mc1.movie_id
	  AND mii1.movie_id = mc1.movie_id
	  AND it2.id = mii2.info_type_id
	  AND t2.id = mii2.movie_id
	  AND kt2.id = t2.kind_id
	  AND cn2.id = mc2.company_id
	  AND t2.id = mc2.movie_id
	  AND ml.linked_movie_id = mii2.movie_id
	  AND ml.linked_movie_id = mc2.movie_id
	  AND mii2.movie_id = mc2.movie_id;
	
	
2026-02-06 02:06:24.528 UTC [3088598] AiChaosN@imdbload LOG:  Bao planning selected arm 2, in 142.556000 CPU ms.
2026-02-06 02:06:24.528 UTC [3088598] AiChaosN@imdbload STATEMENT:  SELECT MIN(mi_idx.info) AS rating,
	       MIN(t.title) AS movie_title
	FROM info_type AS it,
	     keyword AS k,
	     movie_info_idx AS mi_idx,
	     movie_keyword AS mk,
	     title AS t
	WHERE it.info ='rating'
	  AND k.keyword LIKE '%sequel%'
	  AND mi_idx.info > '2.0'
	  AND t.production_year > 1990
	  AND t.id = mi_idx.movie_id
	  AND t.id = mk.movie_id
	  AND mk.movie_id = mi_idx.movie_id
	  AND k.id = mk.keyword_id
	  AND it.id = mi_idx.info_type_id;
	
	
2026-02-06 02:06:26.596 UTC [3088652] AiChaosN@imdbload LOG:  Bao planning selected arm 48, in 132.640000 CPU ms.
2026-02-06 02:06:26.596 UTC [3088652] AiChaosN@imdbload STATEMENT:  SELECT MIN(k.keyword) AS movie_keyword,
	       MIN(n.name) AS actor_name,
	       MIN(t.title) AS hero_movie
	FROM cast_info AS ci,
	     keyword AS k,
	     movie_keyword AS mk,
	     name AS n,
	     title AS t
	WHERE k.keyword IN ('superhero',
	                    'sequel',
	                    'second-part',
	                    'marvel-comics',
	                    'based-on-comic',
	                    'tv-special',
	                    'fight',
	                    'violence')
	  AND t.production_year > 2000
	  AND k.id = mk.keyword_id
	  AND t.id = mk.movie_id
	  AND t.id = ci.movie_id
	  AND ci.movie_id = mk.movie_id
	  AND n.id = ci.person_id;
	
	
2026-02-06 02:06:37.822 UTC [3088822] AiChaosN@imdbload LOG:  Bao planning selected arm 5, in 1922.322000 CPU ms.
2026-02-06 02:06:37.822 UTC [3088822] AiChaosN@imdbload STATEMENT:  SELECT MIN(cn.name) AS producing_company,
	       MIN(lt.link) AS link_type,
	       MIN(t.title) AS complete_western_sequel
	FROM complete_cast AS cc,
	     comp_cast_type AS cct1,
	     comp_cast_type AS cct2,
	     company_name AS cn,
	     company_type AS ct,
	     keyword AS k,
	     link_type AS lt,
	     movie_companies AS mc,
	     movie_info AS mi,
	     movie_keyword AS mk,
	     movie_link AS ml,
	     title AS t
	WHERE cct1.kind IN ('cast',
	                    'crew')
	  AND cct2.kind = 'complete'
	  AND cn.country_code !='[pl]'
	  AND (cn.name LIKE '%Film%'
	       OR cn.name LIKE '%Warner%')
	  AND ct.kind ='production companies'
	  AND k.keyword ='sequel'
	  AND lt.link LIKE '%follow%'
	  AND mc.note IS NULL
	  AND mi.info IN ('Sweden',
	                  'Germany',
	                  'Swedish',
	                  'German')
	  AND t.production_year BETWEEN 1950 AND 2000
	  AND lt.id = ml.link_type_id
	  AND ml.movie_id = t.id
	  AND t.id = mk.movie_id
	  AND mk.keyword_id = k.id
	  AND t.id = mc.movie_id
	  AND mc.company_type_id = ct.id
	  AND mc.company_id = cn.id
	  AND mi.movie_id = t.id
	  AND t.id = cc.movie_id
	  AND cct1.id = cc.subject_id
	  AND cct2.id = cc.status_id
	  AND ml.movie_id = mk.movie_id
	  AND ml.movie_id = mc.movie_id
	  AND mk.movie_id = mc.movie_id
	  AND ml.movie_id = mi.movie_id
	  AND mk.movie_id = mi.movie_id
	  AND mc.movie_id = mi.movie_id
	  AND ml.movie_id = cc.movie_id
	  AND mk.movie_id = cc.movie_id
	  AND mc.movie_id = cc.movie_id
	  AND mi.movie_id = cc.movie_id;
	
	
2026-02-06 02:06:38.153 UTC [3088876] AiChaosN@imdbload LOG:  Bao planning selected arm 18, in 215.964000 CPU ms.
2026-02-06 02:06:38.153 UTC [3088876] AiChaosN@imdbload STATEMENT:  SELECT MIN(an.name) AS cool_actor_pseudonym,
	       MIN(t.title) AS series_named_after_char
	FROM aka_name AS an,
	     cast_info AS ci,
	     company_name AS cn,
	     keyword AS k,
	     movie_companies AS mc,
	     movie_keyword AS mk,
	     name AS n,
	     title AS t
	WHERE cn.country_code ='[us]'
	  AND k.keyword ='character-name-in-title'
	  AND t.episode_nr < 100
	  AND an.person_id = n.id
	  AND n.id = ci.person_id
	  AND ci.movie_id = t.id
	  AND t.id = mk.movie_id
	  AND mk.keyword_id = k.id
	  AND t.id = mc.movie_id
	  AND mc.company_id = cn.id
	  AND an.person_id = ci.person_id
	  AND ci.movie_id = mc.movie_id
	  AND ci.movie_id = mk.movie_id
	  AND mc.movie_id = mk.movie_id;
	
	
2026-02-06 02:06:40.184 UTC [3088897] AiChaosN@imdbload LOG:  Bao planning selected arm 12, in 745.665000 CPU ms.
2026-02-06 02:06:40.184 UTC [3088897] AiChaosN@imdbload STATEMENT:  SELECT MIN(kt.kind) AS movie_kind,
	       MIN(t.title) AS complete_us_internet_movie
	FROM complete_cast AS cc,
	     comp_cast_type AS cct1,
	     company_name AS cn,
	     company_type AS ct,
	     info_type AS it1,
	     keyword AS k,
	     kind_type AS kt,
	     movie_companies AS mc,
	     movie_info AS mi,
	     movie_keyword AS mk,
	     title AS t
	WHERE cct1.kind = 'complete+verified'
	  AND cn.country_code = '[us]'
	  AND it1.info = 'release dates'
	  AND kt.kind IN ('movie')
	  AND mi.note LIKE '%internet%'
	  AND mi.info IS NOT NULL
	  AND (mi.info LIKE 'USA:% 199%'
	       OR mi.info LIKE 'USA:% 200%')
	  AND t.production_year > 2000
	  AND kt.id = t.kind_id
	  AND t.id = mi.movie_id
	  AND t.id = mk.movie_id
	  AND t.id = mc.movie_id
	  AND t.id = cc.movie_id
	  AND mk.movie_id = mi.movie_id
	  AND mk.movie_id = mc.movie_id
	  AND mk.movie_id = cc.movie_id
	  AND mi.movie_id = mc.movie_id
	  AND mi.movie_id = cc.movie_id
	  AND mc.movie_id = cc.movie_id
	  AND k.id = mk.keyword_id
	  AND it1.id = mi.info_type_id
	  AND cn.id = mc.company_id
	  AND ct.id = mc.company_type_id
	  AND cct1.id = cc.status_id;
	
	
2026-02-06 02:06:50.753 UTC [3089095] AiChaosN@imdbload LOG:  Bao planning selected arm 36, in 635.673000 CPU ms.
2026-02-06 02:06:50.753 UTC [3089095] AiChaosN@imdbload STATEMENT:  SELECT COUNT(*) FROM title as t,
	kind_type as kt,
	info_type as it1,
	movie_info as mi1,
	movie_info as mi2,
	info_type as it2,
	cast_info as ci,
	role_type as rt,
	name as n,
	movie_keyword as mk,
	keyword as k
	WHERE
	t.id = ci.movie_id
	AND t.id = mi1.movie_id
	AND t.id = mi2.movie_id
	AND t.id = mk.movie_id
	AND k.id = mk.keyword_id
	AND mi1.movie_id = mi2.movie_id
	AND mi1.info_type_id = it1.id
	AND mi2.info_type_id = it2.id
	AND (it1.id in ('8'))
	AND (it2.id in ('6'))
	AND t.kind_id = kt.id
	AND ci.person_id = n.id
	AND ci.role_id = rt.id
	AND (mi1.info in ('Austria','Belgium','Brazil','Hungary','India','Mexico','Poland','Spain'))
	AND (mi2.info in ('Mono','Silent'))
	AND (kt.kind in ('episode','movie','tv movie'))
	AND (rt.role in ('costume designer','production designer'))
	AND (n.gender IS NULL)
	AND (t.production_year <= 1975)
	AND (t.production_year >= 1875)
	AND (k.keyword IN ('based-on-play','cigarette-smoking','friendship','independent-film','jealousy','lesbian-sex','male-nudity','marriage','mother-daughter-relationship','one-word-title','oral-sex','police','singing','song'))
	
2026-02-06 02:07:46.262 UTC [3089565] AiChaosN@imdbload ERROR:  canceling statement due to statement timeout
2026-02-06 02:07:46.262 UTC [3089565] AiChaosN@imdbload STATEMENT:  SELECT MIN(chn.name) AS voiced_char,
	       MIN(n.name) AS voicing_actress,
	       MIN(t.title) AS voiced_animation
	FROM aka_name AS an,
	     complete_cast AS cc,
	     comp_cast_type AS cct1,
	     comp_cast_type AS cct2,
	     char_name AS chn,
	     cast_info AS ci,
	     company_name AS cn,
	     info_type AS it,
	     info_type AS it3,
	     keyword AS k,
	     movie_companies AS mc,
	     movie_info AS mi,
	     movie_keyword AS mk,
	     name AS n,
	     person_info AS pi1,
	     role_type AS rt,
	     title AS t
	WHERE cct1.kind ='cast'
	  AND cct2.kind ='complete+verified'
	  AND chn.name = 'Queen'
	  AND ci.note IN ('(voice)',
	                  '(voice) (uncredited)',
	                  '(voice: English version)')
	  AND cn.country_code ='[us]'
	  AND it.info = 'release dates'
	  AND it3.info = 'height'
	  AND k.keyword = 'computer-animation'
	  AND mi.info LIKE 'USA:%200%'
	  AND n.gender ='f'
	  AND n.name LIKE '%An%'
	  AND rt.role ='actress'
	  AND t.title = 'Shrek 2'
	  AND t.production_year BETWEEN 2000 AND 2005
	  AND t.id = mi.movie_id
	  AND t.id = mc.movie_id
	  AND t.id = ci.movie_id
	  AND t.id = mk.movie_id
	  AND t.id = cc.movie_id
	  AND mc.movie_id = ci.movie_id
	  AND mc.movie_id = mi.movie_id
	  AND mc.movie_id = mk.movie_id
	  AND mc.movie_id = cc.movie_id
	  AND mi.movie_id = ci.movie_id
	  AND mi.movie_id = mk.movie_id
	  AND mi.movie_id = cc.movie_id
	  AND ci.movie_id = mk.movie_id
	  AND ci.movie_id = cc.movie_id
	  AND mk.movie_id = cc.movie_id
	  AND cn.id = mc.company_id
	  AND it.id = mi.info_type_id
	  AND n.id = ci.person_id
	  AND rt.id = ci.role_id
	  AND n.id = an.person_id
	  AND ci.person_id = an.person_id
	  AND chn.id = ci.person_role_id
	  AND n.id = pi1.person_id
	  AND ci.person_id = pi1.person_id
	  AND it3.id = pi1.info_type_id
	  AND k.id = mk.keyword_id
	  AND cct1.id = cc.subject_id
	  AND cct2.id = cc.status_id;
	
	
2026-02-06 02:07:46.823 UTC [3090096] AiChaosN@imdbload LOG:  Bao planning selected arm 8, in 147.454000 CPU ms.
2026-02-06 02:07:46.823 UTC [3090096] AiChaosN@imdbload STATEMENT:  SELECT MIN(t.title) AS movie_title
	FROM company_name AS cn,
	     keyword AS k,
	     movie_companies AS mc,
	     movie_keyword AS mk,
	     title AS t
	WHERE cn.country_code ='[sm]'
	  AND k.keyword ='character-name-in-title'
	  AND cn.id = mc.company_id
	  AND mc.movie_id = t.id
	  AND t.id = mk.movie_id
	  AND mk.keyword_id = k.id
	  AND mc.movie_id = mk.movie_id;
	
	
2026-02-06 02:07:56.139 UTC [3090172] AiChaosN@imdbload LOG:  Bao planning selected arm 16, in 5928.379000 CPU ms.
2026-02-06 02:07:56.139 UTC [3090172] AiChaosN@imdbload STATEMENT:  SELECT MIN(cn.name) AS movie_company,
	       MIN(mi_idx.info) AS rating,
	       MIN(t.title) AS complete_euro_dark_movie
	FROM complete_cast AS cc,
	     comp_cast_type AS cct1,
	     comp_cast_type AS cct2,
	     company_name AS cn,
	     company_type AS ct,
	     info_type AS it1,
	     info_type AS it2,
	     keyword AS k,
	     kind_type AS kt,
	     movie_companies AS mc,
	     movie_info AS mi,
	     movie_info_idx AS mi_idx,
	     movie_keyword AS mk,
	     title AS t
	WHERE cct1.kind = 'crew'
	  AND cct2.kind != 'complete+verified'
	  AND cn.country_code != '[us]'
	  AND it1.info = 'countries'
	  AND it2.info = 'rating'
	  AND k.keyword IN ('murder',
	                    'murder-in-title',
	                    'blood',
	                    'violence')
	  AND kt.kind IN ('movie',
	                  'episode')
	  AND mc.note NOT LIKE '%(USA)%'
	  AND mc.note LIKE '%(200%)%'
	  AND mi.info IN ('Sweden',
	                  'Germany',
	                  'Swedish',
	                  'German')
	  AND mi_idx.info > '6.5'
	  AND t.production_year > 2005
	  AND kt.id = t.kind_id
	  AND t.id = mi.movie_id
	  AND t.id = mk.movie_id
	  AND t.id = mi_idx.movie_id
	  AND t.id = mc.movie_id
	  AND t.id = cc.movie_id
	  AND mk.movie_id = mi.movie_id
	  AND mk.movie_id = mi_idx.movie_id
	  AND mk.movie_id = mc.movie_id
	  AND mk.movie_id = cc.movie_id
	  AND mi.movie_id = mi_idx.movie_id
	  AND mi.movie_id = mc.movie_id
	  AND mi.movie_id = cc.movie_id
	  AND mc.movie_id = mi_idx.movie_id
	  AND mc.movie_id = cc.movie_id
	  AND mi_idx.movie_id = cc.movie_id
	  AND k.id = mk.keyword_id
	  AND it1.id = mi.info_type_id
	  AND it2.id = mi_idx.info_type_id
	  AND ct.id = mc.company_type_id
	  AND cn.id = mc.company_id
	  AND cct1.id = cc.subject_id
	  AND cct2.id = cc.status_id;
	
	
2026-02-06 02:08:01.672 UTC [3090372] AiChaosN@imdbload LOG:  Bao planning selected arm 16, in 172.381000 CPU ms.
2026-02-06 02:08:01.672 UTC [3090372] AiChaosN@imdbload STATEMENT:  SELECT MIN(n.name) AS member_in_charnamed_movie
	FROM cast_info AS ci,
	     company_name AS cn,
	     keyword AS k,
	     movie_companies AS mc,
	     movie_keyword AS mk,
	     name AS n,
	     title AS t
	WHERE cn.country_code ='[us]'
	  AND k.keyword ='character-name-in-title'
	  AND n.id = ci.person_id
	  AND ci.movie_id = t.id
	  AND t.id = mk.movie_id
	  AND mk.keyword_id = k.id
	  AND t.id = mc.movie_id
	  AND mc.company_id = cn.id
	  AND ci.movie_id = mc.movie_id
	  AND ci.movie_id = mk.movie_id
	  AND mc.movie_id = mk.movie_id;
	
	
2026-02-06 02:08:13.520 UTC [3090589] AiChaosN@imdbload LOG:  Bao planning selected arm 2, in 331.560000 CPU ms.
2026-02-06 02:08:13.520 UTC [3090589] AiChaosN@imdbload STATEMENT:  SELECT MIN(mi.info) AS movie_budget,
	       MIN(mi_idx.info) AS movie_votes,
	       MIN(n.name) AS male_writer,
	       MIN(t.title) AS violent_movie_title
	FROM cast_info AS ci,
	     info_type AS it1,
	     info_type AS it2,
	     keyword AS k,
	     movie_info AS mi,
	     movie_info_idx AS mi_idx,
	     movie_keyword AS mk,
	     name AS n,
	     title AS t
	WHERE ci.note IN ('(writer)',
	                  '(head writer)',
	                  '(written by)',
	                  '(story)',
	                  '(story editor)')
	  AND it1.info = 'genres'
	  AND it2.info = 'votes'
	  AND k.keyword IN ('murder',
	                    'violence',
	                    'blood',
	                    'gore',
	                    'death',
	                    'female-nudity',
	                    'hospital')
	  AND mi.info IN ('Horror',
	                  'Action',
	                  'Sci-Fi',
	                  'Thriller',
	                  'Crime',
	                  'War')
	  AND n.gender = 'm'
	  AND t.id = mi.movie_id
	  AND t.id = mi_idx.movie_id
	  AND t.id = ci.movie_id
	  AND t.id = mk.movie_id
	  AND ci.movie_id = mi.movie_id
	  AND ci.movie_id = mi_idx.movie_id
	  AND ci.movie_id = mk.movie_id
	  AND mi.movie_id = mi_idx.movie_id
	  AND mi.movie_id = mk.movie_id
	  AND mi_idx.movie_id = mk.movie_id
	  AND n.id = ci.person_id
	  AND it1.id = mi.info_type_id
	  AND it2.id = mi_idx.info_type_id
	  AND k.id = mk.keyword_id;
	
	
2026-02-06 02:08:20.555 UTC [3090711] AiChaosN@imdbload LOG:  Bao planning selected arm 8, in 148.592000 CPU ms.
2026-02-06 02:08:20.555 UTC [3090711] AiChaosN@imdbload STATEMENT:  SELECT MIN(k.keyword) AS movie_keyword,
	       MIN(n.name) AS actor_name,
	       MIN(t.title) AS hero_movie
	FROM cast_info AS ci,
	     keyword AS k,
	     movie_keyword AS mk,
	     name AS n,
	     title AS t
	WHERE k.keyword IN ('superhero',
	                    'sequel',
	                    'second-part',
	                    'marvel-comics',
	                    'based-on-comic',
	                    'tv-special',
	                    'fight',
	                    'violence')
	  AND n.name LIKE '%Downey%Robert%'
	  AND t.production_year > 2000
	  AND k.id = mk.keyword_id
	  AND t.id = mk.movie_id
	  AND t.id = ci.movie_id
	  AND ci.movie_id = mk.movie_id
	  AND n.id = ci.person_id;
	
	
2026-02-06 02:08:26.998 UTC [3090801] AiChaosN@imdbload LOG:  Bao planning selected arm 16, in 3399.777000 CPU ms.
2026-02-06 02:08:26.998 UTC [3090801] AiChaosN@imdbload STATEMENT:  SELECT COUNT(*)
	FROM title as t,
	movie_info as mi1,
	kind_type as kt,
	info_type as it1,
	info_type as it3,
	info_type as it4,
	movie_info_idx as mii1,
	movie_info_idx as mii2,
	aka_name as an,
	name as n,
	info_type as it5,
	person_info as pi1,
	cast_info as ci,
	role_type as rt
	WHERE
	t.id = mi1.movie_id
	AND t.id = ci.movie_id
	AND t.id = mii1.movie_id
	AND t.id = mii2.movie_id
	AND mii2.movie_id = mii1.movie_id
	AND mi1.movie_id = mii1.movie_id
	AND mi1.info_type_id = it1.id
	AND mii1.info_type_id = it3.id
	AND mii2.info_type_id = it4.id
	AND t.kind_id = kt.id
	AND (kt.kind IN ('episode','movie'))
	AND (t.production_year <= 2015)
	AND (t.production_year >= 1925)
	AND (mi1.info IN ('Black and White'))
	AND (it1.id IN ('2'))
	AND it3.id = '100'
	AND it4.id = '101'
	AND (mii2.info ~ '^(?:[1-9]\d*|0)?(?:\.\d+)?$' AND mii2.info::float <= 7.0)
	AND (mii2.info ~ '^(?:[1-9]\d*|0)?(?:\.\d+)?$' AND 3.0 <= mii2.info::float)
	AND (mii1.info ~ '^(?:[1-9]\d*|0)?(?:\.\d+)?$' AND 0.0 <= mii1.info::float)
	AND (mii1.info ~ '^(?:[1-9]\d*|0)?(?:\.\d+)?$' AND mii1.info::float <= 10000.0)
	AND n.id = ci.person_id
	AND ci.person_id = pi1.person_id
	AND it5.id = pi1.info_type_id
	AND n.id = pi1.person_id
	AND n.id = an.person_id
	AND ci.person_id = an.person_id
	AND an.person_id = pi1.person_id
	AND rt.id = ci.role_id
	AND (n.gender in ('m') OR n.gender IS NULL)
	AND (n.name_pcode_nf in ('A5136','B4532','C6435','H4524','J2451','J6362','L2525','M6415','S4125','W5245'))
	AND (ci.note in ('(writer)') OR ci.note IS NULL)
	AND (rt.role in ('actor','cinematographer','writer'))
	AND (it5.id in ('26'))
	
2026-02-06 02:08:42.198 UTC [3091104] AiChaosN@imdbload LOG:  Bao planning selected arm 9, in 257.252000 CPU ms.
2026-02-06 02:08:42.198 UTC [3091104] AiChaosN@imdbload STATEMENT:  SELECT MIN(an.name) AS cool_actor_pseudonym,
	       MIN(t.title) AS series_named_after_char
	FROM aka_name AS an,
	     cast_info AS ci,
	     company_name AS cn,
	     keyword AS k,
	     movie_companies AS mc,
	     movie_keyword AS mk,
	     name AS n,
	     title AS t
	WHERE cn.country_code ='[us]'
	  AND k.keyword ='character-name-in-title'
	  AND t.episode_nr >= 5
	  AND t.episode_nr < 100
	  AND an.person_id = n.id
	  AND n.id = ci.person_id
	  AND ci.movie_id = t.id
	  AND t.id = mk.movie_id
	  AND mk.keyword_id = k.id
	  AND t.id = mc.movie_id
	  AND mc.company_id = cn.id
	  AND an.person_id = ci.person_id
	  AND ci.movie_id = mc.movie_id
	  AND ci.movie_id = mk.movie_id
	  AND mc.movie_id = mk.movie_id;
	
	
2026-02-06 02:09:01.615 UTC [3091460] AiChaosN@imdbload LOG:  Bao planning selected arm 8, in 218.034000 CPU ms.
2026-02-06 02:09:01.615 UTC [3091460] AiChaosN@imdbload STATEMENT:  SELECT MIN(an.name) AS alternative_name,
	       MIN(chn.name) AS voiced_character,
	       MIN(n.name) AS voicing_actress,
	       MIN(t.title) AS american_movie
	FROM aka_name AS an,
	     char_name AS chn,
	     cast_info AS ci,
	     company_name AS cn,
	     movie_companies AS mc,
	     name AS n,
	     role_type AS rt,
	     title AS t
	WHERE ci.note = '(voice)'
	  AND cn.country_code ='[us]'
	  AND mc.note LIKE '%(200%)%'
	  AND (mc.note LIKE '%(USA)%'
	       OR mc.note LIKE '%(worldwide)%')
	  AND n.gender ='f'
	  AND n.name LIKE '%Angel%'
	  AND rt.role ='actress'
	  AND t.production_year BETWEEN 2007 AND 2010
	  AND ci.movie_id = t.id
	  AND t.id = mc.movie_id
	  AND ci.movie_id = mc.movie_id
	  AND mc.company_id = cn.id
	  AND ci.role_id = rt.id
	  AND n.id = ci.person_id
	  AND chn.id = ci.person_role_id
	  AND an.person_id = n.id
	  AND an.person_id = ci.person_id;
	
	
2026-02-06 02:09:18.417 UTC [3091772] AiChaosN@imdbload LOG:  Bao planning selected arm 8, in 155.661000 CPU ms.
2026-02-06 02:09:18.417 UTC [3091772] AiChaosN@imdbload STATEMENT:  SELECT MIN(mc.note) AS production_note,
	       MIN(t.title) AS movie_title,
	       MIN(t.production_year) AS movie_year
	FROM company_type AS ct,
	     info_type AS it,
	     movie_companies AS mc,
	     movie_info_idx AS mi_idx,
	     title AS t
	WHERE ct.kind = 'production companies'
	  AND it.info = 'top 250 rank'
	  AND mc.note NOT LIKE '%(as Metro-Goldwyn-Mayer Pictures)%'
	  AND (mc.note LIKE '%(co-production)%')
	  AND t.production_year >2010
	  AND ct.id = mc.company_type_id
	  AND t.id = mc.movie_id
	  AND t.id = mi_idx.movie_id
	  AND mc.movie_id = mi_idx.movie_id
	  AND it.id = mi_idx.info_type_id;
	
	
2026-02-06 02:09:26.752 UTC [3091974] AiChaosN@imdbload LOG:  Bao planning selected arm 36, in 243.136000 CPU ms.
2026-02-06 02:09:26.752 UTC [3091974] AiChaosN@imdbload STATEMENT:  SELECT MIN(cn.name) AS producing_company,
	       MIN(miidx.info) AS rating,
	       MIN(t.title) AS movie
	FROM company_name AS cn,
	     company_type AS ct,
	     info_type AS it,
	     info_type AS it2,
	     kind_type AS kt,
	     movie_companies AS mc,
	     movie_info AS mi,
	     movie_info_idx AS miidx,
	     title AS t
	WHERE cn.country_code ='[us]'
	  AND ct.kind ='production companies'
	  AND it.info ='rating'
	  AND it2.info ='release dates'
	  AND kt.kind ='movie'
	  AND mi.movie_id = t.id
	  AND it2.id = mi.info_type_id
	  AND kt.id = t.kind_id
	  AND mc.movie_id = t.id
	  AND cn.id = mc.company_id
	  AND ct.id = mc.company_type_id
	  AND miidx.movie_id = t.id
	  AND it.id = miidx.info_type_id
	  AND mi.movie_id = miidx.movie_id
	  AND mi.movie_id = mc.movie_id
	  AND miidx.movie_id = mc.movie_id;
	
	
2026-02-06 02:09:36.314 UTC [3092117] AiChaosN@imdbload LOG:  Bao planning selected arm 9, in 1966.688000 CPU ms.
2026-02-06 02:09:36.314 UTC [3092117] AiChaosN@imdbload STATEMENT:  SELECT MIN(cn.name) AS producing_company,
	       MIN(lt.link) AS link_type,
	       MIN(t.title) AS complete_western_sequel
	FROM complete_cast AS cc,
	     comp_cast_type AS cct1,
	     comp_cast_type AS cct2,
	     company_name AS cn,
	     company_type AS ct,
	     keyword AS k,
	     link_type AS lt,
	     movie_companies AS mc,
	     movie_info AS mi,
	     movie_keyword AS mk,
	     movie_link AS ml,
	     title AS t
	WHERE cct1.kind = 'cast'
	  AND cct2.kind LIKE 'complete%'
	  AND cn.country_code !='[pl]'
	  AND (cn.name LIKE '%Film%'
	       OR cn.name LIKE '%Warner%')
	  AND ct.kind ='production companies'
	  AND k.keyword ='sequel'
	  AND lt.link LIKE '%follow%'
	  AND mc.note IS NULL
	  AND mi.info IN ('Sweden',
	                  'Norway',
	                  'Germany',
	                  'Denmark',
	                  'Swedish',
	                  'Denish',
	                  'Norwegian',
	                  'German',
	                  'English')
	  AND t.production_year BETWEEN 1950 AND 2010
	  AND lt.id = ml.link_type_id
	  AND ml.movie_id = t.id
	  AND t.id = mk.movie_id
	  AND mk.keyword_id = k.id
	  AND t.id = mc.movie_id
	  AND mc.company_type_id = ct.id
	  AND mc.company_id = cn.id
	  AND mi.movie_id = t.id
	  AND t.id = cc.movie_id
	  AND cct1.id = cc.subject_id
	  AND cct2.id = cc.status_id
	  AND ml.movie_id = mk.movie_id
	  AND ml.movie_id = mc.movie_id
	  AND mk.movie_id = mc.movie_id
	  AND ml.movie_id = mi.movie_id
	  AND mk.movie_id = mi.movie_id
	  AND mc.movie_id = mi.movie_id
	  AND ml.movie_id = cc.movie_id
	  AND mk.movie_id = cc.movie_id
	  AND mc.movie_id = cc.movie_id
	  AND mi.movie_id = cc.movie_id;
	
	
2026-02-06 02:09:36.669 UTC [3092172] AiChaosN@imdbload LOG:  Bao planning selected arm 18, in 175.932000 CPU ms.
2026-02-06 02:09:36.669 UTC [3092172] AiChaosN@imdbload STATEMENT:  SELECT MIN(n.name) AS member_in_charnamed_movie,
	       MIN(n.name) AS a1
	FROM cast_info AS ci,
	     company_name AS cn,
	     keyword AS k,
	     movie_companies AS mc,
	     movie_keyword AS mk,
	     name AS n,
	     title AS t
	WHERE k.keyword ='character-name-in-title'
	  AND n.name LIKE 'X%'
	  AND n.id = ci.person_id
	  AND ci.movie_id = t.id
	  AND t.id = mk.movie_id
	  AND mk.keyword_id = k.id
	  AND t.id = mc.movie_id
	  AND mc.company_id = cn.id
	  AND ci.movie_id = mc.movie_id
	  AND ci.movie_id = mk.movie_id
	  AND mc.movie_id = mk.movie_id;
	
	
2026-02-06 02:09:41.755 UTC [3092289] AiChaosN@imdbload LOG:  Bao planning selected arm 44, in 165.807000 CPU ms.
2026-02-06 02:09:41.755 UTC [3092289] AiChaosN@imdbload STATEMENT:  SELECT MIN(an.name) AS costume_designer_pseudo,
	       MIN(t.title) AS movie_with_costumes
	FROM aka_name AS an,
	     cast_info AS ci,
	     company_name AS cn,
	     movie_companies AS mc,
	     name AS n,
	     role_type AS rt,
	     title AS t
	WHERE cn.country_code ='[us]'
	  AND rt.role ='costume designer'
	  AND an.person_id = n.id
	  AND n.id = ci.person_id
	  AND ci.movie_id = t.id
	  AND t.id = mc.movie_id
	  AND mc.company_id = cn.id
	  AND ci.role_id = rt.id
	  AND an.person_id = ci.person_id
	  AND ci.movie_id = mc.movie_id;
	
	
2026-02-06 02:10:13.562 UTC [3092289] AiChaosN@imdbload ERROR:  canceling statement due to statement timeout
2026-02-06 02:10:13.562 UTC [3092289] AiChaosN@imdbload STATEMENT:  SELECT MIN(an.name) AS costume_designer_pseudo,
	       MIN(t.title) AS movie_with_costumes
	FROM aka_name AS an,
	     cast_info AS ci,
	     company_name AS cn,
	     movie_companies AS mc,
	     name AS n,
	     role_type AS rt,
	     title AS t
	WHERE cn.country_code ='[us]'
	  AND rt.role ='costume designer'
	  AND an.person_id = n.id
	  AND n.id = ci.person_id
	  AND ci.movie_id = t.id
	  AND t.id = mc.movie_id
	  AND mc.company_id = cn.id
	  AND ci.role_id = rt.id
	  AND an.person_id = ci.person_id
	  AND ci.movie_id = mc.movie_id;
	
	
2026-02-06 02:10:13.798 UTC [3092819] AiChaosN@imdbload LOG:  Bao planning selected arm 9, in 196.042000 CPU ms.
2026-02-06 02:10:13.798 UTC [3092819] AiChaosN@imdbload STATEMENT:  SELECT MIN(an.name) AS actress_pseudonym,
	       MIN(t.title) AS japanese_movie_dubbed
	FROM aka_name AS an,
	     cast_info AS ci,
	     company_name AS cn,
	     movie_companies AS mc,
	     name AS n,
	     role_type AS rt,
	     title AS t
	WHERE ci.note ='(voice: English version)'
	  AND cn.country_code ='[jp]'
	  AND mc.note LIKE '%(Japan)%'
	  AND mc.note NOT LIKE '%(USA)%'
	  AND n.name LIKE '%Yo%'
	  AND n.name NOT LIKE '%Yu%'
	  AND rt.role ='actress'
	  AND an.person_id = n.id
	  AND n.id = ci.person_id
	  AND ci.movie_id = t.id
	  AND t.id = mc.movie_id
	  AND mc.company_id = cn.id
	  AND ci.role_id = rt.id
	  AND an.person_id = ci.person_id
	  AND ci.movie_id = mc.movie_id;
	
	
2026-02-06 02:10:19.136 UTC [3092919] AiChaosN@imdbload LOG:  Bao planning selected arm 3, in 209.186000 CPU ms.
2026-02-06 02:10:19.136 UTC [3092919] AiChaosN@imdbload STATEMENT:  SELECT MIN(an.name) AS alternative_name,
	       MIN(chn.name) AS character_name,
	       MIN(t.title) AS movie
	FROM aka_name AS an,
	     char_name AS chn,
	     cast_info AS ci,
	     company_name AS cn,
	     movie_companies AS mc,
	     name AS n,
	     role_type AS rt,
	     title AS t
	WHERE ci.note IN ('(voice)',
	                  '(voice: Japanese version)',
	                  '(voice) (uncredited)',
	                  '(voice: English version)')
	  AND cn.country_code ='[us]'
	  AND mc.note IS NOT NULL
	  AND (mc.note LIKE '%(USA)%'
	       OR mc.note LIKE '%(worldwide)%')
	  AND n.gender ='f'
	  AND n.name LIKE '%Ang%'
	  AND rt.role ='actress'
	  AND t.production_year BETWEEN 2005 AND 2015
	  AND ci.movie_id = t.id
	  AND t.id = mc.movie_id
	  AND ci.movie_id = mc.movie_id
	  AND mc.company_id = cn.id
	  AND ci.role_id = rt.id
	  AND n.id = ci.person_id
	  AND chn.id = ci.person_role_id
	  AND an.person_id = n.id
	  AND an.person_id = ci.person_id;
	
	
2026-02-06 02:10:20.497 UTC [3092955] AiChaosN@imdbload LOG:  Bao planning selected arm 18, in 208.282000 CPU ms.
2026-02-06 02:10:20.497 UTC [3092955] AiChaosN@imdbload STATEMENT:  SELECT MIN(an.name) AS cool_actor_pseudonym,
	       MIN(t.title) AS series_named_after_char
	FROM aka_name AS an,
	     cast_info AS ci,
	     company_name AS cn,
	     keyword AS k,
	     movie_companies AS mc,
	     movie_keyword AS mk,
	     name AS n,
	     title AS t
	WHERE cn.country_code ='[us]'
	  AND k.keyword ='character-name-in-title'
	  AND t.episode_nr >= 50
	  AND t.episode_nr < 100
	  AND an.person_id = n.id
	  AND n.id = ci.person_id
	  AND ci.movie_id = t.id
	  AND t.id = mk.movie_id
	  AND mk.keyword_id = k.id
	  AND t.id = mc.movie_id
	  AND mc.company_id = cn.id
	  AND an.person_id = ci.person_id
	  AND ci.movie_id = mc.movie_id
	  AND ci.movie_id = mk.movie_id
	  AND mc.movie_id = mk.movie_id;
	
	
2026-02-06 02:10:21.263 UTC [3092966] AiChaosN@imdbload LOG:  Bao planning selected arm 34, in 129.779000 CPU ms.
2026-02-06 02:10:21.263 UTC [3092966] AiChaosN@imdbload STATEMENT:  SELECT MIN(mc.note) AS production_note,
	       MIN(t.title) AS movie_title,
	       MIN(t.production_year) AS movie_year
	FROM company_type AS ct,
	     info_type AS it,
	     movie_companies AS mc,
	     movie_info_idx AS mi_idx,
	     title AS t
	WHERE ct.kind = 'production companies'
	  AND it.info = 'bottom 10 rank'
	  AND mc.note NOT LIKE '%(as Metro-Goldwyn-Mayer Pictures)%'
	  AND t.production_year >2000
	  AND ct.id = mc.company_type_id
	  AND t.id = mc.movie_id
	  AND t.id = mi_idx.movie_id
	  AND mc.movie_id = mi_idx.movie_id
	  AND it.id = mi_idx.info_type_id;
	
	
2026-02-06 02:10:24.475 UTC [3093010] AiChaosN@imdbload LOG:  Bao planning selected arm 9, in 1699.851000 CPU ms.
2026-02-06 02:10:24.475 UTC [3093010] AiChaosN@imdbload STATEMENT:  SELECT MIN(mi.info) AS movie_budget,
	       MIN(mi_idx.info) AS movie_votes,
	       MIN(n.name) AS writer,
	       MIN(t.title) AS complete_violent_movie
	FROM complete_cast AS cc,
	     comp_cast_type AS cct1,
	     comp_cast_type AS cct2,
	     cast_info AS ci,
	     info_type AS it1,
	     info_type AS it2,
	     keyword AS k,
	     movie_info AS mi,
	     movie_info_idx AS mi_idx,
	     movie_keyword AS mk,
	     name AS n,
	     title AS t
	WHERE cct1.kind IN ('cast',
	                    'crew')
	  AND cct2.kind ='complete+verified'
	  AND ci.note IN ('(writer)',
	                  '(head writer)',
	                  '(written by)',
	                  '(story)',
	                  '(story editor)')
	  AND it1.info = 'genres'
	  AND it2.info = 'votes'
	  AND k.keyword IN ('murder',
	                    'violence',
	                    'blood',
	                    'gore',
	                    'death',
	                    'female-nudity',
	                    'hospital')
	  AND mi.info IN ('Horror',
	                  'Thriller')
	  AND n.gender = 'm'
	  AND t.production_year > 2000
	  AND t.id = mi.movie_id
	  AND t.id = mi_idx.movie_id
	  AND t.id = ci.movie_id
	  AND t.id = mk.movie_id
	  AND t.id = cc.movie_id
	  AND ci.movie_id = mi.movie_id
	  AND ci.movie_id = mi_idx.movie_id
	  AND ci.movie_id = mk.movie_id
	  AND ci.movie_id = cc.movie_id
	  AND mi.movie_id = mi_idx.movie_id
	  AND mi.movie_id = mk.movie_id
	  AND mi.movie_id = cc.movie_id
	  AND mi_idx.movie_id = mk.movie_id
	  AND mi_idx.movie_id = cc.movie_id
	  AND mk.movie_id = cc.movie_id
	  AND n.id = ci.person_id
	  AND it1.id = mi.info_type_id
	  AND it2.id = mi_idx.info_type_id
	  AND k.id = mk.keyword_id
	  AND cct1.id = cc.subject_id
	  AND cct2.id = cc.status_id;
	
	
2026-02-06 02:10:26.982 UTC [3093091] AiChaosN@imdbload LOG:  Bao planning selected arm 3, in 203.226000 CPU ms.
2026-02-06 02:10:26.982 UTC [3093091] AiChaosN@imdbload STATEMENT:  SELECT MIN(mi.info) AS budget,
	       MIN(t.title) AS unsuccsessful_movie
	FROM company_name AS cn,
	     company_type AS ct,
	     info_type AS it1,
	     info_type AS it2,
	     movie_companies AS mc,
	     movie_info AS mi,
	     movie_info_idx AS mi_idx,
	     title AS t
	WHERE cn.country_code ='[us]'
	  AND ct.kind IS NOT NULL
	  AND (ct.kind ='production companies'
	       OR ct.kind = 'distributors')
	  AND it1.info ='budget'
	  AND it2.info ='bottom 10 rank'
	  AND t.production_year >2000
	  AND (t.title LIKE 'Birdemic%'
	       OR t.title LIKE '%Movie%')
	  AND t.id = mi.movie_id
	  AND t.id = mi_idx.movie_id
	  AND mi.info_type_id = it1.id
	  AND mi_idx.info_type_id = it2.id
	  AND t.id = mc.movie_id
	  AND ct.id = mc.company_type_id
	  AND cn.id = mc.company_id
	  AND mc.movie_id = mi.movie_id
	  AND mc.movie_id = mi_idx.movie_id
	  AND mi.movie_id = mi_idx.movie_id;
	
	
2026-02-06 02:10:33.083 UTC [3093235] AiChaosN@imdbload LOG:  Bao planning selected arm 44, in 133.728000 CPU ms.
2026-02-06 02:10:33.083 UTC [3093235] AiChaosN@imdbload STATEMENT:  SELECT MIN(t.title) AS american_movie
	FROM company_type AS ct,
	     info_type AS it,
	     movie_companies AS mc,
	     movie_info AS mi,
	     title AS t
	WHERE ct.kind = 'production companies'
	  AND mc.note NOT LIKE '%(TV)%'
	  AND mc.note LIKE '%(USA)%'
	  AND mi.info IN ('Sweden',
	                  'Norway',
	                  'Germany',
	                  'Denmark',
	                  'Swedish',
	                  'Denish',
	                  'Norwegian',
	                  'German',
	                  'USA',
	                  'American')
	  AND t.production_year > 1990
	  AND t.id = mi.movie_id
	  AND t.id = mc.movie_id
	  AND mc.movie_id = mi.movie_id
	  AND ct.id = mc.company_type_id
	  AND it.id = mi.info_type_id;
	
	
2026-02-06 02:10:33.605 UTC [3093247] AiChaosN@imdbload LOG:  Bao planning selected arm 35, in 305.111000 CPU ms.
2026-02-06 02:10:33.605 UTC [3093247] AiChaosN@imdbload STATEMENT:  SELECT MIN(mi.info) AS movie_budget,
	       MIN(mi_idx.info) AS movie_votes,
	       MIN(n.name) AS male_writer,
	       MIN(t.title) AS violent_movie_title
	FROM cast_info AS ci,
	     info_type AS it1,
	     info_type AS it2,
	     keyword AS k,
	     movie_info AS mi,
	     movie_info_idx AS mi_idx,
	     movie_keyword AS mk,
	     name AS n,
	     title AS t
	WHERE ci.note IN ('(writer)',
	                  '(head writer)',
	                  '(written by)',
	                  '(story)',
	                  '(story editor)')
	  AND it1.info = 'genres'
	  AND it2.info = 'votes'
	  AND k.keyword IN ('murder',
	                    'blood',
	                    'gore',
	                    'death',
	                    'female-nudity')
	  AND mi.info = 'Horror'
	  AND n.gender = 'm'
	  AND t.production_year > 2010
	  AND t.title LIKE 'Vampire%'
	  AND t.id = mi.movie_id
	  AND t.id = mi_idx.movie_id
	  AND t.id = ci.movie_id
	  AND t.id = mk.movie_id
	  AND ci.movie_id = mi.movie_id
	  AND ci.movie_id = mi_idx.movie_id
	  AND ci.movie_id = mk.movie_id
	  AND mi.movie_id = mi_idx.movie_id
	  AND mi.movie_id = mk.movie_id
	  AND mi_idx.movie_id = mk.movie_id
	  AND n.id = ci.person_id
	  AND it1.id = mi.info_type_id
	  AND it2.id = mi_idx.info_type_id
	  AND k.id = mk.keyword_id;
	
	
2026-02-06 02:11:05.270 UTC [3093247] AiChaosN@imdbload ERROR:  canceling statement due to statement timeout
2026-02-06 02:11:05.270 UTC [3093247] AiChaosN@imdbload STATEMENT:  SELECT MIN(mi.info) AS movie_budget,
	       MIN(mi_idx.info) AS movie_votes,
	       MIN(n.name) AS male_writer,
	       MIN(t.title) AS violent_movie_title
	FROM cast_info AS ci,
	     info_type AS it1,
	     info_type AS it2,
	     keyword AS k,
	     movie_info AS mi,
	     movie_info_idx AS mi_idx,
	     movie_keyword AS mk,
	     name AS n,
	     title AS t
	WHERE ci.note IN ('(writer)',
	                  '(head writer)',
	                  '(written by)',
	                  '(story)',
	                  '(story editor)')
	  AND it1.info = 'genres'
	  AND it2.info = 'votes'
	  AND k.keyword IN ('murder',
	                    'blood',
	                    'gore',
	                    'death',
	                    'female-nudity')
	  AND mi.info = 'Horror'
	  AND n.gender = 'm'
	  AND t.production_year > 2010
	  AND t.title LIKE 'Vampire%'
	  AND t.id = mi.movie_id
	  AND t.id = mi_idx.movie_id
	  AND t.id = ci.movie_id
	  AND t.id = mk.movie_id
	  AND ci.movie_id = mi.movie_id
	  AND ci.movie_id = mi_idx.movie_id
	  AND ci.movie_id = mk.movie_id
	  AND mi.movie_id = mi_idx.movie_id
	  AND mi.movie_id = mk.movie_id
	  AND mi_idx.movie_id = mk.movie_id
	  AND n.id = ci.person_id
	  AND it1.id = mi.info_type_id
	  AND it2.id = mi_idx.info_type_id
	  AND k.id = mk.keyword_id;
	
	
2026-02-06 02:11:07.035 UTC [3093783] AiChaosN@imdbload LOG:  Bao planning selected arm 36, in 1718.908000 CPU ms.
2026-02-06 02:11:07.035 UTC [3093783] AiChaosN@imdbload STATEMENT:  SELECT MIN(chn.name) AS voiced_char_name,
	       MIN(n.name) AS voicing_actress_name,
	       MIN(t.title) AS kung_fu_panda
	FROM aka_name AS an,
	     char_name AS chn,
	     cast_info AS ci,
	     company_name AS cn,
	     info_type AS it,
	     keyword AS k,
	     movie_companies AS mc,
	     movie_info AS mi,
	     movie_keyword AS mk,
	     name AS n,
	     role_type AS rt,
	     title AS t
	WHERE ci.note IN ('(voice)',
	                  '(voice: Japanese version)',
	                  '(voice) (uncredited)',
	                  '(voice: English version)')
	  AND cn.country_code ='[us]'
	  AND cn.name = 'DreamWorks Animation'
	  AND it.info = 'release dates'
	  AND k.keyword IN ('hero',
	                    'martial-arts',
	                    'hand-to-hand-combat',
	                    'computer-animated-movie')
	  AND mi.info IS NOT NULL
	  AND (mi.info LIKE 'Japan:%201%'
	       OR mi.info LIKE 'USA:%201%')
	  AND n.gender ='f'
	  AND n.name LIKE '%An%'
	  AND rt.role ='actress'
	  AND t.production_year > 2010
	  AND t.title LIKE 'Kung Fu Panda%'
	  AND t.id = mi.movie_id
	  AND t.id = mc.movie_id
	  AND t.id = ci.movie_id
	  AND t.id = mk.movie_id
	  AND mc.movie_id = ci.movie_id
	  AND mc.movie_id = mi.movie_id
	  AND mc.movie_id = mk.movie_id
	  AND mi.movie_id = ci.movie_id
	  AND mi.movie_id = mk.movie_id
	  AND ci.movie_id = mk.movie_id
	  AND cn.id = mc.company_id
	  AND it.id = mi.info_type_id
	  AND n.id = ci.person_id
	  AND rt.id = ci.role_id
	  AND n.id = an.person_id
	  AND ci.person_id = an.person_id
	  AND chn.id = ci.person_role_id
	  AND k.id = mk.keyword_id;
	
	
2026-02-06 02:11:15.110 UTC [3093962] AiChaosN@imdbload LOG:  Bao planning selected arm 3, in 144.520000 CPU ms.
2026-02-06 02:11:15.110 UTC [3093962] AiChaosN@imdbload STATEMENT:  SELECT MIN(k.keyword) AS movie_keyword,
	       MIN(n.name) AS actor_name,
	       MIN(t.title) AS marvel_movie
	FROM cast_info AS ci,
	     keyword AS k,
	     movie_keyword AS mk,
	     name AS n,
	     title AS t
	WHERE k.keyword = 'marvel-cinematic-universe'
	  AND n.name LIKE '%Downey%Robert%'
	  AND t.production_year > 2010
	  AND k.id = mk.keyword_id
	  AND t.id = mk.movie_id
	  AND t.id = ci.movie_id
	  AND ci.movie_id = mk.movie_id
	  AND n.id = ci.person_id;
	
	
2026-02-06 02:11:15.533 UTC [3093966] AiChaosN@imdbload LOG:  Bao planning selected arm 36, in 321.948000 CPU ms.
2026-02-06 02:11:15.533 UTC [3093966] AiChaosN@imdbload STATEMENT:  SELECT MIN(cn.name) AS company_name,
	       MIN(lt.link) AS link_type,
	       MIN(t.title) AS german_follow_up
	FROM company_name AS cn,
	     company_type AS ct,
	     keyword AS k,
	     link_type AS lt,
	     movie_companies AS mc,
	     movie_info AS mi,
	     movie_keyword AS mk,
	     movie_link AS ml,
	     title AS t
	WHERE cn.country_code !='[pl]'
	  AND (cn.name LIKE '%Film%'
	       OR cn.name LIKE '%Warner%')
	  AND ct.kind ='production companies'
	  AND k.keyword ='sequel'
	  AND lt.link LIKE '%follow%'
	  AND mc.note IS NULL
	  AND mi.info IN ('Germany',
	                  'German')
	  AND t.production_year BETWEEN 2000 AND 2010
	  AND lt.id = ml.link_type_id
	  AND ml.movie_id = t.id
	  AND t.id = mk.movie_id
	  AND mk.keyword_id = k.id
	  AND t.id = mc.movie_id
	  AND mc.company_type_id = ct.id
	  AND mc.company_id = cn.id
	  AND mi.movie_id = t.id
	  AND ml.movie_id = mk.movie_id
	  AND ml.movie_id = mc.movie_id
	  AND mk.movie_id = mc.movie_id
	  AND ml.movie_id = mi.movie_id
	  AND mk.movie_id = mi.movie_id
	  AND mc.movie_id = mi.movie_id;
	
	
2026-02-06 02:11:19.674 UTC [3094043] AiChaosN@imdbload LOG:  Bao planning selected arm 36, in 1184.310000 CPU ms.
2026-02-06 02:11:19.674 UTC [3094043] AiChaosN@imdbload STATEMENT:  SELECT MIN(chn.name) AS character_name,
	       MIN(mi_idx.info) AS rating,
	       MIN(n.name) AS playing_actor,
	       MIN(t.title) AS complete_hero_movie
	FROM complete_cast AS cc,
	     comp_cast_type AS cct1,
	     comp_cast_type AS cct2,
	     char_name AS chn,
	     cast_info AS ci,
	     info_type AS it2,
	     keyword AS k,
	     kind_type AS kt,
	     movie_info_idx AS mi_idx,
	     movie_keyword AS mk,
	     name AS n,
	     title AS t
	WHERE cct1.kind = 'cast'
	  AND cct2.kind LIKE '%complete%'
	  AND chn.name IS NOT NULL
	  AND (chn.name LIKE '%man%'
	       OR chn.name LIKE '%Man%')
	  AND it2.info = 'rating'
	  AND k.keyword IN ('superhero',
	                    'marvel-comics',
	                    'based-on-comic',
	                    'tv-special',
	                    'fight',
	                    'violence',
	                    'magnet',
	                    'web',
	                    'claw',
	                    'laser')
	  AND kt.kind = 'movie'
	  AND mi_idx.info > '7.0'
	  AND t.production_year > 2000
	  AND kt.id = t.kind_id
	  AND t.id = mk.movie_id
	  AND t.id = ci.movie_id
	  AND t.id = cc.movie_id
	  AND t.id = mi_idx.movie_id
	  AND mk.movie_id = ci.movie_id
	  AND mk.movie_id = cc.movie_id
	  AND mk.movie_id = mi_idx.movie_id
	  AND ci.movie_id = cc.movie_id
	  AND ci.movie_id = mi_idx.movie_id
	  AND cc.movie_id = mi_idx.movie_id
	  AND chn.id = ci.person_role_id
	  AND n.id = ci.person_id
	  AND k.id = mk.keyword_id
	  AND cct1.id = cc.subject_id
	  AND cct2.id = cc.status_id
	  AND it2.id = mi_idx.info_type_id;
	
	
2026-02-06 02:11:37.746 UTC [3094363] AiChaosN@imdbload LOG:  Bao planning selected arm 36, in 163.449000 CPU ms.
2026-02-06 02:11:37.746 UTC [3094363] AiChaosN@imdbload STATEMENT:  SELECT MIN(chn.name) AS character,
	       MIN(t.title) AS russian_mov_with_actor_producer
	FROM char_name AS chn,
	     cast_info AS ci,
	     company_name AS cn,
	     company_type AS ct,
	     movie_companies AS mc,
	     role_type AS rt,
	     title AS t
	WHERE ci.note LIKE '%(producer)%'
	  AND cn.country_code = '[ru]'
	  AND rt.role = 'actor'
	  AND t.production_year > 2010
	  AND t.id = mc.movie_id
	  AND t.id = ci.movie_id
	  AND ci.movie_id = mc.movie_id
	  AND chn.id = ci.person_role_id
	  AND rt.id = ci.role_id
	  AND cn.id = mc.company_id
	  AND ct.id = mc.company_type_id;
	
	
2026-02-06 02:11:42.872 UTC [3094483] AiChaosN@imdbload LOG:  Bao planning selected arm 9, in 353.869000 CPU ms.
2026-02-06 02:11:42.872 UTC [3094483] AiChaosN@imdbload STATEMENT:  SELECT MIN(mi.info) AS movie_budget,
	       MIN(mi_idx.info) AS movie_votes,
	       MIN(n.name) AS male_writer,
	       MIN(t.title) AS violent_movie_title
	FROM cast_info AS ci,
	     info_type AS it1,
	     info_type AS it2,
	     keyword AS k,
	     movie_info AS mi,
	     movie_info_idx AS mi_idx,
	     movie_keyword AS mk,
	     name AS n,
	     title AS t
	WHERE ci.note IN ('(writer)',
	                  '(head writer)',
	                  '(written by)',
	                  '(story)',
	                  '(story editor)')
	  AND it1.info = 'genres'
	  AND it2.info = 'votes'
	  AND k.keyword IN ('murder',
	                    'blood',
	                    'gore',
	                    'death',
	                    'female-nudity')
	  AND mi.info = 'Horror'
	  AND n.gender = 'm'
	  AND t.id = mi.movie_id
	  AND t.id = mi_idx.movie_id
	  AND t.id = ci.movie_id
	  AND t.id = mk.movie_id
	  AND ci.movie_id = mi.movie_id
	  AND ci.movie_id = mi_idx.movie_id
	  AND ci.movie_id = mk.movie_id
	  AND mi.movie_id = mi_idx.movie_id
	  AND mi.movie_id = mk.movie_id
	  AND mi_idx.movie_id = mk.movie_id
	  AND n.id = ci.person_id
	  AND it1.id = mi.info_type_id
	  AND it2.id = mi_idx.info_type_id
	  AND k.id = mk.keyword_id;
	
	
2026-02-06 02:12:18.237 UTC [3094553] AiChaosN@imdbload ERROR:  canceling statement due to statement timeout
2026-02-06 02:12:18.237 UTC [3094553] AiChaosN@imdbload STATEMENT:  SELECT MIN(chn.name) AS voiced_char,
	       MIN(n.name) AS voicing_actress,
	       MIN(t.title) AS voiced_animation
	FROM aka_name AS an,
	     complete_cast AS cc,
	     comp_cast_type AS cct1,
	     comp_cast_type AS cct2,
	     char_name AS chn,
	     cast_info AS ci,
	     company_name AS cn,
	     info_type AS it,
	     info_type AS it3,
	     keyword AS k,
	     movie_companies AS mc,
	     movie_info AS mi,
	     movie_keyword AS mk,
	     name AS n,
	     person_info AS pi1,
	     role_type AS rt,
	     title AS t
	WHERE cct1.kind ='cast'
	  AND cct2.kind ='complete+verified'
	  AND chn.name = 'Queen'
	  AND ci.note IN ('(voice)',
	                  '(voice) (uncredited)',
	                  '(voice: English version)')
	  AND cn.country_code ='[us]'
	  AND it.info = 'release dates'
	  AND it3.info = 'trivia'
	  AND k.keyword = 'computer-animation'
	  AND mi.info IS NOT NULL
	  AND (mi.info LIKE 'Japan:%200%'
	       OR mi.info LIKE 'USA:%200%')
	  AND n.gender ='f'
	  AND n.name LIKE '%An%'
	  AND rt.role ='actress'
	  AND t.title = 'Shrek 2'
	  AND t.production_year BETWEEN 2000 AND 2010
	  AND t.id = mi.movie_id
	  AND t.id = mc.movie_id
	  AND t.id = ci.movie_id
	  AND t.id = mk.movie_id
	  AND t.id = cc.movie_id
	  AND mc.movie_id = ci.movie_id
	  AND mc.movie_id = mi.movie_id
	  AND mc.movie_id = mk.movie_id
	  AND mc.movie_id = cc.movie_id
	  AND mi.movie_id = ci.movie_id
	  AND mi.movie_id = mk.movie_id
	  AND mi.movie_id = cc.movie_id
	  AND ci.movie_id = mk.movie_id
	  AND ci.movie_id = cc.movie_id
	  AND mk.movie_id = cc.movie_id
	  AND cn.id = mc.company_id
	  AND it.id = mi.info_type_id
	  AND n.id = ci.person_id
	  AND rt.id = ci.role_id
	  AND n.id = an.person_id
	  AND ci.person_id = an.person_id
	  AND chn.id = ci.person_role_id
	  AND n.id = pi1.person_id
	  AND ci.person_id = pi1.person_id
	  AND it3.id = pi1.info_type_id
	  AND k.id = mk.keyword_id
	  AND cct1.id = cc.subject_id
	  AND cct2.id = cc.status_id;
	
	
2026-02-06 02:12:19.211 UTC [3095272] AiChaosN@imdbload LOG:  Bao planning selected arm 35, in 289.195000 CPU ms.
2026-02-06 02:12:19.211 UTC [3095272] AiChaosN@imdbload STATEMENT:  SELECT MIN(k.keyword) AS movie_keyword,
	       MIN(n.name) AS actor_name,
	       MIN(t.title) AS hero_movie
	FROM cast_info AS ci,
	     keyword AS k,
	     movie_keyword AS mk,
	     name AS n,
	     title AS t
	WHERE k.keyword IN ('superhero',
	                    'sequel',
	                    'second-part',
	                    'marvel-comics',
	                    'based-on-comic',
	                    'tv-special',
	                    'fight',
	                    'violence')
	  AND n.name LIKE '%Downey%Robert%'
	  AND t.production_year > 2014
	  AND k.id = mk.keyword_id
	  AND t.id = mk.movie_id
	  AND t.id = ci.movie_id
	  AND ci.movie_id = mk.movie_id
	  AND n.id = ci.person_id;
	
	
2026-02-06 02:12:50.728 UTC [3095272] AiChaosN@imdbload ERROR:  canceling statement due to statement timeout
2026-02-06 02:12:50.728 UTC [3095272] AiChaosN@imdbload STATEMENT:  SELECT MIN(k.keyword) AS movie_keyword,
	       MIN(n.name) AS actor_name,
	       MIN(t.title) AS hero_movie
	FROM cast_info AS ci,
	     keyword AS k,
	     movie_keyword AS mk,
	     name AS n,
	     title AS t
	WHERE k.keyword IN ('superhero',
	                    'sequel',
	                    'second-part',
	                    'marvel-comics',
	                    'based-on-comic',
	                    'tv-special',
	                    'fight',
	                    'violence')
	  AND n.name LIKE '%Downey%Robert%'
	  AND t.production_year > 2014
	  AND k.id = mk.keyword_id
	  AND t.id = mk.movie_id
	  AND t.id = ci.movie_id
	  AND ci.movie_id = mk.movie_id
	  AND n.id = ci.person_id;
	
	
2026-02-06 02:12:58.750 UTC [3096181] AiChaosN@imdbload LOG:  Bao planning selected arm 9, in 173.219000 CPU ms.
2026-02-06 02:12:58.750 UTC [3096181] AiChaosN@imdbload STATEMENT:  SELECT MIN(mi.info) AS movie_budget,
	       MIN(mi_idx.info) AS movie_votes,
	       MIN(t.title) AS movie_title
	FROM cast_info AS ci,
	     info_type AS it1,
	     info_type AS it2,
	     movie_info AS mi,
	     movie_info_idx AS mi_idx,
	     name AS n,
	     title AS t
	WHERE ci.note IN ('(producer)',
	                  '(executive producer)')
	  AND it1.info = 'budget'
	  AND it2.info = 'votes'
	  AND n.gender = 'm'
	  AND n.name LIKE '%Tim%'
	  AND t.id = mi.movie_id
	  AND t.id = mi_idx.movie_id
	  AND t.id = ci.movie_id
	  AND ci.movie_id = mi.movie_id
	  AND ci.movie_id = mi_idx.movie_id
	  AND mi.movie_id = mi_idx.movie_id
	  AND n.id = ci.person_id
	  AND it1.id = mi.info_type_id
	  AND it2.id = mi_idx.info_type_id;
	
	
2026-02-06 02:13:30.538 UTC [3096181] AiChaosN@imdbload ERROR:  canceling statement due to statement timeout
2026-02-06 02:13:30.538 UTC [3096181] AiChaosN@imdbload STATEMENT:  SELECT MIN(mi.info) AS movie_budget,
	       MIN(mi_idx.info) AS movie_votes,
	       MIN(t.title) AS movie_title
	FROM cast_info AS ci,
	     info_type AS it1,
	     info_type AS it2,
	     movie_info AS mi,
	     movie_info_idx AS mi_idx,
	     name AS n,
	     title AS t
	WHERE ci.note IN ('(producer)',
	                  '(executive producer)')
	  AND it1.info = 'budget'
	  AND it2.info = 'votes'
	  AND n.gender = 'm'
	  AND n.name LIKE '%Tim%'
	  AND t.id = mi.movie_id
	  AND t.id = mi_idx.movie_id
	  AND t.id = ci.movie_id
	  AND ci.movie_id = mi.movie_id
	  AND ci.movie_id = mi_idx.movie_id
	  AND mi.movie_id = mi_idx.movie_id
	  AND n.id = ci.person_id
	  AND it1.id = mi.info_type_id
	  AND it2.id = mi_idx.info_type_id;
	
	
2026-02-06 02:13:30.818 UTC [3096717] AiChaosN@imdbload LOG:  Bao planning selected arm 37, in 218.018000 CPU ms.
2026-02-06 02:13:30.818 UTC [3096717] AiChaosN@imdbload STATEMENT:  SELECT MIN(n.name) AS cast_member_name,
	       MIN(pi1.info) AS cast_member_info
	FROM aka_name AS an,
	     cast_info AS ci,
	     info_type AS it,
	     link_type AS lt,
	     movie_link AS ml,
	     name AS n,
	     person_info AS pi1,
	     title AS t
	WHERE an.name IS NOT NULL
	  AND (an.name LIKE '%a%'
	       OR an.name LIKE 'A%')
	  AND it.info ='mini biography'
	  AND lt.link IN ('references',
	                  'referenced in',
	                  'features',
	                  'featured in')
	  AND n.name_pcode_cf BETWEEN 'A' AND 'F'
	  AND (n.gender='m'
	       OR (n.gender = 'f'
	           AND n.name LIKE 'A%'))
	  AND pi1.note IS NOT NULL
	  AND t.production_year BETWEEN 1980 AND 2010
	  AND n.id = an.person_id
	  AND n.id = pi1.person_id
	  AND ci.person_id = n.id
	  AND t.id = ci.movie_id
	  AND ml.linked_movie_id = t.id
	  AND lt.id = ml.link_type_id
	  AND it.id = pi1.info_type_id
	  AND pi1.person_id = an.person_id
	  AND pi1.person_id = ci.person_id
	  AND an.person_id = ci.person_id
	  AND ci.movie_id = ml.linked_movie_id;
	
	
2026-02-06 02:14:02.561 UTC [3096717] AiChaosN@imdbload ERROR:  canceling statement due to statement timeout
2026-02-06 02:14:02.561 UTC [3096717] AiChaosN@imdbload STATEMENT:  SELECT MIN(n.name) AS cast_member_name,
	       MIN(pi1.info) AS cast_member_info
	FROM aka_name AS an,
	     cast_info AS ci,
	     info_type AS it,
	     link_type AS lt,
	     movie_link AS ml,
	     name AS n,
	     person_info AS pi1,
	     title AS t
	WHERE an.name IS NOT NULL
	  AND (an.name LIKE '%a%'
	       OR an.name LIKE 'A%')
	  AND it.info ='mini biography'
	  AND lt.link IN ('references',
	                  'referenced in',
	                  'features',
	                  'featured in')
	  AND n.name_pcode_cf BETWEEN 'A' AND 'F'
	  AND (n.gender='m'
	       OR (n.gender = 'f'
	           AND n.name LIKE 'A%'))
	  AND pi1.note IS NOT NULL
	  AND t.production_year BETWEEN 1980 AND 2010
	  AND n.id = an.person_id
	  AND n.id = pi1.person_id
	  AND ci.person_id = n.id
	  AND t.id = ci.movie_id
	  AND ml.linked_movie_id = t.id
	  AND lt.id = ml.link_type_id
	  AND it.id = pi1.info_type_id
	  AND pi1.person_id = an.person_id
	  AND pi1.person_id = ci.person_id
	  AND an.person_id = ci.person_id
	  AND ci.movie_id = ml.linked_movie_id;
	
	
2026-02-06 02:14:02.957 UTC [3097264] AiChaosN@imdbload LOG:  Bao planning selected arm 17, in 337.891000 CPU ms.
2026-02-06 02:14:02.957 UTC [3097264] AiChaosN@imdbload STATEMENT:  SELECT MIN(mi.info) AS release_date,
	       MIN(t.title) AS internet_movie
	FROM aka_title AS aka_t,
	     company_name AS cn,
	     company_type AS ct,
	     info_type AS it1,
	     keyword AS k,
	     movie_companies AS mc,
	     movie_info AS mi,
	     movie_keyword AS mk,
	     title AS t
	WHERE cn.country_code = '[us]'
	  AND it1.info = 'release dates'
	  AND mc.note LIKE '%(200%)%'
	  AND mc.note LIKE '%(worldwide)%'
	  AND mi.note LIKE '%internet%'
	  AND mi.info LIKE 'USA:% 200%'
	  AND t.production_year > 2000
	  AND t.id = aka_t.movie_id
	  AND t.id = mi.movie_id
	  AND t.id = mk.movie_id
	  AND t.id = mc.movie_id
	  AND mk.movie_id = mi.movie_id
	  AND mk.movie_id = mc.movie_id
	  AND mk.movie_id = aka_t.movie_id
	  AND mi.movie_id = mc.movie_id
	  AND mi.movie_id = aka_t.movie_id
	  AND mc.movie_id = aka_t.movie_id
	  AND k.id = mk.keyword_id
	  AND it1.id = mi.info_type_id
	  AND cn.id = mc.company_id
	  AND ct.id = mc.company_type_id;
	
2026-02-06 02:14:05.024 UTC [3097325] AiChaosN@imdbload LOG:  Bao planning selected arm 37, in 134.331000 CPU ms.
2026-02-06 02:14:05.024 UTC [3097325] AiChaosN@imdbload STATEMENT:  SELECT MIN(t.title) AS movie_title
	FROM company_name AS cn,
	     keyword AS k,
	     movie_companies AS mc,
	     movie_keyword AS mk,
	     title AS t
	WHERE cn.country_code ='[us]'
	  AND k.keyword ='character-name-in-title'
	  AND cn.id = mc.company_id
	  AND mc.movie_id = t.id
	  AND t.id = mk.movie_id
	  AND mk.keyword_id = k.id
	  AND mc.movie_id = mk.movie_id;
	
	
2026-02-06 02:14:36.866 UTC [3097325] AiChaosN@imdbload ERROR:  canceling statement due to statement timeout
2026-02-06 02:14:36.866 UTC [3097325] AiChaosN@imdbload STATEMENT:  SELECT MIN(t.title) AS movie_title
	FROM company_name AS cn,
	     keyword AS k,
	     movie_companies AS mc,
	     movie_keyword AS mk,
	     title AS t
	WHERE cn.country_code ='[us]'
	  AND k.keyword ='character-name-in-title'
	  AND cn.id = mc.company_id
	  AND mc.movie_id = t.id
	  AND t.id = mk.movie_id
	  AND mk.keyword_id = k.id
	  AND mc.movie_id = mk.movie_id;
	
	
2026-02-06 02:14:37.433 UTC [3097897] AiChaosN@imdbload LOG:  Bao planning selected arm 35, in 512.898000 CPU ms.
2026-02-06 02:14:37.433 UTC [3097897] AiChaosN@imdbload STATEMENT:  SELECT MIN(n.name) AS voicing_actress,
	       MIN(t.title) AS kung_fu_panda
	FROM aka_name AS an,
	     char_name AS chn,
	     cast_info AS ci,
	     company_name AS cn,
	     info_type AS it,
	     movie_companies AS mc,
	     movie_info AS mi,
	     name AS n,
	     role_type AS rt,
	     title AS t
	WHERE ci.note = '(voice)'
	  AND cn.country_code ='[us]'
	  AND it.info = 'release dates'
	  AND mc.note LIKE '%(200%)%'
	  AND (mc.note LIKE '%(USA)%'
	       OR mc.note LIKE '%(worldwide)%')
	  AND mi.info IS NOT NULL
	  AND (mi.info LIKE 'Japan:%2007%'
	       OR mi.info LIKE 'USA:%2008%')
	  AND n.gender ='f'
	  AND n.name LIKE '%Angel%'
	  AND rt.role ='actress'
	  AND t.production_year BETWEEN 2007 AND 2008
	  AND t.title LIKE '%Kung%Fu%Panda%'
	  AND t.id = mi.movie_id
	  AND t.id = mc.movie_id
	  AND t.id = ci.movie_id
	  AND mc.movie_id = ci.movie_id
	  AND mc.movie_id = mi.movie_id
	  AND mi.movie_id = ci.movie_id
	  AND cn.id = mc.company_id
	  AND it.id = mi.info_type_id
	  AND n.id = ci.person_id
	  AND rt.id = ci.role_id
	  AND n.id = an.person_id
	  AND ci.person_id = an.person_id
	  AND chn.id = ci.person_role_id;
	
	
2026-02-06 02:15:08.877 UTC [3097897] AiChaosN@imdbload ERROR:  canceling statement due to statement timeout
2026-02-06 02:15:08.877 UTC [3097897] AiChaosN@imdbload STATEMENT:  SELECT MIN(n.name) AS voicing_actress,
	       MIN(t.title) AS kung_fu_panda
	FROM aka_name AS an,
	     char_name AS chn,
	     cast_info AS ci,
	     company_name AS cn,
	     info_type AS it,
	     movie_companies AS mc,
	     movie_info AS mi,
	     name AS n,
	     role_type AS rt,
	     title AS t
	WHERE ci.note = '(voice)'
	  AND cn.country_code ='[us]'
	  AND it.info = 'release dates'
	  AND mc.note LIKE '%(200%)%'
	  AND (mc.note LIKE '%(USA)%'
	       OR mc.note LIKE '%(worldwide)%')
	  AND mi.info IS NOT NULL
	  AND (mi.info LIKE 'Japan:%2007%'
	       OR mi.info LIKE 'USA:%2008%')
	  AND n.gender ='f'
	  AND n.name LIKE '%Angel%'
	  AND rt.role ='actress'
	  AND t.production_year BETWEEN 2007 AND 2008
	  AND t.title LIKE '%Kung%Fu%Panda%'
	  AND t.id = mi.movie_id
	  AND t.id = mc.movie_id
	  AND t.id = ci.movie_id
	  AND mc.movie_id = ci.movie_id
	  AND mc.movie_id = mi.movie_id
	  AND mi.movie_id = ci.movie_id
	  AND cn.id = mc.company_id
	  AND it.id = mi.info_type_id
	  AND n.id = ci.person_id
	  AND rt.id = ci.role_id
	  AND n.id = an.person_id
	  AND ci.person_id = an.person_id
	  AND chn.id = ci.person_role_id;
	
	
2026-02-06 02:15:09.289 UTC [3098438] AiChaosN@imdbload LOG:  Bao planning selected arm 3, in 353.524000 CPU ms.
2026-02-06 02:15:09.289 UTC [3098438] AiChaosN@imdbload STATEMENT:  SELECT MIN(n.name) AS cast_member,
	       MIN(t.title) AS complete_dynamic_hero_movie
	FROM complete_cast AS cc,
	     comp_cast_type AS cct1,
	     comp_cast_type AS cct2,
	     char_name AS chn,
	     cast_info AS ci,
	     keyword AS k,
	     kind_type AS kt,
	     movie_keyword AS mk,
	     name AS n,
	     title AS t
	WHERE cct1.kind = 'cast'
	  AND cct2.kind LIKE '%complete%'
	  AND chn.name IS NOT NULL
	  AND (chn.name LIKE '%man%'
	       OR chn.name LIKE '%Man%')
	  AND k.keyword IN ('superhero',
	                    'marvel-comics',
	                    'based-on-comic',
	                    'tv-special',
	                    'fight',
	                    'violence',
	                    'magnet',
	                    'web',
	                    'claw',
	                    'laser')
	  AND kt.kind = 'movie'
	  AND t.production_year > 2000
	  AND kt.id = t.kind_id
	  AND t.id = mk.movie_id
	  AND t.id = ci.movie_id
	  AND t.id = cc.movie_id
	  AND mk.movie_id = ci.movie_id
	  AND mk.movie_id = cc.movie_id
	  AND ci.movie_id = cc.movie_id
	  AND chn.id = ci.person_role_id
	  AND n.id = ci.person_id
	  AND k.id = mk.keyword_id
	  AND cct1.id = cc.subject_id
	  AND cct2.id = cc.status_id;
	
	
2026-02-06 02:15:10.869 UTC [3098484] AiChaosN@imdbload LOG:  Bao planning selected arm 36, in 181.305000 CPU ms.
2026-02-06 02:15:10.869 UTC [3098484] AiChaosN@imdbload STATEMENT:  SELECT MIN(mi.info) AS movie_budget,
	       MIN(mi_idx.info) AS movie_votes,
	       MIN(t.title) AS movie_title
	FROM cast_info AS ci,
	     info_type AS it1,
	     info_type AS it2,
	     movie_info AS mi,
	     movie_info_idx AS mi_idx,
	     name AS n,
	     title AS t
	WHERE ci.note IN ('(writer)',
	                  '(head writer)',
	                  '(written by)',
	                  '(story)',
	                  '(story editor)')
	  AND it1.info = 'genres'
	  AND it2.info = 'votes'
	  AND mi.info IN ('Horror',
	                  'Action',
	                  'Sci-Fi',
	                  'Thriller',
	                  'Crime',
	                  'War')
	  AND n.gender = 'm'
	  AND t.id = mi.movie_id
	  AND t.id = mi_idx.movie_id
	  AND t.id = ci.movie_id
	  AND ci.movie_id = mi.movie_id
	  AND ci.movie_id = mi_idx.movie_id
	  AND mi.movie_id = mi_idx.movie_id
	  AND n.id = ci.person_id
	  AND it1.id = mi.info_type_id
	  AND it2.id = mi_idx.info_type_id;
	
	
2026-02-06 02:15:19.499 UTC [3098644] AiChaosN@imdbload LOG:  Bao planning selected arm 3, in 220.431000 CPU ms.
2026-02-06 02:15:19.499 UTC [3098644] AiChaosN@imdbload STATEMENT:  SELECT MIN(an.name) AS alternative_name,
	       MIN(chn.name) AS voiced_char_name,
	       MIN(n.name) AS voicing_actress,
	       MIN(t.title) AS american_movie
	FROM aka_name AS an,
	     char_name AS chn,
	     cast_info AS ci,
	     company_name AS cn,
	     movie_companies AS mc,
	     name AS n,
	     role_type AS rt,
	     title AS t
	WHERE ci.note IN ('(voice)',
	                  '(voice: Japanese version)',
	                  '(voice) (uncredited)',
	                  '(voice: English version)')
	  AND cn.country_code ='[us]'
	  AND n.gender ='f'
	  AND rt.role ='actress'
	  AND ci.movie_id = t.id
	  AND t.id = mc.movie_id
	  AND ci.movie_id = mc.movie_id
	  AND mc.company_id = cn.id
	  AND ci.role_id = rt.id
	  AND n.id = ci.person_id
	  AND chn.id = ci.person_role_id
	  AND an.person_id = n.id
	  AND an.person_id = ci.person_id;
	
	
2026-02-06 02:15:24.846 UTC [3098733] AiChaosN@imdbload LOG:  Bao planning selected arm 12, in 1255.638000 CPU ms.
2026-02-06 02:15:24.846 UTC [3098733] AiChaosN@imdbload STATEMENT:  SELECT MIN(chn.name) AS character_name,
	       MIN(mi_idx.info) AS rating,
	       MIN(t.title) AS complete_hero_movie
	FROM complete_cast AS cc,
	     comp_cast_type AS cct1,
	     comp_cast_type AS cct2,
	     char_name AS chn,
	     cast_info AS ci,
	     info_type AS it2,
	     keyword AS k,
	     kind_type AS kt,
	     movie_info_idx AS mi_idx,
	     movie_keyword AS mk,
	     name AS n,
	     title AS t
	WHERE cct1.kind = 'cast'
	  AND cct2.kind LIKE '%complete%'
	  AND chn.name IS NOT NULL
	  AND (chn.name LIKE '%man%'
	       OR chn.name LIKE '%Man%')
	  AND it2.info = 'rating'
	  AND k.keyword IN ('superhero',
	                    'marvel-comics',
	                    'based-on-comic',
	                    'tv-special',
	                    'fight',
	                    'violence',
	                    'magnet',
	                    'web',
	                    'claw',
	                    'laser')
	  AND kt.kind = 'movie'
	  AND t.production_year > 2000
	  AND kt.id = t.kind_id
	  AND t.id = mk.movie_id
	  AND t.id = ci.movie_id
	  AND t.id = cc.movie_id
	  AND t.id = mi_idx.movie_id
	  AND mk.movie_id = ci.movie_id
	  AND mk.movie_id = cc.movie_id
	  AND mk.movie_id = mi_idx.movie_id
	  AND ci.movie_id = cc.movie_id
	  AND ci.movie_id = mi_idx.movie_id
	  AND cc.movie_id = mi_idx.movie_id
	  AND chn.id = ci.person_role_id
	  AND n.id = ci.person_id
	  AND k.id = mk.keyword_id
	  AND cct1.id = cc.subject_id
	  AND cct2.id = cc.status_id
	  AND it2.id = mi_idx.info_type_id;
	
	
2026-02-06 02:15:55.544 UTC [3098733] AiChaosN@imdbload ERROR:  canceling statement due to statement timeout
2026-02-06 02:15:55.544 UTC [3098733] AiChaosN@imdbload STATEMENT:  SELECT MIN(chn.name) AS character_name,
	       MIN(mi_idx.info) AS rating,
	       MIN(t.title) AS complete_hero_movie
	FROM complete_cast AS cc,
	     comp_cast_type AS cct1,
	     comp_cast_type AS cct2,
	     char_name AS chn,
	     cast_info AS ci,
	     info_type AS it2,
	     keyword AS k,
	     kind_type AS kt,
	     movie_info_idx AS mi_idx,
	     movie_keyword AS mk,
	     name AS n,
	     title AS t
	WHERE cct1.kind = 'cast'
	  AND cct2.kind LIKE '%complete%'
	  AND chn.name IS NOT NULL
	  AND (chn.name LIKE '%man%'
	       OR chn.name LIKE '%Man%')
	  AND it2.info = 'rating'
	  AND k.keyword IN ('superhero',
	                    'marvel-comics',
	                    'based-on-comic',
	                    'tv-special',
	                    'fight',
	                    'violence',
	                    'magnet',
	                    'web',
	                    'claw',
	                    'laser')
	  AND kt.kind = 'movie'
	  AND t.production_year > 2000
	  AND kt.id = t.kind_id
	  AND t.id = mk.movie_id
	  AND t.id = ci.movie_id
	  AND t.id = cc.movie_id
	  AND t.id = mi_idx.movie_id
	  AND mk.movie_id = ci.movie_id
	  AND mk.movie_id = cc.movie_id
	  AND mk.movie_id = mi_idx.movie_id
	  AND ci.movie_id = cc.movie_id
	  AND ci.movie_id = mi_idx.movie_id
	  AND cc.movie_id = mi_idx.movie_id
	  AND chn.id = ci.person_role_id
	  AND n.id = ci.person_id
	  AND k.id = mk.keyword_id
	  AND cct1.id = cc.subject_id
	  AND cct2.id = cc.status_id
	  AND it2.id = mi_idx.info_type_id;
	
	
2026-02-06 02:15:55.953 UTC [3099272] AiChaosN@imdbload LOG:  Bao planning selected arm 3, in 334.970000 CPU ms.
2026-02-06 02:15:55.953 UTC [3099272] AiChaosN@imdbload STATEMENT:  SELECT MIN(mi.info) AS release_date,
	       MIN(t.title) AS youtube_movie
	FROM aka_title AS aka_t,
	     company_name AS cn,
	     company_type AS ct,
	     info_type AS it1,
	     keyword AS k,
	     movie_companies AS mc,
	     movie_info AS mi,
	     movie_keyword AS mk,
	     title AS t
	WHERE cn.country_code = '[us]'
	  AND cn.name = 'YouTube'
	  AND it1.info = 'release dates'
	  AND mc.note LIKE '%(200%)%'
	  AND mc.note LIKE '%(worldwide)%'
	  AND mi.note LIKE '%internet%'
	  AND mi.info LIKE 'USA:% 200%'
	  AND t.production_year BETWEEN 2005 AND 2010
	  AND t.id = aka_t.movie_id
	  AND t.id = mi.movie_id
	  AND t.id = mk.movie_id
	  AND t.id = mc.movie_id
	  AND mk.movie_id = mi.movie_id
	  AND mk.movie_id = mc.movie_id
	  AND mk.movie_id = aka_t.movie_id
	  AND mi.movie_id = mc.movie_id
	  AND mi.movie_id = aka_t.movie_id
	  AND mc.movie_id = aka_t.movie_id
	  AND k.id = mk.keyword_id
	  AND it1.id = mi.info_type_id
	  AND cn.id = mc.company_id
	  AND ct.id = mc.company_type_id;
	
	
2026-02-06 02:16:01.231 UTC [3099426] AiChaosN@imdbload LOG:  Bao planning selected arm 34, in 194.480000 CPU ms.
2026-02-06 02:16:01.231 UTC [3099426] AiChaosN@imdbload STATEMENT:  SELECT MIN(cn.name) AS movie_company,
	       MIN(mi_idx.info) AS rating,
	       MIN(t.title) AS drama_horror_movie
	FROM company_name AS cn,
	     company_type AS ct,
	     info_type AS it1,
	     info_type AS it2,
	     movie_companies AS mc,
	     movie_info AS mi,
	     movie_info_idx AS mi_idx,
	     title AS t
	WHERE cn.country_code = '[us]'
	  AND ct.kind = 'production companies'
	  AND it1.info = 'genres'
	  AND it2.info = 'rating'
	  AND mi.info IN ('Drama',
	                  'Horror')
	  AND mi_idx.info > '8.0'
	  AND t.production_year BETWEEN 2005 AND 2008
	  AND t.id = mi.movie_id
	  AND t.id = mi_idx.movie_id
	  AND mi.info_type_id = it1.id
	  AND mi_idx.info_type_id = it2.id
	  AND t.id = mc.movie_id
	  AND ct.id = mc.company_type_id
	  AND cn.id = mc.company_id
	  AND mc.movie_id = mi.movie_id
	  AND mc.movie_id = mi_idx.movie_id
	  AND mi.movie_id = mi_idx.movie_id;
	
	
2026-02-06 02:16:09.089 UTC [3099588] AiChaosN@imdbload LOG:  Bao planning selected arm 9, in 134.852000 CPU ms.
2026-02-06 02:16:09.089 UTC [3099588] AiChaosN@imdbload STATEMENT:  SELECT MIN(t.title) AS movie_title
	FROM keyword AS k,
	     movie_info AS mi,
	     movie_keyword AS mk,
	     title AS t
	WHERE k.keyword LIKE '%sequel%'
	  AND mi.info IN ('Sweden',
	                  'Norway',
	                  'Germany',
	                  'Denmark',
	                  'Swedish',
	                  'Denish',
	                  'Norwegian',
	                  'German')
	  AND t.production_year > 2005
	  AND t.id = mi.movie_id
	  AND t.id = mk.movie_id
	  AND mk.movie_id = mi.movie_id
	  AND k.id = mk.keyword_id;
	
	
2026-02-06 02:16:16.887 UTC [3099715] AiChaosN@imdbload LOG:  Bao planning selected arm 9, in 326.208000 CPU ms.
2026-02-06 02:16:16.887 UTC [3099715] AiChaosN@imdbload STATEMENT:  SELECT MIN(cn.name) AS company_name,
	       MIN(lt.link) AS link_type,
	       MIN(t.title) AS western_follow_up
	FROM company_name AS cn,
	     company_type AS ct,
	     keyword AS k,
	     link_type AS lt,
	     movie_companies AS mc,
	     movie_info AS mi,
	     movie_keyword AS mk,
	     movie_link AS ml,
	     title AS t
	WHERE cn.country_code !='[pl]'
	  AND (cn.name LIKE '%Film%'
	       OR cn.name LIKE '%Warner%')
	  AND ct.kind ='production companies'
	  AND k.keyword ='sequel'
	  AND lt.link LIKE '%follow%'
	  AND mc.note IS NULL
	  AND mi.info IN ('Sweden',
	                  'Norway',
	                  'Germany',
	                  'Denmark',
	                  'Swedish',
	                  'Denish',
	                  'Norwegian',
	                  'German',
	                  'English')
	  AND t.production_year BETWEEN 1950 AND 2010
	  AND lt.id = ml.link_type_id
	  AND ml.movie_id = t.id
	  AND t.id = mk.movie_id
	  AND mk.keyword_id = k.id
	  AND t.id = mc.movie_id
	  AND mc.company_type_id = ct.id
	  AND mc.company_id = cn.id
	  AND mi.movie_id = t.id
	  AND ml.movie_id = mk.movie_id
	  AND ml.movie_id = mc.movie_id
	  AND mk.movie_id = mc.movie_id
	  AND ml.movie_id = mi.movie_id
	  AND mk.movie_id = mi.movie_id
	  AND mc.movie_id = mi.movie_id;
	
	
2026-02-06 02:16:17.741 UTC [3099750] AiChaosN@imdbload LOG:  Bao planning selected arm 3, in 717.151000 CPU ms.
2026-02-06 02:16:17.741 UTC [3099750] AiChaosN@imdbload STATEMENT:  SELECT MIN(cn.name) AS movie_company,
	       MIN(mi_idx.info) AS rating,
	       MIN(t.title) AS western_violent_movie
	FROM company_name AS cn,
	     company_type AS ct,
	     info_type AS it1,
	     info_type AS it2,
	     keyword AS k,
	     kind_type AS kt,
	     movie_companies AS mc,
	     movie_info AS mi,
	     movie_info_idx AS mi_idx,
	     movie_keyword AS mk,
	     title AS t
	WHERE cn.country_code != '[us]'
	  AND it1.info = 'countries'
	  AND it2.info = 'rating'
	  AND k.keyword IN ('murder',
	                    'murder-in-title',
	                    'blood',
	                    'violence')
	  AND kt.kind IN ('movie',
	                  'episode')
	  AND mc.note NOT LIKE '%(USA)%'
	  AND mc.note LIKE '%(200%)%'
	  AND mi.info IN ('Sweden',
	                  'Norway',
	                  'Germany',
	                  'Denmark',
	                  'Swedish',
	                  'Danish',
	                  'Norwegian',
	                  'German',
	                  'USA',
	                  'American')
	  AND mi_idx.info < '8.5'
	  AND t.production_year > 2005
	  AND kt.id = t.kind_id
	  AND t.id = mi.movie_id
	  AND t.id = mk.movie_id
	  AND t.id = mi_idx.movie_id
	  AND t.id = mc.movie_id
	  AND mk.movie_id = mi.movie_id
	  AND mk.movie_id = mi_idx.movie_id
	  AND mk.movie_id = mc.movie_id
	  AND mi.movie_id = mi_idx.movie_id
	  AND mi.movie_id = mc.movie_id
	  AND mc.movie_id = mi_idx.movie_id
	  AND k.id = mk.keyword_id
	  AND it1.id = mi.info_type_id
	  AND it2.id = mi_idx.info_type_id
	  AND ct.id = mc.company_type_id
	  AND cn.id = mc.company_id;
	
	
2026-02-06 02:16:19.204 UTC [3099803] AiChaosN@imdbload LOG:  Bao planning selected arm 0, in 140.899000 CPU ms.
2026-02-06 02:16:19.204 UTC [3099803] AiChaosN@imdbload STATEMENT:  SELECT MIN(t.title) AS typical_european_movie
	FROM company_type AS ct,
	     info_type AS it,
	     movie_companies AS mc,
	     movie_info AS mi,
	     title AS t
	WHERE ct.kind = 'production companies'
	  AND mc.note LIKE '%(theatrical)%'
	  AND mc.note LIKE '%(France)%'
	  AND mi.info IN ('Sweden',
	                  'Norway',
	                  'Germany',
	                  'Denmark',
	                  'Swedish',
	                  'Denish',
	                  'Norwegian',
	                  'German')
	  AND t.production_year > 2005
	  AND t.id = mi.movie_id
	  AND t.id = mc.movie_id
	  AND mc.movie_id = mi.movie_id
	  AND ct.id = mc.company_type_id
	  AND it.id = mi.info_type_id;
	
	
2026-02-06 02:16:26.304 UTC [3099807] AiChaosN@imdbload LOG:  Bao planning selected arm 9, in 6898.810000 CPU ms.
2026-02-06 02:16:26.304 UTC [3099807] AiChaosN@imdbload STATEMENT:  SELECT MIN(cn1.name) AS first_company,
	       MIN(cn2.name) AS second_company,
	       MIN(mii1.info) AS first_rating,
	       MIN(mii2.info) AS second_rating,
	       MIN(t1.title) AS first_movie,
	       MIN(t2.title) AS second_movie
	FROM company_name AS cn1,
	     company_name AS cn2,
	     info_type AS it1,
	     info_type AS it2,
	     kind_type AS kt1,
	     kind_type AS kt2,
	     link_type AS lt,
	     movie_companies AS mc1,
	     movie_companies AS mc2,
	     movie_info_idx AS mii1,
	     movie_info_idx AS mii2,
	     movie_link AS ml,
	     title AS t1,
	     title AS t2
	WHERE cn1.country_code = '[us]'
	  AND it1.info = 'rating'
	  AND it2.info = 'rating'
	  AND kt1.kind IN ('tv series')
	  AND kt2.kind IN ('tv series')
	  AND lt.link IN ('sequel',
	                  'follows',
	                  'followed by')
	  AND mii2.info < '3.0'
	  AND t2.production_year BETWEEN 2005 AND 2008
	  AND lt.id = ml.link_type_id
	  AND t1.id = ml.movie_id
	  AND t2.id = ml.linked_movie_id
	  AND it1.id = mii1.info_type_id
	  AND t1.id = mii1.movie_id
	  AND kt1.id = t1.kind_id
	  AND cn1.id = mc1.company_id
	  AND t1.id = mc1.movie_id
	  AND ml.movie_id = mii1.movie_id
	  AND ml.movie_id = mc1.movie_id
	  AND mii1.movie_id = mc1.movie_id
	  AND it2.id = mii2.info_type_id
	  AND t2.id = mii2.movie_id
	  AND kt2.id = t2.kind_id
	  AND cn2.id = mc2.company_id
	  AND t2.id = mc2.movie_id
	  AND ml.linked_movie_id = mii2.movie_id
	  AND ml.linked_movie_id = mc2.movie_id
	  AND mii2.movie_id = mc2.movie_id;
	
	
2026-02-06 02:16:31.833 UTC [3100024] AiChaosN@imdbload LOG:  Bao planning selected arm 17, in 359.199000 CPU ms.
2026-02-06 02:16:31.833 UTC [3100024] AiChaosN@imdbload STATEMENT:  SELECT MIN(t.title) AS complete_downey_ironman_movie
	FROM complete_cast AS cc,
	     comp_cast_type AS cct1,
	     comp_cast_type AS cct2,
	     char_name AS chn,
	     cast_info AS ci,
	     keyword AS k,
	     kind_type AS kt,
	     movie_keyword AS mk,
	     name AS n,
	     title AS t
	WHERE cct1.kind = 'cast'
	  AND cct2.kind LIKE '%complete%'
	  AND chn.name NOT LIKE '%Sherlock%'
	  AND (chn.name LIKE '%Tony%Stark%'
	       OR chn.name LIKE '%Iron%Man%')
	  AND k.keyword IN ('superhero',
	                    'sequel',
	                    'second-part',
	                    'marvel-comics',
	                    'based-on-comic',
	                    'tv-special',
	                    'fight',
	                    'violence')
	  AND kt.kind = 'movie'
	  AND t.production_year > 1950
	  AND kt.id = t.kind_id
	  AND t.id = mk.movie_id
	  AND t.id = ci.movie_id
	  AND t.id = cc.movie_id
	  AND mk.movie_id = ci.movie_id
	  AND mk.movie_id = cc.movie_id
	  AND ci.movie_id = cc.movie_id
	  AND chn.id = ci.person_role_id
	  AND n.id = ci.person_id
	  AND k.id = mk.keyword_id
	  AND cct1.id = cc.subject_id
	  AND cct2.id = cc.status_id;
	
	
2026-02-06 02:16:34.872 UTC [3100086] AiChaosN@imdbload LOG:  Bao planning selected arm 9, in 933.047000 CPU ms.
2026-02-06 02:16:34.872 UTC [3100086] AiChaosN@imdbload STATEMENT:  SELECT MIN(mi.info) AS movie_budget,
	       MIN(mi_idx.info) AS movie_votes,
	       MIN(n.name) AS writer,
	       MIN(t.title) AS violent_liongate_movie
	FROM cast_info AS ci,
	     company_name AS cn,
	     info_type AS it1,
	     info_type AS it2,
	     keyword AS k,
	     movie_companies AS mc,
	     movie_info AS mi,
	     movie_info_idx AS mi_idx,
	     movie_keyword AS mk,
	     name AS n,
	     title AS t
	WHERE ci.note IN ('(writer)',
	                  '(head writer)',
	                  '(written by)',
	                  '(story)',
	                  '(story editor)')
	  AND cn.name LIKE 'Lionsgate%'
	  AND it1.info = 'genres'
	  AND it2.info = 'votes'
	  AND k.keyword IN ('murder',
	                    'violence',
	                    'blood',
	                    'gore',
	                    'death',
	                    'female-nudity',
	                    'hospital')
	  AND mi.info IN ('Horror',
	                  'Action',
	                  'Sci-Fi',
	                  'Thriller',
	                  'Crime',
	                  'War')
	  AND t.id = mi.movie_id
	  AND t.id = mi_idx.movie_id
	  AND t.id = ci.movie_id
	  AND t.id = mk.movie_id
	  AND t.id = mc.movie_id
	  AND ci.movie_id = mi.movie_id
	  AND ci.movie_id = mi_idx.movie_id
	  AND ci.movie_id = mk.movie_id
	  AND ci.movie_id = mc.movie_id
	  AND mi.movie_id = mi_idx.movie_id
	  AND mi.movie_id = mk.movie_id
	  AND mi.movie_id = mc.movie_id
	  AND mi_idx.movie_id = mk.movie_id
	  AND mi_idx.movie_id = mc.movie_id
	  AND mk.movie_id = mc.movie_id
	  AND n.id = ci.person_id
	  AND it1.id = mi.info_type_id
	  AND it2.id = mi_idx.info_type_id
	  AND k.id = mk.keyword_id
	  AND cn.id = mc.company_id;
	
	
2026-02-06 02:16:37.645 UTC [3100156] AiChaosN@imdbload LOG:  Bao planning selected arm 8, in 144.749000 CPU ms.
2026-02-06 02:16:37.645 UTC [3100156] AiChaosN@imdbload STATEMENT:  SELECT MIN(mc.note) AS production_note,
	       MIN(t.title) AS movie_title,
	       MIN(t.production_year) AS movie_year
	FROM company_type AS ct,
	     info_type AS it,
	     movie_companies AS mc,
	     movie_info_idx AS mi_idx,
	     title AS t
	WHERE ct.kind = 'production companies'
	  AND it.info = 'top 250 rank'
	  AND mc.note NOT LIKE '%(as Metro-Goldwyn-Mayer Pictures)%'
	  AND (mc.note LIKE '%(co-production)%'
	       OR mc.note LIKE '%(presents)%')
	  AND ct.id = mc.company_type_id
	  AND t.id = mc.movie_id
	  AND t.id = mi_idx.movie_id
	  AND mc.movie_id = mi_idx.movie_id
	  AND it.id = mi_idx.info_type_id;
	
	
2026-02-06 02:16:39.663 UTC [3100196] AiChaosN@imdbload LOG:  Bao planning selected arm 9, in 470.315000 CPU ms.
2026-02-06 02:16:39.663 UTC [3100196] AiChaosN@imdbload STATEMENT:  SELECT MIN(n.name) AS voicing_actress,
	       MIN(t.title) AS voiced_movie
	FROM aka_name AS an,
	     char_name AS chn,
	     cast_info AS ci,
	     company_name AS cn,
	     info_type AS it,
	     movie_companies AS mc,
	     movie_info AS mi,
	     name AS n,
	     role_type AS rt,
	     title AS t
	WHERE ci.note IN ('(voice)',
	                  '(voice: Japanese version)',
	                  '(voice) (uncredited)',
	                  '(voice: English version)')
	  AND cn.country_code ='[us]'
	  AND it.info = 'release dates'
	  AND mc.note IS NOT NULL
	  AND (mc.note LIKE '%(USA)%'
	       OR mc.note LIKE '%(worldwide)%')
	  AND mi.info IS NOT NULL
	  AND (mi.info LIKE 'Japan:%200%'
	       OR mi.info LIKE 'USA:%200%')
	  AND n.gender ='f'
	  AND n.name LIKE '%Ang%'
	  AND rt.role ='actress'
	  AND t.production_year BETWEEN 2005 AND 2009
	  AND t.id = mi.movie_id
	  AND t.id = mc.movie_id
	  AND t.id = ci.movie_id
	  AND mc.movie_id = ci.movie_id
	  AND mc.movie_id = mi.movie_id
	  AND mi.movie_id = ci.movie_id
	  AND cn.id = mc.company_id
	  AND it.id = mi.info_type_id
	  AND n.id = ci.person_id
	  AND rt.id = ci.role_id
	  AND n.id = an.person_id
	  AND ci.person_id = an.person_id
	  AND chn.id = ci.person_role_id;
	
	
2026-02-06 02:16:55.008 UTC [3100510] AiChaosN@imdbload LOG:  Bao planning selected arm 0, in 137.771000 CPU ms.
2026-02-06 02:16:55.008 UTC [3100510] AiChaosN@imdbload STATEMENT:  SELECT MIN(lt.link) AS link_type,
	       MIN(t1.title) AS first_movie,
	       MIN(t2.title) AS second_movie
	FROM keyword AS k,
	     link_type AS lt,
	     movie_keyword AS mk,
	     movie_link AS ml,
	     title AS t1,
	     title AS t2
	WHERE k.keyword ='character-name-in-title'
	  AND mk.keyword_id = k.id
	  AND t1.id = mk.movie_id
	  AND ml.movie_id = t1.id
	  AND ml.linked_movie_id = t2.id
	  AND lt.id = ml.link_type_id
	  AND mk.movie_id = t1.id;
	
	
2026-02-06 02:16:55.304 UTC [3100511] AiChaosN@imdbload LOG:  Bao planning selected arm 44, in 163.119000 CPU ms.
2026-02-06 02:16:55.304 UTC [3100511] AiChaosN@imdbload STATEMENT:  SELECT MIN(an.name) AS writer_pseudo_name,
	       MIN(t.title) AS movie_title
	FROM aka_name AS an,
	     cast_info AS ci,
	     company_name AS cn,
	     movie_companies AS mc,
	     name AS n,
	     role_type AS rt,
	     title AS t
	WHERE cn.country_code ='[us]'
	  AND rt.role ='writer'
	  AND an.person_id = n.id
	  AND n.id = ci.person_id
	  AND ci.movie_id = t.id
	  AND t.id = mc.movie_id
	  AND mc.company_id = cn.id
	  AND ci.role_id = rt.id
	  AND an.person_id = ci.person_id
	  AND ci.movie_id = mc.movie_id;
	
	
2026-02-06 02:17:27.117 UTC [3100511] AiChaosN@imdbload ERROR:  canceling statement due to statement timeout
2026-02-06 02:17:27.117 UTC [3100511] AiChaosN@imdbload STATEMENT:  SELECT MIN(an.name) AS writer_pseudo_name,
	       MIN(t.title) AS movie_title
	FROM aka_name AS an,
	     cast_info AS ci,
	     company_name AS cn,
	     movie_companies AS mc,
	     name AS n,
	     role_type AS rt,
	     title AS t
	WHERE cn.country_code ='[us]'
	  AND rt.role ='writer'
	  AND an.person_id = n.id
	  AND n.id = ci.person_id
	  AND ci.movie_id = t.id
	  AND t.id = mc.movie_id
	  AND mc.company_id = cn.id
	  AND ci.role_id = rt.id
	  AND an.person_id = ci.person_id
	  AND ci.movie_id = mc.movie_id;
	
	
2026-02-06 02:17:27.644 UTC [3101084] AiChaosN@imdbload LOG:  Bao planning selected arm 2, in 139.784000 CPU ms.
2026-02-06 02:17:27.644 UTC [3101084] AiChaosN@imdbload STATEMENT:  SELECT MIN(mi_idx.info) AS rating,
	       MIN(t.title) AS movie_title
	FROM info_type AS it,
	     keyword AS k,
	     movie_info_idx AS mi_idx,
	     movie_keyword AS mk,
	     title AS t
	WHERE it.info ='rating'
	  AND k.keyword LIKE '%sequel%'
	  AND mi_idx.info > '5.0'
	  AND t.production_year > 2005
	  AND t.id = mi_idx.movie_id
	  AND t.id = mk.movie_id
	  AND mk.movie_id = mi_idx.movie_id
	  AND k.id = mk.keyword_id
	  AND it.id = mi_idx.info_type_id;
	
	
2026-02-06 02:17:29.678 UTC [3101140] AiChaosN@imdbload LOG:  Bao planning selected arm 36, in 259.199000 CPU ms.
2026-02-06 02:17:29.678 UTC [3101140] AiChaosN@imdbload STATEMENT:  SELECT MIN(mi.info) AS release_date,
	       MIN(miidx.info) AS rating,
	       MIN(t.title) AS german_movie
	FROM company_name AS cn,
	     company_type AS ct,
	     info_type AS it,
	     info_type AS it2,
	     kind_type AS kt,
	     movie_companies AS mc,
	     movie_info AS mi,
	     movie_info_idx AS miidx,
	     title AS t
	WHERE cn.country_code ='[de]'
	  AND ct.kind ='production companies'
	  AND it.info ='rating'
	  AND it2.info ='release dates'
	  AND kt.kind ='movie'
	  AND mi.movie_id = t.id
	  AND it2.id = mi.info_type_id
	  AND kt.id = t.kind_id
	  AND mc.movie_id = t.id
	  AND cn.id = mc.company_id
	  AND ct.id = mc.company_type_id
	  AND miidx.movie_id = t.id
	  AND it.id = miidx.info_type_id
	  AND mi.movie_id = miidx.movie_id
	  AND mi.movie_id = mc.movie_id
	  AND miidx.movie_id = mc.movie_id;
	
	
2026-02-06 02:17:36.880 UTC [3101294] AiChaosN@imdbload LOG:  Bao planning selected arm 0, in 168.140000 CPU ms.
2026-02-06 02:17:36.880 UTC [3101294] AiChaosN@imdbload STATEMENT:  SELECT MIN(n.name) AS member_in_charnamed_movie
	FROM cast_info AS ci,
	     company_name AS cn,
	     keyword AS k,
	     movie_companies AS mc,
	     movie_keyword AS mk,
	     name AS n,
	     title AS t
	WHERE k.keyword ='character-name-in-title'
	  AND n.name LIKE '%B%'
	  AND n.id = ci.person_id
	  AND ci.movie_id = t.id
	  AND t.id = mk.movie_id
	  AND mk.keyword_id = k.id
	  AND t.id = mc.movie_id
	  AND mc.company_id = cn.id
	  AND ci.movie_id = mc.movie_id
	  AND ci.movie_id = mk.movie_id
	  AND mc.movie_id = mk.movie_id;
	
	
2026-02-06 02:17:42.806 UTC [3101415] AiChaosN@imdbload LOG:  Bao planning selected arm 0, in 203.455000 CPU ms.
2026-02-06 02:17:42.806 UTC [3101415] AiChaosN@imdbload STATEMENT:  SELECT MIN(mi_idx.info) AS rating,
	       MIN(t.title) AS western_dark_production
	FROM info_type AS it1,
	     info_type AS it2,
	     keyword AS k,
	     kind_type AS kt,
	     movie_info AS mi,
	     movie_info_idx AS mi_idx,
	     movie_keyword AS mk,
	     title AS t
	WHERE it1.info = 'countries'
	  AND it2.info = 'rating'
	  AND k.keyword IN ('murder',
	                    'murder-in-title')
	  AND kt.kind = 'movie'
	  AND mi.info IN ('Sweden',
	                  'Norway',
	                  'Germany',
	                  'Denmark',
	                  'Swedish',
	                  'Denish',
	                  'Norwegian',
	                  'German',
	                  'USA',
	                  'American')
	  AND mi_idx.info > '6.0'
	  AND t.production_year > 2010
	  AND (t.title LIKE '%murder%'
	       OR t.title LIKE '%Murder%'
	       OR t.title LIKE '%Mord%')
	  AND kt.id = t.kind_id
	  AND t.id = mi.movie_id
	  AND t.id = mk.movie_id
	  AND t.id = mi_idx.movie_id
	  AND mk.movie_id = mi.movie_id
	  AND mk.movie_id = mi_idx.movie_id
	  AND mi.movie_id = mi_idx.movie_id
	  AND k.id = mk.keyword_id
	  AND it1.id = mi.info_type_id
	  AND it2.id = mi_idx.info_type_id;
	
	
2026-02-06 02:17:43.036 UTC [3101416] AiChaosN@imdbload LOG:  Bao planning selected arm 9, in 128.855000 CPU ms.
2026-02-06 02:17:43.036 UTC [3101416] AiChaosN@imdbload STATEMENT:  SELECT MIN(t.title) AS movie_title
	FROM keyword AS k,
	     movie_info AS mi,
	     movie_keyword AS mk,
	     title AS t
	WHERE k.keyword LIKE '%sequel%'
	  AND mi.info IN ('Sweden',
	                  'Norway',
	                  'Germany',
	                  'Denmark',
	                  'Swedish',
	                  'Denish',
	                  'Norwegian',
	                  'German',
	                  'USA',
	                  'American')
	  AND t.production_year > 1990
	  AND t.id = mi.movie_id
	  AND t.id = mk.movie_id
	  AND mk.movie_id = mi.movie_id
	  AND k.id = mk.keyword_id;
	
	
2026-02-06 02:17:55.515 UTC [3101576] AiChaosN@imdbload LOG:  Bao planning selected arm 36, in 5560.584000 CPU ms.
2026-02-06 02:17:55.515 UTC [3101576] AiChaosN@imdbload STATEMENT:  SELECT MIN(cn.name) AS movie_company,
	       MIN(mi_idx.info) AS rating,
	       MIN(t.title) AS complete_euro_dark_movie
	FROM complete_cast AS cc,
	     comp_cast_type AS cct1,
	     comp_cast_type AS cct2,
	     company_name AS cn,
	     company_type AS ct,
	     info_type AS it1,
	     info_type AS it2,
	     keyword AS k,
	     kind_type AS kt,
	     movie_companies AS mc,
	     movie_info AS mi,
	     movie_info_idx AS mi_idx,
	     movie_keyword AS mk,
	     title AS t
	WHERE cct1.kind = 'crew'
	  AND cct2.kind != 'complete+verified'
	  AND cn.country_code != '[us]'
	  AND it1.info = 'countries'
	  AND it2.info = 'rating'
	  AND k.keyword IN ('murder',
	                    'murder-in-title',
	                    'blood',
	                    'violence')
	  AND kt.kind IN ('movie',
	                  'episode')
	  AND mc.note NOT LIKE '%(USA)%'
	  AND mc.note LIKE '%(200%)%'
	  AND mi.info IN ('Sweden',
	                  'Norway',
	                  'Germany',
	                  'Denmark',
	                  'Swedish',
	                  'Danish',
	                  'Norwegian',
	                  'German',
	                  'USA',
	                  'American')
	  AND mi_idx.info < '8.5'
	  AND t.production_year > 2000
	  AND kt.id = t.kind_id
	  AND t.id = mi.movie_id
	  AND t.id = mk.movie_id
	  AND t.id = mi_idx.movie_id
	  AND t.id = mc.movie_id
	  AND t.id = cc.movie_id
	  AND mk.movie_id = mi.movie_id
	  AND mk.movie_id = mi_idx.movie_id
	  AND mk.movie_id = mc.movie_id
	  AND mk.movie_id = cc.movie_id
	  AND mi.movie_id = mi_idx.movie_id
	  AND mi.movie_id = mc.movie_id
	  AND mi.movie_id = cc.movie_id
	  AND mc.movie_id = mi_idx.movie_id
	  AND mc.movie_id = cc.movie_id
	  AND mi_idx.movie_id = cc.movie_id
	  AND k.id = mk.keyword_id
	  AND it1.id = mi.info_type_id
	  AND it2.id = mi_idx.info_type_id
	  AND ct.id = mc.company_type_id
	  AND cn.id = mc.company_id
	  AND cct1.id = cc.subject_id
	  AND cct2.id = cc.status_id;
	
	
2026-02-06 02:18:00.601 UTC [3101767] AiChaosN@imdbload LOG:  Bao planning selected arm 8, in 140.593000 CPU ms.
2026-02-06 02:18:00.601 UTC [3101767] AiChaosN@imdbload STATEMENT:  SELECT MIN(k.keyword) AS movie_keyword,
	       MIN(n.name) AS actor_name,
	       MIN(t.title) AS marvel_movie
	FROM cast_info AS ci,
	     keyword AS k,
	     movie_keyword AS mk,
	     name AS n,
	     title AS t
	WHERE k.keyword = 'marvel-cinematic-universe'
	  AND n.name LIKE '%Downey%Robert%'
	  AND t.production_year > 2000
	  AND k.id = mk.keyword_id
	  AND t.id = mk.movie_id
	  AND t.id = ci.movie_id
	  AND ci.movie_id = mk.movie_id
	  AND n.id = ci.person_id;
	
	
2026-02-06 02:18:03.683 UTC [3101835] AiChaosN@imdbload LOG:  Bao planning selected arm 0, in 137.675000 CPU ms.
2026-02-06 02:18:03.683 UTC [3101835] AiChaosN@imdbload STATEMENT:  SELECT MIN(t.title) AS movie_title
	FROM company_name AS cn,
	     keyword AS k,
	     movie_companies AS mc,
	     movie_keyword AS mk,
	     title AS t
	WHERE cn.country_code ='[nl]'
	  AND k.keyword ='character-name-in-title'
	  AND cn.id = mc.company_id
	  AND mc.movie_id = t.id
	  AND t.id = mk.movie_id
	  AND mk.keyword_id = k.id
	  AND mc.movie_id = mk.movie_id;
	
	
2026-02-06 02:18:09.733 UTC [3101977] AiChaosN@imdbload LOG:  Bao planning selected arm 0, in 160.714000 CPU ms.
2026-02-06 02:18:09.733 UTC [3101977] AiChaosN@imdbload STATEMENT:  SELECT MIN(chn.name) AS character,
	       MIN(t.title) AS movie_with_american_producer
	FROM char_name AS chn,
	     cast_info AS ci,
	     company_name AS cn,
	     company_type AS ct,
	     movie_companies AS mc,
	     role_type AS rt,
	     title AS t
	WHERE ci.note LIKE '%(producer)%'
	  AND cn.country_code = '[us]'
	  AND t.production_year > 1990
	  AND t.id = mc.movie_id
	  AND t.id = ci.movie_id
	  AND ci.movie_id = mc.movie_id
	  AND chn.id = ci.person_role_id
	  AND rt.id = ci.role_id
	  AND cn.id = mc.company_id
	  AND ct.id = mc.company_type_id;
	
2026-02-06 02:18:15.299 UTC [3102089] AiChaosN@imdbload LOG:  Bao planning selected arm 48, in 189.196000 CPU ms.
2026-02-06 02:18:15.299 UTC [3102089] AiChaosN@imdbload STATEMENT:  SELECT MIN(an.name) AS acress_pseudonym,
	       MIN(t.title) AS japanese_anime_movie
	FROM aka_name AS an,
	     cast_info AS ci,
	     company_name AS cn,
	     movie_companies AS mc,
	     name AS n,
	     role_type AS rt,
	     title AS t
	WHERE ci.note ='(voice: English version)'
	  AND cn.country_code ='[jp]'
	  AND mc.note LIKE '%(Japan)%'
	  AND mc.note NOT LIKE '%(USA)%'
	  AND (mc.note LIKE '%(2006)%'
	       OR mc.note LIKE '%(2007)%')
	  AND n.name LIKE '%Yo%'
	  AND n.name NOT LIKE '%Yu%'
	  AND rt.role ='actress'
	  AND t.production_year BETWEEN 2006 AND 2007
	  AND (t.title LIKE 'One Piece%'
	       OR t.title LIKE 'Dragon Ball Z%')
	  AND an.person_id = n.id
	  AND n.id = ci.person_id
	  AND ci.movie_id = t.id
	  AND t.id = mc.movie_id
	  AND mc.company_id = cn.id
	  AND ci.role_id = rt.id
	  AND an.person_id = ci.person_id
	  AND ci.movie_id = mc.movie_id;
	
	
2026-02-06 02:18:22.067 UTC [3102212] AiChaosN@imdbload LOG:  Bao planning selected arm 8, in 174.240000 CPU ms.
2026-02-06 02:18:22.067 UTC [3102212] AiChaosN@imdbload STATEMENT:  SELECT MIN(n.name) AS member_in_charnamed_american_movie,
	       MIN(n.name) AS a1
	FROM cast_info AS ci,
	     company_name AS cn,
	     keyword AS k,
	     movie_companies AS mc,
	     movie_keyword AS mk,
	     name AS n,
	     title AS t
	WHERE cn.country_code ='[us]'
	  AND k.keyword ='character-name-in-title'
	  AND n.name LIKE 'B%'
	  AND n.id = ci.person_id
	  AND ci.movie_id = t.id
	  AND t.id = mk.movie_id
	  AND mk.keyword_id = k.id
	  AND t.id = mc.movie_id
	  AND mc.company_id = cn.id
	  AND ci.movie_id = mc.movie_id
	  AND ci.movie_id = mk.movie_id
	  AND mc.movie_id = mk.movie_id;
	
	
2026-02-06 02:18:31.052 UTC [3102401] AiChaosN@imdbload LOG:  Bao planning selected arm 12, in 137.843000 CPU ms.
2026-02-06 02:18:31.052 UTC [3102401] AiChaosN@imdbload STATEMENT:  SELECT MIN(t.title) AS american_vhs_movie
	FROM company_type AS ct,
	     info_type AS it,
	     movie_companies AS mc,
	     movie_info AS mi,
	     title AS t
	WHERE ct.kind = 'production companies'
	  AND mc.note LIKE '%(VHS)%'
	  AND mc.note LIKE '%(USA)%'
	  AND mc.note LIKE '%(1994)%'
	  AND mi.info IN ('USA',
	                  'America')
	  AND t.production_year > 2010
	  AND t.id = mi.movie_id
	  AND t.id = mc.movie_id
	  AND mc.movie_id = mi.movie_id
	  AND ct.id = mc.company_type_id
	  AND it.id = mi.info_type_id;
	
	
2026-02-06 02:18:32.746 UTC [3102402] AiChaosN@imdbload LOG:  Bao planning selected arm 16, in 1175.520000 CPU ms.
2026-02-06 02:18:32.746 UTC [3102402] AiChaosN@imdbload STATEMENT:  SELECT MIN(chn.name) AS character_name,
	       MIN(mi_idx.info) AS rating,
	       MIN(t.title) AS complete_hero_movie
	FROM complete_cast AS cc,
	     comp_cast_type AS cct1,
	     comp_cast_type AS cct2,
	     char_name AS chn,
	     cast_info AS ci,
	     info_type AS it2,
	     keyword AS k,
	     kind_type AS kt,
	     movie_info_idx AS mi_idx,
	     movie_keyword AS mk,
	     name AS n,
	     title AS t
	WHERE cct1.kind = 'cast'
	  AND cct2.kind LIKE '%complete%'
	  AND chn.name IS NOT NULL
	  AND (chn.name LIKE '%man%'
	       OR chn.name LIKE '%Man%')
	  AND it2.info = 'rating'
	  AND k.keyword IN ('superhero',
	                    'marvel-comics',
	                    'based-on-comic',
	                    'fight')
	  AND kt.kind = 'movie'
	  AND mi_idx.info > '8.0'
	  AND t.production_year > 2005
	  AND kt.id = t.kind_id
	  AND t.id = mk.movie_id
	  AND t.id = ci.movie_id
	  AND t.id = cc.movie_id
	  AND t.id = mi_idx.movie_id
	  AND mk.movie_id = ci.movie_id
	  AND mk.movie_id = cc.movie_id
	  AND mk.movie_id = mi_idx.movie_id
	  AND ci.movie_id = cc.movie_id
	  AND ci.movie_id = mi_idx.movie_id
	  AND cc.movie_id = mi_idx.movie_id
	  AND chn.id = ci.person_role_id
	  AND n.id = ci.person_id
	  AND k.id = mk.keyword_id
	  AND cct1.id = cc.subject_id
	  AND cct2.id = cc.status_id
	  AND it2.id = mi_idx.info_type_id;
	
	
2026-02-06 02:18:45.648 UTC [3102683] AiChaosN@imdbload LOG:  Bao planning selected arm 8, in 196.794000 CPU ms.
2026-02-06 02:18:45.648 UTC [3102683] AiChaosN@imdbload STATEMENT:  SELECT MIN(mi_idx.info) AS rating,
	       MIN(t.title) AS north_european_dark_production
	FROM info_type AS it1,
	     info_type AS it2,
	     keyword AS k,
	     kind_type AS kt,
	     movie_info AS mi,
	     movie_info_idx AS mi_idx,
	     movie_keyword AS mk,
	     title AS t
	WHERE it1.info = 'countries'
	  AND it2.info = 'rating'
	  AND k.keyword IS NOT NULL
	  AND k.keyword IN ('murder',
	                    'murder-in-title',
	                    'blood',
	                    'violence')
	  AND kt.kind IN ('movie',
	                  'episode')
	  AND mi.info IN ('Sweden',
	                  'Norway',
	                  'Germany',
	                  'Denmark',
	                  'Swedish',
	                  'Danish',
	                  'Norwegian',
	                  'German',
	                  'USA',
	                  'American')
	  AND mi_idx.info < '8.5'
	  AND t.production_year > 2005
	  AND kt.id = t.kind_id
	  AND t.id = mi.movie_id
	  AND t.id = mk.movie_id
	  AND t.id = mi_idx.movie_id
	  AND mk.movie_id = mi.movie_id
	  AND mk.movie_id = mi_idx.movie_id
	  AND mi.movie_id = mi_idx.movie_id
	  AND k.id = mk.keyword_id
	  AND it1.id = mi.info_type_id
	  AND it2.id = mi_idx.info_type_id;
	
	
2026-02-06 02:18:50.583 UTC [3102786] AiChaosN@imdbload LOG:  Bao planning selected arm 8, in 356.385000 CPU ms.
2026-02-06 02:18:50.583 UTC [3102786] AiChaosN@imdbload STATEMENT:  SELECT MIN(t.title) AS complete_downey_ironman_movie
	FROM complete_cast AS cc,
	     comp_cast_type AS cct1,
	     comp_cast_type AS cct2,
	     char_name AS chn,
	     cast_info AS ci,
	     keyword AS k,
	     kind_type AS kt,
	     movie_keyword AS mk,
	     name AS n,
	     title AS t
	WHERE cct1.kind = 'cast'
	  AND cct2.kind LIKE '%complete%'
	  AND chn.name NOT LIKE '%Sherlock%'
	  AND (chn.name LIKE '%Tony%Stark%'
	       OR chn.name LIKE '%Iron%Man%')
	  AND k.keyword IN ('superhero',
	                    'sequel',
	                    'second-part',
	                    'marvel-comics',
	                    'based-on-comic',
	                    'tv-special',
	                    'fight',
	                    'violence')
	  AND kt.kind = 'movie'
	  AND n.name LIKE '%Downey%Robert%'
	  AND t.production_year > 2000
	  AND kt.id = t.kind_id
	  AND t.id = mk.movie_id
	  AND t.id = ci.movie_id
	  AND t.id = cc.movie_id
	  AND mk.movie_id = ci.movie_id
	  AND mk.movie_id = cc.movie_id
	  AND ci.movie_id = cc.movie_id
	  AND chn.id = ci.person_role_id
	  AND n.id = ci.person_id
	  AND k.id = mk.keyword_id
	  AND cct1.id = cc.subject_id
	  AND cct2.id = cc.status_id;
	
	
2026-02-06 02:19:00.021 UTC [3102954] AiChaosN@imdbload LOG:  Bao planning selected arm 8, in 150.426000 CPU ms.
2026-02-06 02:19:00.021 UTC [3102954] AiChaosN@imdbload STATEMENT:  SELECT MIN(mi_idx.info) AS rating,
	       MIN(t.title) AS movie_title
	FROM info_type AS it,
	     keyword AS k,
	     movie_info_idx AS mi_idx,
	     movie_keyword AS mk,
	     title AS t
	WHERE it.info ='rating'
	  AND k.keyword LIKE '%sequel%'
	  AND mi_idx.info > '9.0'
	  AND t.production_year > 2010
	  AND t.id = mi_idx.movie_id
	  AND t.id = mk.movie_id
	  AND mk.movie_id = mi_idx.movie_id
	  AND k.id = mk.keyword_id
	  AND it.id = mi_idx.info_type_id;
	
	
2026-02-06 02:19:01.772 UTC [3102990] AiChaosN@imdbload LOG:  Bao planning selected arm 8, in 257.679000 CPU ms.
2026-02-06 02:19:01.772 UTC [3102990] AiChaosN@imdbload STATEMENT:  SELECT MIN(cn.name) AS producing_company,
	       MIN(miidx.info) AS rating,
	       MIN(t.title) AS movie_about_winning
	FROM company_name AS cn,
	     company_type AS ct,
	     info_type AS it,
	     info_type AS it2,
	     kind_type AS kt,
	     movie_companies AS mc,
	     movie_info AS mi,
	     movie_info_idx AS miidx,
	     title AS t
	WHERE cn.country_code ='[us]'
	  AND ct.kind ='production companies'
	  AND it.info ='rating'
	  AND it2.info ='release dates'
	  AND kt.kind ='movie'
	  AND t.title != ''
	  AND (t.title LIKE 'Champion%'
	       OR t.title LIKE 'Loser%')
	  AND mi.movie_id = t.id
	  AND it2.id = mi.info_type_id
	  AND kt.id = t.kind_id
	  AND mc.movie_id = t.id
	  AND cn.id = mc.company_id
	  AND ct.id = mc.company_type_id
	  AND miidx.movie_id = t.id
	  AND it.id = miidx.info_type_id
	  AND mi.movie_id = miidx.movie_id
	  AND mi.movie_id = mc.movie_id
	  AND miidx.movie_id = mc.movie_id;
	
	
2026-02-06 02:19:05.035 UTC [3103066] AiChaosN@imdbload LOG:  Bao planning selected arm 48, in 167.699000 CPU ms.
2026-02-06 02:19:05.035 UTC [3103066] AiChaosN@imdbload STATEMENT:  SELECT MIN(n.name) AS member_in_charnamed_movie
	FROM cast_info AS ci,
	     company_name AS cn,
	     keyword AS k,
	     movie_companies AS mc,
	     movie_keyword AS mk,
	     name AS n,
	     title AS t
	WHERE k.keyword ='character-name-in-title'
	  AND n.name LIKE '%Bert%'
	  AND n.id = ci.person_id
	  AND ci.movie_id = t.id
	  AND t.id = mk.movie_id
	  AND mk.keyword_id = k.id
	  AND t.id = mc.movie_id
	  AND mc.company_id = cn.id
	  AND ci.movie_id = mc.movie_id
	  AND ci.movie_id = mk.movie_id
	  AND mc.movie_id = mk.movie_id;
	
	
2026-02-06 02:19:19.049 UTC [3103368] AiChaosN@imdbload LOG:  Bao planning selected arm 9, in 197.483000 CPU ms.
2026-02-06 02:19:19.049 UTC [3103368] AiChaosN@imdbload STATEMENT:  SELECT MIN(cn.name) AS from_company,
	       MIN(lt.link) AS movie_link_type,
	       MIN(t.title) AS sequel_movie
	FROM company_name AS cn,
	     company_type AS ct,
	     keyword AS k,
	     link_type AS lt,
	     movie_companies AS mc,
	     movie_keyword AS mk,
	     movie_link AS ml,
	     title AS t
	WHERE cn.country_code !='[pl]'
	  AND (cn.name LIKE '%Film%'
	       OR cn.name LIKE '%Warner%')
	  AND ct.kind ='production companies'
	  AND k.keyword ='sequel'
	  AND lt.link LIKE '%follows%'
	  AND mc.note IS NULL
	  AND t.production_year = 1998
	  AND t.title LIKE '%Money%'
	  AND lt.id = ml.link_type_id
	  AND ml.movie_id = t.id
	  AND t.id = mk.movie_id
	  AND mk.keyword_id = k.id
	  AND t.id = mc.movie_id
	  AND mc.company_type_id = ct.id
	  AND mc.company_id = cn.id
	  AND ml.movie_id = mk.movie_id
	  AND ml.movie_id = mc.movie_id
	  AND mk.movie_id = mc.movie_id;
	
	
2026-02-06 02:19:19.341 UTC [3103369] AiChaosN@imdbload LOG:  Bao planning selected arm 9, in 202.402000 CPU ms.
2026-02-06 02:19:19.341 UTC [3103369] AiChaosN@imdbload STATEMENT:  SELECT MIN(cn.name) AS from_company,
	       MIN(lt.link) AS movie_link_type,
	       MIN(t.title) AS non_polish_sequel_movie
	FROM company_name AS cn,
	     company_type AS ct,
	     keyword AS k,
	     link_type AS lt,
	     movie_companies AS mc,
	     movie_keyword AS mk,
	     movie_link AS ml,
	     title AS t
	WHERE cn.country_code !='[pl]'
	  AND (cn.name LIKE '%Film%'
	       OR cn.name LIKE '%Warner%')
	  AND ct.kind ='production companies'
	  AND k.keyword ='sequel'
	  AND lt.link LIKE '%follow%'
	  AND mc.note IS NULL
	  AND t.production_year BETWEEN 1950 AND 2000
	  AND lt.id = ml.link_type_id
	  AND ml.movie_id = t.id
	  AND t.id = mk.movie_id
	  AND mk.keyword_id = k.id
	  AND t.id = mc.movie_id
	  AND mc.company_type_id = ct.id
	  AND mc.company_id = cn.id
	  AND ml.movie_id = mk.movie_id
	  AND ml.movie_id = mc.movie_id
	  AND mk.movie_id = mc.movie_id;
	
	
2026-02-06 02:22:54.283 UTC [3106856] AiChaosN@imdbload LOG:  Bao planning selected arm 16, in 810.674000 CPU ms.
2026-02-06 02:22:54.283 UTC [3106856] AiChaosN@imdbload STATEMENT:  SELECT MIN(cn.name) AS movie_company,
	       MIN(mi_idx.info) AS rating,
	       MIN(t.title) AS western_violent_movie
	FROM company_name AS cn,
	     company_type AS ct,
	     info_type AS it1,
	     info_type AS it2,
	     keyword AS k,
	     kind_type AS kt,
	     movie_companies AS mc,
	     movie_info AS mi,
	     movie_info_idx AS mi_idx,
	     movie_keyword AS mk,
	     title AS t
	WHERE cn.country_code != '[us]'
	  AND it1.info = 'countries'
	  AND it2.info = 'rating'
	  AND k.keyword IN ('murder',
	                    'murder-in-title',
	                    'blood',
	                    'violence')
	  AND kt.kind IN ('movie',
	                  'episode')
	  AND mc.note NOT LIKE '%(USA)%'
	  AND mc.note LIKE '%(200%)%'
	  AND mi.info IN ('Germany',
	                  'German',
	                  'USA',
	                  'American')
	  AND mi_idx.info < '7.0'
	  AND t.production_year > 2008
	  AND kt.id = t.kind_id
	  AND t.id = mi.movie_id
	  AND t.id = mk.movie_id
	  AND t.id = mi_idx.movie_id
	  AND t.id = mc.movie_id
	  AND mk.movie_id = mi.movie_id
	  AND mk.movie_id = mi_idx.movie_id
	  AND mk.movie_id = mc.movie_id
	  AND mi.movie_id = mi_idx.movie_id
	  AND mi.movie_id = mc.movie_id
	  AND mc.movie_id = mi_idx.movie_id
	  AND k.id = mk.keyword_id
	  AND it1.id = mi.info_type_id
	  AND it2.id = mi_idx.info_type_id
	  AND ct.id = mc.company_type_id
	  AND cn.id = mc.company_id;
	
	
2026-02-06 02:22:59.328 UTC [3106921] AiChaosN@imdbload LOG:  Bao planning selected arm 1, in 174.763000 CPU ms.
2026-02-06 02:22:59.328 UTC [3106921] AiChaosN@imdbload STATEMENT:  SELECT MIN(mi.info) AS movie_budget,
	       MIN(mi_idx.info) AS movie_votes,
	       MIN(t.title) AS movie_title
	FROM cast_info AS ci,
	     info_type AS it1,
	     info_type AS it2,
	     movie_info AS mi,
	     movie_info_idx AS mi_idx,
	     name AS n,
	     title AS t
	WHERE ci.note IN ('(writer)',
	                  '(head writer)',
	                  '(written by)',
	                  '(story)',
	                  '(story editor)')
	  AND it1.info = 'genres'
	  AND it2.info = 'rating'
	  AND mi.info IN ('Horror',
	                  'Thriller')
	  AND mi.note IS NULL
	  AND mi_idx.info > '8.0'
	  AND n.gender IS NOT NULL
	  AND n.gender = 'f'
	  AND t.production_year BETWEEN 2008 AND 2014
	  AND t.id = mi.movie_id
	  AND t.id = mi_idx.movie_id
	  AND t.id = ci.movie_id
	  AND ci.movie_id = mi.movie_id
	  AND ci.movie_id = mi_idx.movie_id
	  AND mi.movie_id = mi_idx.movie_id
	  AND n.id = ci.person_id
	  AND it1.id = mi.info_type_id
	  AND it2.id = mi_idx.info_type_id;
	
	
2026-02-06 02:23:09.085 UTC [3107085] AiChaosN@imdbload LOG:  Bao planning selected arm 16, in 172.584000 CPU ms.
2026-02-06 02:23:09.085 UTC [3107085] AiChaosN@imdbload STATEMENT:  SELECT MIN(n.name) AS member_in_charnamed_movie,
	       MIN(n.name) AS a1
	FROM cast_info AS ci,
	     company_name AS cn,
	     keyword AS k,
	     movie_companies AS mc,
	     movie_keyword AS mk,
	     name AS n,
	     title AS t
	WHERE k.keyword ='character-name-in-title'
	  AND n.name LIKE 'Z%'
	  AND n.id = ci.person_id
	  AND ci.movie_id = t.id
	  AND t.id = mk.movie_id
	  AND mk.keyword_id = k.id
	  AND t.id = mc.movie_id
	  AND mc.company_id = cn.id
	  AND ci.movie_id = mc.movie_id
	  AND ci.movie_id = mk.movie_id
	  AND mc.movie_id = mk.movie_id;
	
	
2026-02-06 02:23:16.975 UTC [3107223] AiChaosN@imdbload LOG:  Bao planning selected arm 12, in 147.285000 CPU ms.
2026-02-06 02:23:16.975 UTC [3107223] AiChaosN@imdbload STATEMENT:  SELECT MIN(mc.note) AS production_note,
	       MIN(t.title) AS movie_title,
	       MIN(t.production_year) AS movie_year
	FROM company_type AS ct,
	     info_type AS it,
	     movie_companies AS mc,
	     movie_info_idx AS mi_idx,
	     title AS t
	WHERE ct.kind = 'production companies'
	  AND it.info = 'bottom 10 rank'
	  AND mc.note NOT LIKE '%(as Metro-Goldwyn-Mayer Pictures)%'
	  AND t.production_year BETWEEN 2005 AND 2010
	  AND ct.id = mc.company_type_id
	  AND t.id = mc.movie_id
	  AND t.id = mi_idx.movie_id
	  AND mc.movie_id = mi_idx.movie_id
	  AND it.id = mi_idx.info_type_id;
	
	
2026-02-06 02:23:19.025 UTC [3107262] AiChaosN@imdbload LOG:  Bao planning selected arm 2, in 217.235000 CPU ms.
2026-02-06 02:23:19.025 UTC [3107262] AiChaosN@imdbload STATEMENT:  SELECT MIN(n.name) AS of_person,
	       MIN(t.title) AS biography_movie
	FROM aka_name AS an,
	     cast_info AS ci,
	     info_type AS it,
	     link_type AS lt,
	     movie_link AS ml,
	     name AS n,
	     person_info AS pi1,
	     title AS t
	WHERE an.name LIKE '%a%'
	  AND it.info ='mini biography'
	  AND lt.link ='features'
	  AND n.name_pcode_cf LIKE 'D%'
	  AND n.gender='m'
	  AND pi1.note ='Volker Boehm'
	  AND t.production_year BETWEEN 1980 AND 1984
	  AND n.id = an.person_id
	  AND n.id = pi1.person_id
	  AND ci.person_id = n.id
	  AND t.id = ci.movie_id
	  AND ml.linked_movie_id = t.id
	  AND lt.id = ml.link_type_id
	  AND it.id = pi1.info_type_id
	  AND pi1.person_id = an.person_id
	  AND pi1.person_id = ci.person_id
	  AND an.person_id = ci.person_id
	  AND ci.movie_id = ml.linked_movie_id;
	
	
2026-02-06 02:23:23.555 UTC [3107338] AiChaosN@imdbload LOG:  Bao planning selected arm 48, in 224.844000 CPU ms.
2026-02-06 02:23:23.555 UTC [3107338] AiChaosN@imdbload STATEMENT:  SELECT MIN(an.name) AS cool_actor_pseudonym,
	       MIN(t.title) AS series_named_after_char
	FROM aka_name AS an,
	     cast_info AS ci,
	     company_name AS cn,
	     keyword AS k,
	     movie_companies AS mc,
	     movie_keyword AS mk,
	     name AS n,
	     title AS t
	WHERE cn.country_code ='[us]'
	  AND k.keyword ='character-name-in-title'
	  AND an.person_id = n.id
	  AND n.id = ci.person_id
	  AND ci.movie_id = t.id
	  AND t.id = mk.movie_id
	  AND mk.keyword_id = k.id
	  AND t.id = mc.movie_id
	  AND mc.company_id = cn.id
	  AND an.person_id = ci.person_id
	  AND ci.movie_id = mc.movie_id
	  AND ci.movie_id = mk.movie_id
	  AND mc.movie_id = mk.movie_id;
	
	
2026-02-06 02:23:36.391 UTC [3107557] AiChaosN@imdbload LOG:  Bao planning selected arm 2, in 217.344000 CPU ms.
2026-02-06 02:23:36.391 UTC [3107557] AiChaosN@imdbload STATEMENT:  SELECT MIN(cn.name) AS movie_company,
	       MIN(mi_idx.info) AS rating,
	       MIN(t.title) AS mainstream_movie
	FROM company_name AS cn,
	     company_type AS ct,
	     info_type AS it1,
	     info_type AS it2,
	     movie_companies AS mc,
	     movie_info AS mi,
	     movie_info_idx AS mi_idx,
	     title AS t
	WHERE cn.country_code = '[us]'
	  AND ct.kind = 'production companies'
	  AND it1.info = 'genres'
	  AND it2.info = 'rating'
	  AND mi.info IN ('Drama',
	                  'Horror',
	                  'Western',
	                  'Family')
	  AND mi_idx.info > '7.0'
	  AND t.production_year BETWEEN 2000 AND 2010
	  AND t.id = mi.movie_id
	  AND t.id = mi_idx.movie_id
	  AND mi.info_type_id = it1.id
	  AND mi_idx.info_type_id = it2.id
	  AND t.id = mc.movie_id
	  AND ct.id = mc.company_type_id
	  AND cn.id = mc.company_id
	  AND mc.movie_id = mi.movie_id
	  AND mc.movie_id = mi_idx.movie_id
	  AND mi.movie_id = mi_idx.movie_id;
	
	
2026-02-06 02:23:40.837 UTC [3107648] AiChaosN@imdbload LOG:  Bao planning selected arm 8, in 699.653000 CPU ms.
2026-02-06 02:23:40.837 UTC [3107648] AiChaosN@imdbload STATEMENT:  SELECT MIN(kt.kind) AS movie_kind,
	       MIN(t.title) AS complete_nerdy_internet_movie
	FROM complete_cast AS cc,
	     comp_cast_type AS cct1,
	     company_name AS cn,
	     company_type AS ct,
	     info_type AS it1,
	     keyword AS k,
	     kind_type AS kt,
	     movie_companies AS mc,
	     movie_info AS mi,
	     movie_keyword AS mk,
	     title AS t
	WHERE cct1.kind = 'complete+verified'
	  AND cn.country_code = '[us]'
	  AND it1.info = 'release dates'
	  AND k.keyword IN ('nerd',
	                    'loner',
	                    'alienation',
	                    'dignity')
	  AND kt.kind IN ('movie')
	  AND mi.note LIKE '%internet%'
	  AND mi.info LIKE 'USA:% 200%'
	  AND t.production_year > 2000
	  AND kt.id = t.kind_id
	  AND t.id = mi.movie_id
	  AND t.id = mk.movie_id
	  AND t.id = mc.movie_id
	  AND t.id = cc.movie_id
	  AND mk.movie_id = mi.movie_id
	  AND mk.movie_id = mc.movie_id
	  AND mk.movie_id = cc.movie_id
	  AND mi.movie_id = mc.movie_id
	  AND mi.movie_id = cc.movie_id
	  AND mc.movie_id = cc.movie_id
	  AND k.id = mk.keyword_id
	  AND it1.id = mi.info_type_id
	  AND cn.id = mc.company_id
	  AND ct.id = mc.company_type_id
	  AND cct1.id = cc.status_id;
	
	
2026-02-06 02:23:44.645 UTC [3107735] AiChaosN@imdbload LOG:  Bao planning selected arm 16, in 466.620000 CPU ms.
2026-02-06 02:23:44.645 UTC [3107735] AiChaosN@imdbload STATEMENT:  SELECT MIN(n.name) AS voicing_actress,
	       MIN(t.title) AS jap_engl_voiced_movie
	FROM aka_name AS an,
	     char_name AS chn,
	     cast_info AS ci,
	     company_name AS cn,
	     info_type AS it,
	     movie_companies AS mc,
	     movie_info AS mi,
	     name AS n,
	     role_type AS rt,
	     title AS t
	WHERE ci.note IN ('(voice)',
	                  '(voice: Japanese version)',
	                  '(voice) (uncredited)',
	                  '(voice: English version)')
	  AND cn.country_code ='[us]'
	  AND it.info = 'release dates'
	  AND mi.info IS NOT NULL
	  AND (mi.info LIKE 'Japan:%200%'
	       OR mi.info LIKE 'USA:%200%')
	  AND n.gender ='f'
	  AND n.name LIKE '%An%'
	  AND rt.role ='actress'
	  AND t.production_year > 2000
	  AND t.id = mi.movie_id
	  AND t.id = mc.movie_id
	  AND t.id = ci.movie_id
	  AND mc.movie_id = ci.movie_id
	  AND mc.movie_id = mi.movie_id
	  AND mi.movie_id = ci.movie_id
	  AND cn.id = mc.company_id
	  AND it.id = mi.info_type_id
	  AND n.id = ci.person_id
	  AND rt.id = ci.role_id
	  AND n.id = an.person_id
	  AND ci.person_id = an.person_id
	  AND chn.id = ci.person_role_id;
	
	
2026-02-06 02:23:55.634 UTC [3107946] AiChaosN@imdbload LOG:  Bao planning selected arm 16, in 713.350000 CPU ms.
2026-02-06 02:23:55.634 UTC [3107946] AiChaosN@imdbload STATEMENT:  SELECT MIN(cn.name) AS movie_company,
	       MIN(mi_idx.info) AS rating,
	       MIN(t.title) AS western_violent_movie
	FROM company_name AS cn,
	     company_type AS ct,
	     info_type AS it1,
	     info_type AS it2,
	     keyword AS k,
	     kind_type AS kt,
	     movie_companies AS mc,
	     movie_info AS mi,
	     movie_info_idx AS mi_idx,
	     movie_keyword AS mk,
	     title AS t
	WHERE cn.country_code != '[us]'
	  AND it1.info = 'countries'
	  AND it2.info = 'rating'
	  AND k.keyword IN ('murder',
	                    'murder-in-title',
	                    'blood',
	                    'violence')
	  AND kt.kind IN ('movie',
	                  'episode')
	  AND mc.note NOT LIKE '%(USA)%'
	  AND mc.note LIKE '%(200%)%'
	  AND mi.info IN ('Germany',
	                  'German',
	                  'USA',
	                  'American')
	  AND mi_idx.info < '7.0'
	  AND t.production_year > 2009
	  AND kt.id = t.kind_id
	  AND t.id = mi.movie_id
	  AND t.id = mk.movie_id
	  AND t.id = mi_idx.movie_id
	  AND t.id = mc.movie_id
	  AND mk.movie_id = mi.movie_id
	  AND mk.movie_id = mi_idx.movie_id
	  AND mk.movie_id = mc.movie_id
	  AND mi.movie_id = mi_idx.movie_id
	  AND mi.movie_id = mc.movie_id
	  AND mc.movie_id = mi_idx.movie_id
	  AND k.id = mk.keyword_id
	  AND it1.id = mi.info_type_id
	  AND it2.id = mi_idx.info_type_id
	  AND ct.id = mc.company_type_id
	  AND cn.id = mc.company_id;
	
	
2026-02-06 02:24:05.404 UTC [3108177] AiChaosN@imdbload LOG:  Bao planning selected arm 37, in 129.088000 CPU ms.
2026-02-06 02:24:05.404 UTC [3108177] AiChaosN@imdbload STATEMENT:  SELECT MIN(k.keyword) AS movie_keyword,
	       MIN(n.name) AS actor_name,
	       MIN(t.title) AS marvel_movie
	FROM cast_info AS ci,
	     keyword AS k,
	     movie_keyword AS mk,
	     name AS n,
	     title AS t
	WHERE k.keyword = 'marvel-cinematic-universe'
	  AND n.name LIKE '%Downey%Robert%'
	  AND t.production_year > 2014
	  AND k.id = mk.keyword_id
	  AND t.id = mk.movie_id
	  AND t.id = ci.movie_id
	  AND ci.movie_id = mk.movie_id
	  AND n.id = ci.person_id;
	
	
2026-02-06 02:24:15.088 UTC [3108330] AiChaosN@imdbload LOG:  Bao planning selected arm 0, in 946.764000 CPU ms.
2026-02-06 02:24:15.088 UTC [3108330] AiChaosN@imdbload STATEMENT:  SELECT MIN(mi.info) AS movie_budget,
	       MIN(mi_idx.info) AS movie_votes,
	       MIN(n.name) AS writer,
	       MIN(t.title) AS violent_liongate_movie
	FROM cast_info AS ci,
	     company_name AS cn,
	     info_type AS it1,
	     info_type AS it2,
	     keyword AS k,
	     movie_companies AS mc,
	     movie_info AS mi,
	     movie_info_idx AS mi_idx,
	     movie_keyword AS mk,
	     name AS n,
	     title AS t
	WHERE ci.note IN ('(writer)',
	                  '(head writer)',
	                  '(written by)',
	                  '(story)',
	                  '(story editor)')
	  AND cn.name LIKE 'Lionsgate%'
	  AND it1.info = 'genres'
	  AND it2.info = 'votes'
	  AND k.keyword IN ('murder',
	                    'violence',
	                    'blood',
	                    'gore',
	                    'death',
	                    'female-nudity',
	                    'hospital')
	  AND mc.note LIKE '%(Blu-ray)%'
	  AND mi.info IN ('Horror',
	                  'Thriller')
	  AND n.gender = 'm'
	  AND t.production_year > 2000
	  AND (t.title LIKE '%Freddy%'
	       OR t.title LIKE '%Jason%'
	       OR t.title LIKE 'Saw%')
	  AND t.id = mi.movie_id
	  AND t.id = mi_idx.movie_id
	  AND t.id = ci.movie_id
	  AND t.id = mk.movie_id
	  AND t.id = mc.movie_id
	  AND ci.movie_id = mi.movie_id
	  AND ci.movie_id = mi_idx.movie_id
	  AND ci.movie_id = mk.movie_id
	  AND ci.movie_id = mc.movie_id
	  AND mi.movie_id = mi_idx.movie_id
	  AND mi.movie_id = mk.movie_id
	  AND mi.movie_id = mc.movie_id
	  AND mi_idx.movie_id = mk.movie_id
	  AND mi_idx.movie_id = mc.movie_id
	  AND mk.movie_id = mc.movie_id
	  AND n.id = ci.person_id
	  AND it1.id = mi.info_type_id
	  AND it2.id = mi_idx.info_type_id
	  AND k.id = mk.keyword_id
	  AND cn.id = mc.company_id;
	
	
2026-02-06 02:24:15.547 UTC [3108375] AiChaosN@imdbload LOG:  Bao planning selected arm 37, in 147.537000 CPU ms.
2026-02-06 02:24:15.547 UTC [3108375] AiChaosN@imdbload STATEMENT:  SELECT MIN(lt.link) AS link_type,
	       MIN(t1.title) AS first_movie,
	       MIN(t2.title) AS second_movie
	FROM keyword AS k,
	     link_type AS lt,
	     movie_keyword AS mk,
	     movie_link AS ml,
	     title AS t1,
	     title AS t2
	WHERE k.keyword ='10,000-mile-club'
	  AND mk.keyword_id = k.id
	  AND t1.id = mk.movie_id
	  AND ml.movie_id = t1.id
	  AND ml.linked_movie_id = t2.id
	  AND lt.id = ml.link_type_id
	  AND mk.movie_id = t1.id;
	
	
2026-02-06 02:24:17.954 UTC [3108413] AiChaosN@imdbload LOG:  Bao planning selected arm 36, in 901.518000 CPU ms.
2026-02-06 02:24:17.954 UTC [3108413] AiChaosN@imdbload STATEMENT:  SELECT MIN(mi.info) AS movie_budget,
	       MIN(mi_idx.info) AS movie_votes,
	       MIN(n.name) AS writer,
	       MIN(t.title) AS violent_liongate_movie
	FROM cast_info AS ci,
	     company_name AS cn,
	     info_type AS it1,
	     info_type AS it2,
	     keyword AS k,
	     movie_companies AS mc,
	     movie_info AS mi,
	     movie_info_idx AS mi_idx,
	     movie_keyword AS mk,
	     name AS n,
	     title AS t
	WHERE ci.note IN ('(writer)',
	                  '(head writer)',
	                  '(written by)',
	                  '(story)',
	                  '(story editor)')
	  AND cn.name LIKE 'Lionsgate%'
	  AND it1.info = 'genres'
	  AND it2.info = 'votes'
	  AND k.keyword IN ('murder',
	                    'violence',
	                    'blood',
	                    'gore',
	                    'death',
	                    'female-nudity',
	                    'hospital')
	  AND mi.info IN ('Horror',
	                  'Thriller')
	  AND n.gender = 'm'
	  AND t.id = mi.movie_id
	  AND t.id = mi_idx.movie_id
	  AND t.id = ci.movie_id
	  AND t.id = mk.movie_id
	  AND t.id = mc.movie_id
	  AND ci.movie_id = mi.movie_id
	  AND ci.movie_id = mi_idx.movie_id
	  AND ci.movie_id = mk.movie_id
	  AND ci.movie_id = mc.movie_id
	  AND mi.movie_id = mi_idx.movie_id
	  AND mi.movie_id = mk.movie_id
	  AND mi.movie_id = mc.movie_id
	  AND mi_idx.movie_id = mk.movie_id
	  AND mi_idx.movie_id = mc.movie_id
	  AND mk.movie_id = mc.movie_id
	  AND n.id = ci.person_id
	  AND it1.id = mi.info_type_id
	  AND it2.id = mi_idx.info_type_id
	  AND k.id = mk.keyword_id
	  AND cn.id = mc.company_id;
	
	
2026-02-06 02:24:26.065 UTC [3108568] AiChaosN@imdbload LOG:  Bao planning selected arm 3, in 313.405000 CPU ms.
2026-02-06 02:24:26.065 UTC [3108568] AiChaosN@imdbload STATEMENT:  SELECT MIN(cn.name) AS company_name,
	       MIN(lt.link) AS link_type,
	       MIN(t.title) AS western_follow_up
	FROM company_name AS cn,
	     company_type AS ct,
	     keyword AS k,
	     link_type AS lt,
	     movie_companies AS mc,
	     movie_info AS mi,
	     movie_keyword AS mk,
	     movie_link AS ml,
	     title AS t
	WHERE cn.country_code !='[pl]'
	  AND (cn.name LIKE '%Film%'
	       OR cn.name LIKE '%Warner%')
	  AND ct.kind ='production companies'
	  AND k.keyword ='sequel'
	  AND lt.link LIKE '%follow%'
	  AND mc.note IS NULL
	  AND mi.info IN ('Sweden',
	                  'Norway',
	                  'Germany',
	                  'Denmark',
	                  'Swedish',
	                  'Denish',
	                  'Norwegian',
	                  'German')
	  AND t.production_year BETWEEN 1950 AND 2000
	  AND lt.id = ml.link_type_id
	  AND ml.movie_id = t.id
	  AND t.id = mk.movie_id
	  AND mk.keyword_id = k.id
	  AND t.id = mc.movie_id
	  AND mc.company_type_id = ct.id
	  AND mc.company_id = cn.id
	  AND mi.movie_id = t.id
	  AND ml.movie_id = mk.movie_id
	  AND ml.movie_id = mc.movie_id
	  AND mk.movie_id = mc.movie_id
	  AND ml.movie_id = mi.movie_id
	  AND mk.movie_id = mi.movie_id
	  AND mc.movie_id = mi.movie_id;
	
	
2026-02-06 02:24:26.375 UTC [3108569] AiChaosN@imdbload LOG:  Bao planning selected arm 39, in 202.782000 CPU ms.
2026-02-06 02:24:26.375 UTC [3108569] AiChaosN@imdbload STATEMENT:  SELECT MIN(cn.name) AS from_company,
	       MIN(mc.note) AS production_note,
	       MIN(t.title) AS movie_based_on_book
	FROM company_name AS cn,
	     company_type AS ct,
	     keyword AS k,
	     link_type AS lt,
	     movie_companies AS mc,
	     movie_keyword AS mk,
	     movie_link AS ml,
	     title AS t
	WHERE cn.country_code !='[pl]'
	  AND (cn.name LIKE '20th Century Fox%'
	       OR cn.name LIKE 'Twentieth Century Fox%')
	  AND ct.kind != 'production companies'
	  AND ct.kind IS NOT NULL
	  AND k.keyword IN ('sequel',
	                    'revenge',
	                    'based-on-novel')
	  AND mc.note IS NOT NULL
	  AND t.production_year > 1950
	  AND lt.id = ml.link_type_id
	  AND ml.movie_id = t.id
	  AND t.id = mk.movie_id
	  AND mk.keyword_id = k.id
	  AND t.id = mc.movie_id
	  AND mc.company_type_id = ct.id
	  AND mc.company_id = cn.id
	  AND ml.movie_id = mk.movie_id
	  AND ml.movie_id = mc.movie_id
	  AND mk.movie_id = mc.movie_id;
	
	
2026-02-06 02:24:28.658 UTC [3108594] AiChaosN@imdbload LOG:  Bao planning selected arm 0, in 1670.762000 CPU ms.
2026-02-06 02:24:28.658 UTC [3108594] AiChaosN@imdbload STATEMENT:  SELECT MIN(mi.info) AS movie_budget,
	       MIN(mi_idx.info) AS movie_votes,
	       MIN(n.name) AS writer,
	       MIN(t.title) AS complete_gore_movie
	FROM complete_cast AS cc,
	     comp_cast_type AS cct1,
	     comp_cast_type AS cct2,
	     cast_info AS ci,
	     info_type AS it1,
	     info_type AS it2,
	     keyword AS k,
	     movie_info AS mi,
	     movie_info_idx AS mi_idx,
	     movie_keyword AS mk,
	     name AS n,
	     title AS t
	WHERE cct1.kind IN ('cast',
	                    'crew')
	  AND cct2.kind ='complete+verified'
	  AND ci.note IN ('(writer)',
	                  '(head writer)',
	                  '(written by)',
	                  '(story)',
	                  '(story editor)')
	  AND it1.info = 'genres'
	  AND it2.info = 'votes'
	  AND k.keyword IN ('murder',
	                    'violence',
	                    'blood',
	                    'gore',
	                    'death',
	                    'female-nudity',
	                    'hospital')
	  AND mi.info IN ('Horror',
	                  'Thriller')
	  AND n.gender = 'm'
	  AND t.production_year > 2000
	  AND (t.title LIKE '%Freddy%'
	       OR t.title LIKE '%Jason%'
	       OR t.title LIKE 'Saw%')
	  AND t.id = mi.movie_id
	  AND t.id = mi_idx.movie_id
	  AND t.id = ci.movie_id
	  AND t.id = mk.movie_id
	  AND t.id = cc.movie_id
	  AND ci.movie_id = mi.movie_id
	  AND ci.movie_id = mi_idx.movie_id
	  AND ci.movie_id = mk.movie_id
	  AND ci.movie_id = cc.movie_id
	  AND mi.movie_id = mi_idx.movie_id
	  AND mi.movie_id = mk.movie_id
	  AND mi.movie_id = cc.movie_id
	  AND mi_idx.movie_id = mk.movie_id
	  AND mi_idx.movie_id = cc.movie_id
	  AND mk.movie_id = cc.movie_id
	  AND n.id = ci.person_id
	  AND it1.id = mi.info_type_id
	  AND it2.id = mi_idx.info_type_id
	  AND k.id = mk.keyword_id
	  AND cct1.id = cc.subject_id
	  AND cct2.id = cc.status_id;
	
	
2026-02-06 02:24:30.547 UTC [3108632] AiChaosN@imdbload LOG:  Bao planning selected arm 3, in 1566.785000 CPU ms.
2026-02-06 02:24:30.547 UTC [3108632] AiChaosN@imdbload STATEMENT:  SELECT MIN(chn.name) AS voiced_char_name,
	       MIN(n.name) AS voicing_actress_name,
	       MIN(t.title) AS voiced_action_movie_jap_eng
	FROM aka_name AS an,
	     char_name AS chn,
	     cast_info AS ci,
	     company_name AS cn,
	     info_type AS it,
	     keyword AS k,
	     movie_companies AS mc,
	     movie_info AS mi,
	     movie_keyword AS mk,
	     name AS n,
	     role_type AS rt,
	     title AS t
	WHERE ci.note IN ('(voice)',
	                  '(voice: Japanese version)',
	                  '(voice) (uncredited)',
	                  '(voice: English version)')
	  AND cn.country_code ='[us]'
	  AND it.info = 'release dates'
	  AND k.keyword IN ('hero',
	                    'martial-arts',
	                    'hand-to-hand-combat')
	  AND mi.info IS NOT NULL
	  AND (mi.info LIKE 'Japan:%201%'
	       OR mi.info LIKE 'USA:%201%')
	  AND n.gender ='f'
	  AND n.name LIKE '%An%'
	  AND rt.role ='actress'
	  AND t.production_year > 2010
	  AND t.id = mi.movie_id
	  AND t.id = mc.movie_id
	  AND t.id = ci.movie_id
	  AND t.id = mk.movie_id
	  AND mc.movie_id = ci.movie_id
	  AND mc.movie_id = mi.movie_id
	  AND mc.movie_id = mk.movie_id
	  AND mi.movie_id = ci.movie_id
	  AND mi.movie_id = mk.movie_id
	  AND ci.movie_id = mk.movie_id
	  AND cn.id = mc.company_id
	  AND it.id = mi.info_type_id
	  AND n.id = ci.person_id
	  AND rt.id = ci.role_id
	  AND n.id = an.person_id
	  AND ci.person_id = an.person_id
	  AND chn.id = ci.person_role_id
	  AND k.id = mk.keyword_id;
	
	
2026-02-06 02:24:31.111 UTC [3108657] AiChaosN@imdbload LOG:  Bao planning selected arm 37, in 136.678000 CPU ms.
2026-02-06 02:24:31.111 UTC [3108657] AiChaosN@imdbload STATEMENT:  SELECT MIN(t.title) AS movie_title
	FROM company_name AS cn,
	     keyword AS k,
	     movie_companies AS mc,
	     movie_keyword AS mk,
	     title AS t
	WHERE cn.country_code ='[de]'
	  AND k.keyword ='character-name-in-title'
	  AND cn.id = mc.company_id
	  AND mc.movie_id = t.id
	  AND t.id = mk.movie_id
	  AND mk.keyword_id = k.id
	  AND mc.movie_id = mk.movie_id;
	
	
2026-02-06 02:25:02.952 UTC [3108657] AiChaosN@imdbload ERROR:  canceling statement due to statement timeout
2026-02-06 02:25:02.952 UTC [3108657] AiChaosN@imdbload STATEMENT:  SELECT MIN(t.title) AS movie_title
	FROM company_name AS cn,
	     keyword AS k,
	     movie_companies AS mc,
	     movie_keyword AS mk,
	     title AS t
	WHERE cn.country_code ='[de]'
	  AND k.keyword ='character-name-in-title'
	  AND cn.id = mc.company_id
	  AND mc.movie_id = t.id
	  AND t.id = mk.movie_id
	  AND mk.keyword_id = k.id
	  AND mc.movie_id = mk.movie_id;
	
	
2026-02-06 02:25:03.473 UTC [3109254] AiChaosN@imdbload LOG:  Bao planning selected arm 44, in 469.877000 CPU ms.
2026-02-06 02:25:03.473 UTC [3109254] AiChaosN@imdbload STATEMENT:  SELECT MIN(n.name) AS voicing_actress,
	       MIN(t.title) AS jap_engl_voiced_movie
	FROM aka_name AS an,
	     char_name AS chn,
	     cast_info AS ci,
	     company_name AS cn,
	     info_type AS it,
	     movie_companies AS mc,
	     movie_info AS mi,
	     name AS n,
	     role_type AS rt,
	     title AS t
	WHERE ci.note IN ('(voice)',
	                  '(voice: Japanese version)',
	                  '(voice) (uncredited)',
	                  '(voice: English version)')
	  AND cn.country_code ='[us]'
	  AND it.info = 'release dates'
	  AND n.gender ='f'
	  AND rt.role ='actress'
	  AND t.production_year > 2000
	  AND t.id = mi.movie_id
	  AND t.id = mc.movie_id
	  AND t.id = ci.movie_id
	  AND mc.movie_id = ci.movie_id
	  AND mc.movie_id = mi.movie_id
	  AND mi.movie_id = ci.movie_id
	  AND cn.id = mc.company_id
	  AND it.id = mi.info_type_id
	  AND n.id = ci.person_id
	  AND rt.id = ci.role_id
	  AND n.id = an.person_id
	  AND ci.person_id = an.person_id
	  AND chn.id = ci.person_role_id;
	
	
2026-02-06 02:25:17.178 UTC [3109550] AiChaosN@imdbload LOG:  Bao planning selected arm 27, in 127.283000 CPU ms.
2026-02-06 02:25:17.178 UTC [3109550] AiChaosN@imdbload STATEMENT:  SELECT MIN(t.title) AS movie_title
	FROM keyword AS k,
	     movie_info AS mi,
	     movie_keyword AS mk,
	     title AS t
	WHERE k.keyword LIKE '%sequel%'
	  AND mi.info IN ('Bulgaria')
	  AND t.production_year > 2010
	  AND t.id = mi.movie_id
	  AND t.id = mk.movie_id
	  AND mk.movie_id = mi.movie_id
	  AND k.id = mk.keyword_id;
	
	
2026-02-06 02:25:21.542 UTC [3109644] AiChaosN@imdbload LOG:  Bao planning selected arm 0, in 160.204000 CPU ms.
2026-02-06 02:25:21.542 UTC [3109644] AiChaosN@imdbload STATEMENT:  SELECT MIN(chn.name) AS uncredited_voiced_character,
	       MIN(t.title) AS russian_movie
	FROM char_name AS chn,
	     cast_info AS ci,
	     company_name AS cn,
	     company_type AS ct,
	     movie_companies AS mc,
	     role_type AS rt,
	     title AS t
	WHERE ci.note LIKE '%(voice)%'
	  AND ci.note LIKE '%(uncredited)%'
	  AND cn.country_code = '[ru]'
	  AND rt.role = 'actor'
	  AND t.production_year > 2005
	  AND t.id = mc.movie_id
	  AND t.id = ci.movie_id
	  AND ci.movie_id = mc.movie_id
	  AND chn.id = ci.person_role_id
	  AND rt.id = ci.role_id
	  AND cn.id = mc.company_id
	  AND ct.id = mc.company_type_id;
	
	
2026-02-06 02:25:22.845 UTC [3109665] AiChaosN@imdbload LOG:  Bao planning selected arm 40, in 683.308000 CPU ms.
2026-02-06 02:25:22.845 UTC [3109665] AiChaosN@imdbload STATEMENT:  SELECT MIN(kt.kind) AS movie_kind,
	       MIN(t.title) AS complete_us_internet_movie
	FROM complete_cast AS cc,
	     comp_cast_type AS cct1,
	     company_name AS cn,
	     company_type AS ct,
	     info_type AS it1,
	     keyword AS k,
	     kind_type AS kt,
	     movie_companies AS mc,
	     movie_info AS mi,
	     movie_keyword AS mk,
	     title AS t
	WHERE cct1.kind = 'complete+verified'
	  AND cn.country_code = '[us]'
	  AND it1.info = 'release dates'
	  AND kt.kind IN ('movie',
	                  'tv movie',
	                  'video movie',
	                  'video game')
	  AND mi.note LIKE '%internet%'
	  AND mi.info IS NOT NULL
	  AND (mi.info LIKE 'USA:% 199%'
	       OR mi.info LIKE 'USA:% 200%')
	  AND t.production_year > 1990
	  AND kt.id = t.kind_id
	  AND t.id = mi.movie_id
	  AND t.id = mk.movie_id
	  AND t.id = mc.movie_id
	  AND t.id = cc.movie_id
	  AND mk.movie_id = mi.movie_id
	  AND mk.movie_id = mc.movie_id
	  AND mk.movie_id = cc.movie_id
	  AND mi.movie_id = mc.movie_id
	  AND mi.movie_id = cc.movie_id
	  AND mc.movie_id = cc.movie_id
	  AND k.id = mk.keyword_id
	  AND it1.id = mi.info_type_id
	  AND cn.id = mc.company_id
	  AND ct.id = mc.company_type_id
	  AND cct1.id = cc.status_id;
	
	
2026-02-06 02:25:28.505 UTC [3109678] AiChaosN@imdbload LOG:  Bao planning selected arm 17, in 5293.215000 CPU ms.
2026-02-06 02:25:28.505 UTC [3109678] AiChaosN@imdbload STATEMENT:  SELECT MIN(cn.name) AS movie_company,
	       MIN(mi_idx.info) AS rating,
	       MIN(t.title) AS complete_euro_dark_movie
	FROM complete_cast AS cc,
	     comp_cast_type AS cct1,
	     comp_cast_type AS cct2,
	     company_name AS cn,
	     company_type AS ct,
	     info_type AS it1,
	     info_type AS it2,
	     keyword AS k,
	     kind_type AS kt,
	     movie_companies AS mc,
	     movie_info AS mi,
	     movie_info_idx AS mi_idx,
	     movie_keyword AS mk,
	     title AS t
	WHERE cct1.kind = 'cast'
	  AND cct2.kind = 'complete'
	  AND cn.country_code != '[us]'
	  AND it1.info = 'countries'
	  AND it2.info = 'rating'
	  AND k.keyword IN ('murder',
	                    'murder-in-title',
	                    'blood',
	                    'violence')
	  AND kt.kind IN ('movie',
	                  'episode')
	  AND mc.note NOT LIKE '%(USA)%'
	  AND mc.note LIKE '%(200%)%'
	  AND mi.info IN ('Sweden',
	                  'Norway',
	                  'Germany',
	                  'Denmark',
	                  'Swedish',
	                  'Danish',
	                  'Norwegian',
	                  'German',
	                  'USA',
	                  'American')
	  AND mi_idx.info < '8.5'
	  AND t.production_year > 2005
	  AND kt.id = t.kind_id
	  AND t.id = mi.movie_id
	  AND t.id = mk.movie_id
	  AND t.id = mi_idx.movie_id
	  AND t.id = mc.movie_id
	  AND t.id = cc.movie_id
	  AND mk.movie_id = mi.movie_id
	  AND mk.movie_id = mi_idx.movie_id
	  AND mk.movie_id = mc.movie_id
	  AND mk.movie_id = cc.movie_id
	  AND mi.movie_id = mi_idx.movie_id
	  AND mi.movie_id = mc.movie_id
	  AND mi.movie_id = cc.movie_id
	  AND mc.movie_id = mi_idx.movie_id
	  AND mc.movie_id = cc.movie_id
	  AND mi_idx.movie_id = cc.movie_id
	  AND k.id = mk.keyword_id
	  AND it1.id = mi.info_type_id
	  AND it2.id = mi_idx.info_type_id
	  AND ct.id = mc.company_type_id
	  AND cn.id = mc.company_id
	  AND cct1.id = cc.subject_id
	  AND cct2.id = cc.status_id;
	
	
2026-02-06 02:25:30.040 UTC [3109807] AiChaosN@imdbload LOG:  Bao planning selected arm 17, in 673.371000 CPU ms.
2026-02-06 02:25:30.040 UTC [3109807] AiChaosN@imdbload STATEMENT:  SELECT MIN(cn.name) AS movie_company,
	       MIN(mi_idx.info) AS rating,
	       MIN(t.title) AS western_violent_movie
	FROM company_name AS cn,
	     company_type AS ct,
	     info_type AS it1,
	     info_type AS it2,
	     keyword AS k,
	     kind_type AS kt,
	     movie_companies AS mc,
	     movie_info AS mi,
	     movie_info_idx AS mi_idx,
	     movie_keyword AS mk,
	     title AS t
	WHERE cn.country_code != '[us]'
	  AND it1.info = 'countries'
	  AND it2.info = 'rating'
	  AND k.keyword IN ('murder',
	                    'murder-in-title',
	                    'blood',
	                    'violence')
	  AND kt.kind IN ('movie',
	                  'episode')
	  AND mi.info IN ('Sweden',
	                  'Norway',
	                  'Germany',
	                  'Denmark',
	                  'Swedish',
	                  'Danish',
	                  'Norwegian',
	                  'German',
	                  'USA',
	                  'American')
	  AND mi_idx.info < '8.5'
	  AND t.production_year > 2005
	  AND kt.id = t.kind_id
	  AND t.id = mi.movie_id
	  AND t.id = mk.movie_id
	  AND t.id = mi_idx.movie_id
	  AND t.id = mc.movie_id
	  AND mk.movie_id = mi.movie_id
	  AND mk.movie_id = mi_idx.movie_id
	  AND mk.movie_id = mc.movie_id
	  AND mi.movie_id = mi_idx.movie_id
	  AND mi.movie_id = mc.movie_id
	  AND mc.movie_id = mi_idx.movie_id
	  AND k.id = mk.keyword_id
	  AND it1.id = mi.info_type_id
	  AND it2.id = mi_idx.info_type_id
	  AND ct.id = mc.company_type_id
	  AND cn.id = mc.company_id;
	
	
2026-02-06 02:25:30.842 UTC [3109840] AiChaosN@imdbload LOG:  Bao planning selected arm 27, in 195.680000 CPU ms.
2026-02-06 02:25:30.842 UTC [3109840] AiChaosN@imdbload STATEMENT:  SELECT MIN(mi_idx.info) AS rating,
	       MIN(t.title) AS northern_dark_movie
	FROM info_type AS it1,
	     info_type AS it2,
	     keyword AS k,
	     kind_type AS kt,
	     movie_info AS mi,
	     movie_info_idx AS mi_idx,
	     movie_keyword AS mk,
	     title AS t
	WHERE it1.info = 'countries'
	  AND it2.info = 'rating'
	  AND k.keyword IN ('murder',
	                    'murder-in-title',
	                    'blood',
	                    'violence')
	  AND kt.kind = 'movie'
	  AND mi.info IN ('Sweden',
	                  'Norway',
	                  'Germany',
	                  'Denmark',
	                  'Swedish',
	                  'Denish',
	                  'Norwegian',
	                  'German',
	                  'USA',
	                  'American')
	  AND mi_idx.info < '8.5'
	  AND t.production_year > 2010
	  AND kt.id = t.kind_id
	  AND t.id = mi.movie_id
	  AND t.id = mk.movie_id
	  AND t.id = mi_idx.movie_id
	  AND mk.movie_id = mi.movie_id
	  AND mk.movie_id = mi_idx.movie_id
	  AND mi.movie_id = mi_idx.movie_id
	  AND k.id = mk.keyword_id
	  AND it1.id = mi.info_type_id
	  AND it2.id = mi_idx.info_type_id;
	
	
2026-02-06 02:25:35.311 UTC [3109929] AiChaosN@imdbload LOG:  Bao planning selected arm 3, in 269.197000 CPU ms.
2026-02-06 02:25:35.311 UTC [3109929] AiChaosN@imdbload STATEMENT:  SELECT MIN(cn.name) AS producing_company,
	       MIN(miidx.info) AS rating,
	       MIN(t.title) AS movie_about_winning
	FROM company_name AS cn,
	     company_type AS ct,
	     info_type AS it,
	     info_type AS it2,
	     kind_type AS kt,
	     movie_companies AS mc,
	     movie_info AS mi,
	     movie_info_idx AS miidx,
	     title AS t
	WHERE cn.country_code ='[us]'
	  AND ct.kind ='production companies'
	  AND it.info ='rating'
	  AND it2.info ='release dates'
	  AND kt.kind ='movie'
	  AND t.title != ''
	  AND (t.title LIKE '%Champion%'
	       OR t.title LIKE '%Loser%')
	  AND mi.movie_id = t.id
	  AND it2.id = mi.info_type_id
	  AND kt.id = t.kind_id
	  AND mc.movie_id = t.id
	  AND cn.id = mc.company_id
	  AND ct.id = mc.company_type_id
	  AND miidx.movie_id = t.id
	  AND it.id = miidx.info_type_id
	  AND mi.movie_id = miidx.movie_id
	  AND mi.movie_id = mc.movie_id
	  AND miidx.movie_id = mc.movie_id;
	
	
2026-02-06 02:25:36.410 UTC [3109963] AiChaosN@imdbload LOG:  Bao planning selected arm 0, in 209.092000 CPU ms.
2026-02-06 02:25:36.410 UTC [3109963] AiChaosN@imdbload STATEMENT:  SELECT MIN(an.name) AS alternative_name,
	       MIN(chn.name) AS voiced_character_name,
	       MIN(n.name) AS voicing_actress,
	       MIN(t.title) AS american_movie
	FROM aka_name AS an,
	     char_name AS chn,
	     cast_info AS ci,
	     company_name AS cn,
	     movie_companies AS mc,
	     name AS n,
	     role_type AS rt,
	     title AS t
	WHERE ci.note IN ('(voice)',
	                  '(voice: Japanese version)',
	                  '(voice) (uncredited)',
	                  '(voice: English version)')
	  AND cn.country_code ='[us]'
	  AND n.gender ='f'
	  AND n.name LIKE '%An%'
	  AND rt.role ='actress'
	  AND ci.movie_id = t.id
	  AND t.id = mc.movie_id
	  AND ci.movie_id = mc.movie_id
	  AND mc.company_id = cn.id
	  AND ci.role_id = rt.id
	  AND n.id = ci.person_id
	  AND chn.id = ci.person_role_id
	  AND an.person_id = n.id
	  AND an.person_id = ci.person_id;
	
	
2026-02-06 02:25:39.250 UTC [3109976] AiChaosN@imdbload LOG:  Bao planning selected arm 9, in 1638.549000 CPU ms.
2026-02-06 02:25:39.250 UTC [3109976] AiChaosN@imdbload STATEMENT:  SELECT MIN(mi.info) AS movie_budget,
	       MIN(mi_idx.info) AS movie_votes,
	       MIN(n.name) AS writer,
	       MIN(t.title) AS complete_violent_movie
	FROM complete_cast AS cc,
	     comp_cast_type AS cct1,
	     comp_cast_type AS cct2,
	     cast_info AS ci,
	     info_type AS it1,
	     info_type AS it2,
	     keyword AS k,
	     movie_info AS mi,
	     movie_info_idx AS mi_idx,
	     movie_keyword AS mk,
	     name AS n,
	     title AS t
	WHERE cct1.kind = 'cast'
	  AND cct2.kind ='complete+verified'
	  AND ci.note IN ('(writer)',
	                  '(head writer)',
	                  '(written by)',
	                  '(story)',
	                  '(story editor)')
	  AND it1.info = 'genres'
	  AND it2.info = 'votes'
	  AND k.keyword IN ('murder',
	                    'violence',
	                    'blood',
	                    'gore',
	                    'death',
	                    'female-nudity',
	                    'hospital')
	  AND mi.info IN ('Horror',
	                  'Action',
	                  'Sci-Fi',
	                  'Thriller',
	                  'Crime',
	                  'War')
	  AND n.gender = 'm'
	  AND t.id = mi.movie_id
	  AND t.id = mi_idx.movie_id
	  AND t.id = ci.movie_id
	  AND t.id = mk.movie_id
	  AND t.id = cc.movie_id
	  AND ci.movie_id = mi.movie_id
	  AND ci.movie_id = mi_idx.movie_id
	  AND ci.movie_id = mk.movie_id
	  AND ci.movie_id = cc.movie_id
	  AND mi.movie_id = mi_idx.movie_id
	  AND mi.movie_id = mk.movie_id
	  AND mi.movie_id = cc.movie_id
	  AND mi_idx.movie_id = mk.movie_id
	  AND mi_idx.movie_id = cc.movie_id
	  AND mk.movie_id = cc.movie_id
	  AND n.id = ci.person_id
	  AND it1.id = mi.info_type_id
	  AND it2.id = mi_idx.info_type_id
	  AND k.id = mk.keyword_id
	  AND cct1.id = cc.subject_id
	  AND cct2.id = cc.status_id;
	
	
2026-02-06 02:26:13.238 UTC [3110049] AiChaosN@imdbload ERROR:  canceling statement due to statement timeout
2026-02-06 02:26:13.238 UTC [3110049] AiChaosN@imdbload STATEMENT:  SELECT MIN(chn.name) AS voiced_char,
	       MIN(n.name) AS voicing_actress,
	       MIN(t.title) AS voiced_animation
	FROM aka_name AS an,
	     complete_cast AS cc,
	     comp_cast_type AS cct1,
	     comp_cast_type AS cct2,
	     char_name AS chn,
	     cast_info AS ci,
	     company_name AS cn,
	     info_type AS it,
	     info_type AS it3,
	     keyword AS k,
	     movie_companies AS mc,
	     movie_info AS mi,
	     movie_keyword AS mk,
	     name AS n,
	     person_info AS pi1,
	     role_type AS rt,
	     title AS t
	WHERE cct1.kind ='cast'
	  AND cct2.kind ='complete+verified'
	  AND ci.note IN ('(voice)',
	                  '(voice: Japanese version)',
	                  '(voice) (uncredited)',
	                  '(voice: English version)')
	  AND cn.country_code ='[us]'
	  AND it.info = 'release dates'
	  AND it3.info = 'trivia'
	  AND k.keyword = 'computer-animation'
	  AND mi.info IS NOT NULL
	  AND (mi.info LIKE 'Japan:%200%'
	       OR mi.info LIKE 'USA:%200%')
	  AND n.gender ='f'
	  AND n.name LIKE '%An%'
	  AND rt.role ='actress'
	  AND t.production_year BETWEEN 2000 AND 2010
	  AND t.id = mi.movie_id
	  AND t.id = mc.movie_id
	  AND t.id = ci.movie_id
	  AND t.id = mk.movie_id
	  AND t.id = cc.movie_id
	  AND mc.movie_id = ci.movie_id
	  AND mc.movie_id = mi.movie_id
	  AND mc.movie_id = mk.movie_id
	  AND mc.movie_id = cc.movie_id
	  AND mi.movie_id = ci.movie_id
	  AND mi.movie_id = mk.movie_id
	  AND mi.movie_id = cc.movie_id
	  AND ci.movie_id = mk.movie_id
	  AND ci.movie_id = cc.movie_id
	  AND mk.movie_id = cc.movie_id
	  AND cn.id = mc.company_id
	  AND it.id = mi.info_type_id
	  AND n.id = ci.person_id
	  AND rt.id = ci.role_id
	  AND n.id = an.person_id
	  AND ci.person_id = an.person_id
	  AND chn.id = ci.person_role_id
	  AND n.id = pi1.person_id
	  AND ci.person_id = pi1.person_id
	  AND it3.id = pi1.info_type_id
	  AND k.id = mk.keyword_id
	  AND cct1.id = cc.subject_id
	  AND cct2.id = cc.status_id;
	
	
2026-02-06 02:26:21.143 UTC [3110732] AiChaosN@imdbload LOG:  Bao planning selected arm 9, in 1942.112000 CPU ms.
2026-02-06 02:26:21.143 UTC [3110732] AiChaosN@imdbload STATEMENT:  SELECT MIN(cn.name) AS producing_company,
	       MIN(lt.link) AS link_type,
	       MIN(t.title) AS complete_western_sequel
	FROM complete_cast AS cc,
	     comp_cast_type AS cct1,
	     comp_cast_type AS cct2,
	     company_name AS cn,
	     company_type AS ct,
	     keyword AS k,
	     link_type AS lt,
	     movie_companies AS mc,
	     movie_info AS mi,
	     movie_keyword AS mk,
	     movie_link AS ml,
	     title AS t
	WHERE cct1.kind IN ('cast',
	                    'crew')
	  AND cct2.kind = 'complete'
	  AND cn.country_code !='[pl]'
	  AND (cn.name LIKE '%Film%'
	       OR cn.name LIKE '%Warner%')
	  AND ct.kind ='production companies'
	  AND k.keyword ='sequel'
	  AND lt.link LIKE '%follow%'
	  AND mc.note IS NULL
	  AND mi.info IN ('Sweden',
	                  'Germany',
	                  'Swedish',
	                  'German')
	  AND t.production_year = 1998
	  AND lt.id = ml.link_type_id
	  AND ml.movie_id = t.id
	  AND t.id = mk.movie_id
	  AND mk.keyword_id = k.id
	  AND t.id = mc.movie_id
	  AND mc.company_type_id = ct.id
	  AND mc.company_id = cn.id
	  AND mi.movie_id = t.id
	  AND t.id = cc.movie_id
	  AND cct1.id = cc.subject_id
	  AND cct2.id = cc.status_id
	  AND ml.movie_id = mk.movie_id
	  AND ml.movie_id = mc.movie_id
	  AND mk.movie_id = mc.movie_id
	  AND ml.movie_id = mi.movie_id
	  AND mk.movie_id = mi.movie_id
	  AND mc.movie_id = mi.movie_id
	  AND ml.movie_id = cc.movie_id
	  AND mk.movie_id = cc.movie_id
	  AND mc.movie_id = cc.movie_id
	  AND mi.movie_id = cc.movie_id;
	
	
2026-02-06 02:26:21.519 UTC [3110788] AiChaosN@imdbload LOG:  Bao planning selected arm 17, in 208.406000 CPU ms.
2026-02-06 02:26:21.519 UTC [3110788] AiChaosN@imdbload STATEMENT:  SELECT MIN(cn.name) AS from_company,
	       MIN(mc.note) AS production_note,
	       MIN(t.title) AS movie_based_on_book
	FROM company_name AS cn,
	     company_type AS ct,
	     keyword AS k,
	     link_type AS lt,
	     movie_companies AS mc,
	     movie_keyword AS mk,
	     movie_link AS ml,
	     title AS t
	WHERE cn.country_code !='[pl]'
	  AND ct.kind != 'production companies'
	  AND ct.kind IS NOT NULL
	  AND k.keyword IN ('sequel',
	                    'revenge',
	                    'based-on-novel')
	  AND mc.note IS NOT NULL
	  AND t.production_year > 1950
	  AND lt.id = ml.link_type_id
	  AND ml.movie_id = t.id
	  AND t.id = mk.movie_id
	  AND mk.keyword_id = k.id
	  AND t.id = mc.movie_id
	  AND mc.company_type_id = ct.id
	  AND mc.company_id = cn.id
	  AND ml.movie_id = mk.movie_id
	  AND ml.movie_id = mc.movie_id
	  AND mk.movie_id = mc.movie_id;
	
	
2026-02-06 02:26:21.863 UTC [3110789] AiChaosN@imdbload LOG:  Bao planning selected arm 0, in 208.972000 CPU ms.
2026-02-06 02:26:21.863 UTC [3110789] AiChaosN@imdbload STATEMENT:  SELECT MIN(n.name) AS of_person,
	       MIN(t.title) AS biography_movie
	FROM aka_name AS an,
	     cast_info AS ci,
	     info_type AS it,
	     link_type AS lt,
	     movie_link AS ml,
	     name AS n,
	     person_info AS pi1,
	     title AS t
	WHERE an.name LIKE '%a%'
	  AND it.info ='mini biography'
	  AND lt.link ='features'
	  AND n.name_pcode_cf BETWEEN 'A' AND 'F'
	  AND (n.gender='m'
	       OR (n.gender = 'f'
	           AND n.name LIKE 'B%'))
	  AND pi1.note ='Volker Boehm'
	  AND t.production_year BETWEEN 1980 AND 1995
	  AND n.id = an.person_id
	  AND n.id = pi1.person_id
	  AND ci.person_id = n.id
	  AND t.id = ci.movie_id
	  AND ml.linked_movie_id = t.id
	  AND lt.id = ml.link_type_id
	  AND it.id = pi1.info_type_id
	  AND pi1.person_id = an.person_id
	  AND pi1.person_id = ci.person_id
	  AND an.person_id = ci.person_id
	  AND ci.movie_id = ml.linked_movie_id;
	
	
2026-02-06 02:26:29.367 UTC [3110823] AiChaosN@imdbload LOG:  Bao planning selected arm 2, in 6712.143000 CPU ms.
2026-02-06 02:26:29.367 UTC [3110823] AiChaosN@imdbload STATEMENT:  SELECT MIN(cn1.name) AS first_company,
	       MIN(cn2.name) AS second_company,
	       MIN(mii1.info) AS first_rating,
	       MIN(mii2.info) AS second_rating,
	       MIN(t1.title) AS first_movie,
	       MIN(t2.title) AS second_movie
	FROM company_name AS cn1,
	     company_name AS cn2,
	     info_type AS it1,
	     info_type AS it2,
	     kind_type AS kt1,
	     kind_type AS kt2,
	     link_type AS lt,
	     movie_companies AS mc1,
	     movie_companies AS mc2,
	     movie_info_idx AS mii1,
	     movie_info_idx AS mii2,
	     movie_link AS ml,
	     title AS t1,
	     title AS t2
	WHERE cn1.country_code = '[nl]'
	  AND it1.info = 'rating'
	  AND it2.info = 'rating'
	  AND kt1.kind IN ('tv series')
	  AND kt2.kind IN ('tv series')
	  AND lt.link LIKE '%follow%'
	  AND mii2.info < '3.0'
	  AND t2.production_year = 2007
	  AND lt.id = ml.link_type_id
	  AND t1.id = ml.movie_id
	  AND t2.id = ml.linked_movie_id
	  AND it1.id = mii1.info_type_id
	  AND t1.id = mii1.movie_id
	  AND kt1.id = t1.kind_id
	  AND cn1.id = mc1.company_id
	  AND t1.id = mc1.movie_id
	  AND ml.movie_id = mii1.movie_id
	  AND ml.movie_id = mc1.movie_id
	  AND mii1.movie_id = mc1.movie_id
	  AND it2.id = mii2.info_type_id
	  AND t2.id = mii2.movie_id
	  AND kt2.id = t2.kind_id
	  AND cn2.id = mc2.company_id
	  AND t2.id = mc2.movie_id
	  AND ml.linked_movie_id = mii2.movie_id
	  AND ml.linked_movie_id = mc2.movie_id
	  AND mii2.movie_id = mc2.movie_id;
	
	
2026-02-06 02:26:32.304 UTC [3110978] AiChaosN@imdbload LOG:  Bao planning selected arm 0, in 144.549000 CPU ms.
2026-02-06 02:26:32.304 UTC [3110978] AiChaosN@imdbload STATEMENT:  SELECT MIN(mi_idx.info) AS rating,
	       MIN(t.title) AS movie_title
	FROM info_type AS it,
	     keyword AS k,
	     movie_info_idx AS mi_idx,
	     movie_keyword AS mk,
	     title AS t
	WHERE it.info ='rating'
	  AND k.keyword LIKE '%sequel%'
	  AND mi_idx.info > '2.0'
	  AND t.production_year > 1990
	  AND t.id = mi_idx.movie_id
	  AND t.id = mk.movie_id
	  AND mk.movie_id = mi_idx.movie_id
	  AND k.id = mk.keyword_id
	  AND it.id = mi_idx.info_type_id;
	
	
2026-02-06 02:26:32.565 UTC [3111011] AiChaosN@imdbload LOG:  Bao planning selected arm 0, in 132.774000 CPU ms.
2026-02-06 02:26:32.565 UTC [3111011] AiChaosN@imdbload STATEMENT:  SELECT MIN(k.keyword) AS movie_keyword,
	       MIN(n.name) AS actor_name,
	       MIN(t.title) AS hero_movie
	FROM cast_info AS ci,
	     keyword AS k,
	     movie_keyword AS mk,
	     name AS n,
	     title AS t
	WHERE k.keyword IN ('superhero',
	                    'sequel',
	                    'second-part',
	                    'marvel-comics',
	                    'based-on-comic',
	                    'tv-special',
	                    'fight',
	                    'violence')
	  AND t.production_year > 2000
	  AND k.id = mk.keyword_id
	  AND t.id = mk.movie_id
	  AND t.id = ci.movie_id
	  AND ci.movie_id = mk.movie_id
	  AND n.id = ci.person_id;
	
	
2026-02-06 02:26:38.664 UTC [3111082] AiChaosN@imdbload LOG:  Bao planning selected arm 9, in 2312.462000 CPU ms.
2026-02-06 02:26:38.664 UTC [3111082] AiChaosN@imdbload STATEMENT:  SELECT MIN(cn.name) AS producing_company,
	       MIN(lt.link) AS link_type,
	       MIN(t.title) AS complete_western_sequel
	FROM complete_cast AS cc,
	     comp_cast_type AS cct1,
	     comp_cast_type AS cct2,
	     company_name AS cn,
	     company_type AS ct,
	     keyword AS k,
	     link_type AS lt,
	     movie_companies AS mc,
	     movie_info AS mi,
	     movie_keyword AS mk,
	     movie_link AS ml,
	     title AS t
	WHERE cct1.kind IN ('cast',
	                    'crew')
	  AND cct2.kind = 'complete'
	  AND cn.country_code !='[pl]'
	  AND (cn.name LIKE '%Film%'
	       OR cn.name LIKE '%Warner%')
	  AND ct.kind ='production companies'
	  AND k.keyword ='sequel'
	  AND lt.link LIKE '%follow%'
	  AND mc.note IS NULL
	  AND mi.info IN ('Sweden',
	                  'Germany',
	                  'Swedish',
	                  'German')
	  AND t.production_year BETWEEN 1950 AND 2000
	  AND lt.id = ml.link_type_id
	  AND ml.movie_id = t.id
	  AND t.id = mk.movie_id
	  AND mk.keyword_id = k.id
	  AND t.id = mc.movie_id
	  AND mc.company_type_id = ct.id
	  AND mc.company_id = cn.id
	  AND mi.movie_id = t.id
	  AND t.id = cc.movie_id
	  AND cct1.id = cc.subject_id
	  AND cct2.id = cc.status_id
	  AND ml.movie_id = mk.movie_id
	  AND ml.movie_id = mc.movie_id
	  AND mk.movie_id = mc.movie_id
	  AND ml.movie_id = mi.movie_id
	  AND mk.movie_id = mi.movie_id
	  AND mc.movie_id = mi.movie_id
	  AND ml.movie_id = cc.movie_id
	  AND mk.movie_id = cc.movie_id
	  AND mc.movie_id = cc.movie_id
	  AND mi.movie_id = cc.movie_id;
	
	
2026-02-06 02:26:39.054 UTC [3111143] AiChaosN@imdbload LOG:  Bao planning selected arm 18, in 221.101000 CPU ms.
2026-02-06 02:26:39.054 UTC [3111143] AiChaosN@imdbload STATEMENT:  SELECT MIN(an.name) AS cool_actor_pseudonym,
	       MIN(t.title) AS series_named_after_char
	FROM aka_name AS an,
	     cast_info AS ci,
	     company_name AS cn,
	     keyword AS k,
	     movie_companies AS mc,
	     movie_keyword AS mk,
	     name AS n,
	     title AS t
	WHERE cn.country_code ='[us]'
	  AND k.keyword ='character-name-in-title'
	  AND t.episode_nr < 100
	  AND an.person_id = n.id
	  AND n.id = ci.person_id
	  AND ci.movie_id = t.id
	  AND t.id = mk.movie_id
	  AND mk.keyword_id = k.id
	  AND t.id = mc.movie_id
	  AND mc.company_id = cn.id
	  AND an.person_id = ci.person_id
	  AND ci.movie_id = mc.movie_id
	  AND ci.movie_id = mk.movie_id
	  AND mc.movie_id = mk.movie_id;
	
	
2026-02-06 02:26:41.011 UTC [3111153] AiChaosN@imdbload LOG:  Bao planning selected arm 8, in 727.046000 CPU ms.
2026-02-06 02:26:41.011 UTC [3111153] AiChaosN@imdbload STATEMENT:  SELECT MIN(kt.kind) AS movie_kind,
	       MIN(t.title) AS complete_us_internet_movie
	FROM complete_cast AS cc,
	     comp_cast_type AS cct1,
	     company_name AS cn,
	     company_type AS ct,
	     info_type AS it1,
	     keyword AS k,
	     kind_type AS kt,
	     movie_companies AS mc,
	     movie_info AS mi,
	     movie_keyword AS mk,
	     title AS t
	WHERE cct1.kind = 'complete+verified'
	  AND cn.country_code = '[us]'
	  AND it1.info = 'release dates'
	  AND kt.kind IN ('movie')
	  AND mi.note LIKE '%internet%'
	  AND mi.info IS NOT NULL
	  AND (mi.info LIKE 'USA:% 199%'
	       OR mi.info LIKE 'USA:% 200%')
	  AND t.production_year > 2000
	  AND kt.id = t.kind_id
	  AND t.id = mi.movie_id
	  AND t.id = mk.movie_id
	  AND t.id = mc.movie_id
	  AND t.id = cc.movie_id
	  AND mk.movie_id = mi.movie_id
	  AND mk.movie_id = mc.movie_id
	  AND mk.movie_id = cc.movie_id
	  AND mi.movie_id = mc.movie_id
	  AND mi.movie_id = cc.movie_id
	  AND mc.movie_id = cc.movie_id
	  AND k.id = mk.keyword_id
	  AND it1.id = mi.info_type_id
	  AND cn.id = mc.company_id
	  AND ct.id = mc.company_type_id
	  AND cct1.id = cc.status_id;
	
	
2026-02-06 02:26:45.088 UTC [3111261] AiChaosN@imdbload LOG:  Bao planning selected arm 36, in 600.091000 CPU ms.
2026-02-06 02:26:45.088 UTC [3111261] AiChaosN@imdbload STATEMENT:  SELECT COUNT(*) FROM title as t,
	kind_type as kt,
	info_type as it1,
	movie_info as mi1,
	movie_info as mi2,
	info_type as it2,
	cast_info as ci,
	role_type as rt,
	name as n,
	movie_keyword as mk,
	keyword as k
	WHERE
	t.id = ci.movie_id
	AND t.id = mi1.movie_id
	AND t.id = mi2.movie_id
	AND t.id = mk.movie_id
	AND k.id = mk.keyword_id
	AND mi1.movie_id = mi2.movie_id
	AND mi1.info_type_id = it1.id
	AND mi2.info_type_id = it2.id
	AND (it1.id in ('8'))
	AND (it2.id in ('6'))
	AND t.kind_id = kt.id
	AND ci.person_id = n.id
	AND ci.role_id = rt.id
	AND (mi1.info in ('Austria','Belgium','Brazil','Hungary','India','Mexico','Poland','Spain'))
	AND (mi2.info in ('Mono','Silent'))
	AND (kt.kind in ('episode','movie','tv movie'))
	AND (rt.role in ('costume designer','production designer'))
	AND (n.gender IS NULL)
	AND (t.production_year <= 1975)
	AND (t.production_year >= 1875)
	AND (k.keyword IN ('based-on-play','cigarette-smoking','friendship','independent-film','jealousy','lesbian-sex','male-nudity','marriage','mother-daughter-relationship','one-word-title','oral-sex','police','singing','song'))
	
2026-02-06 02:27:41.590 UTC [3111725] AiChaosN@imdbload ERROR:  canceling statement due to statement timeout
2026-02-06 02:27:41.590 UTC [3111725] AiChaosN@imdbload STATEMENT:  SELECT MIN(chn.name) AS voiced_char,
	       MIN(n.name) AS voicing_actress,
	       MIN(t.title) AS voiced_animation
	FROM aka_name AS an,
	     complete_cast AS cc,
	     comp_cast_type AS cct1,
	     comp_cast_type AS cct2,
	     char_name AS chn,
	     cast_info AS ci,
	     company_name AS cn,
	     info_type AS it,
	     info_type AS it3,
	     keyword AS k,
	     movie_companies AS mc,
	     movie_info AS mi,
	     movie_keyword AS mk,
	     name AS n,
	     person_info AS pi1,
	     role_type AS rt,
	     title AS t
	WHERE cct1.kind ='cast'
	  AND cct2.kind ='complete+verified'
	  AND chn.name = 'Queen'
	  AND ci.note IN ('(voice)',
	                  '(voice) (uncredited)',
	                  '(voice: English version)')
	  AND cn.country_code ='[us]'
	  AND it.info = 'release dates'
	  AND it3.info = 'height'
	  AND k.keyword = 'computer-animation'
	  AND mi.info LIKE 'USA:%200%'
	  AND n.gender ='f'
	  AND n.name LIKE '%An%'
	  AND rt.role ='actress'
	  AND t.title = 'Shrek 2'
	  AND t.production_year BETWEEN 2000 AND 2005
	  AND t.id = mi.movie_id
	  AND t.id = mc.movie_id
	  AND t.id = ci.movie_id
	  AND t.id = mk.movie_id
	  AND t.id = cc.movie_id
	  AND mc.movie_id = ci.movie_id
	  AND mc.movie_id = mi.movie_id
	  AND mc.movie_id = mk.movie_id
	  AND mc.movie_id = cc.movie_id
	  AND mi.movie_id = ci.movie_id
	  AND mi.movie_id = mk.movie_id
	  AND mi.movie_id = cc.movie_id
	  AND ci.movie_id = mk.movie_id
	  AND ci.movie_id = cc.movie_id
	  AND mk.movie_id = cc.movie_id
	  AND cn.id = mc.company_id
	  AND it.id = mi.info_type_id
	  AND n.id = ci.person_id
	  AND rt.id = ci.role_id
	  AND n.id = an.person_id
	  AND ci.person_id = an.person_id
	  AND chn.id = ci.person_role_id
	  AND n.id = pi1.person_id
	  AND ci.person_id = pi1.person_id
	  AND it3.id = pi1.info_type_id
	  AND k.id = mk.keyword_id
	  AND cct1.id = cc.subject_id
	  AND cct2.id = cc.status_id;
	
	
2026-02-06 02:27:42.183 UTC [3112273] AiChaosN@imdbload LOG:  Bao planning selected arm 8, in 162.101000 CPU ms.
2026-02-06 02:27:42.183 UTC [3112273] AiChaosN@imdbload STATEMENT:  SELECT MIN(t.title) AS movie_title
	FROM company_name AS cn,
	     keyword AS k,
	     movie_companies AS mc,
	     movie_keyword AS mk,
	     title AS t
	WHERE cn.country_code ='[sm]'
	  AND k.keyword ='character-name-in-title'
	  AND cn.id = mc.company_id
	  AND mc.movie_id = t.id
	  AND t.id = mk.movie_id
	  AND mk.keyword_id = k.id
	  AND mc.movie_id = mk.movie_id;
	
	
2026-02-06 02:27:51.718 UTC [3112350] AiChaosN@imdbload LOG:  Bao planning selected arm 17, in 6374.194000 CPU ms.
2026-02-06 02:27:51.718 UTC [3112350] AiChaosN@imdbload STATEMENT:  SELECT MIN(cn.name) AS movie_company,
	       MIN(mi_idx.info) AS rating,
	       MIN(t.title) AS complete_euro_dark_movie
	FROM complete_cast AS cc,
	     comp_cast_type AS cct1,
	     comp_cast_type AS cct2,
	     company_name AS cn,
	     company_type AS ct,
	     info_type AS it1,
	     info_type AS it2,
	     keyword AS k,
	     kind_type AS kt,
	     movie_companies AS mc,
	     movie_info AS mi,
	     movie_info_idx AS mi_idx,
	     movie_keyword AS mk,
	     title AS t
	WHERE cct1.kind = 'crew'
	  AND cct2.kind != 'complete+verified'
	  AND cn.country_code != '[us]'
	  AND it1.info = 'countries'
	  AND it2.info = 'rating'
	  AND k.keyword IN ('murder',
	                    'murder-in-title',
	                    'blood',
	                    'violence')
	  AND kt.kind IN ('movie',
	                  'episode')
	  AND mc.note NOT LIKE '%(USA)%'
	  AND mc.note LIKE '%(200%)%'
	  AND mi.info IN ('Sweden',
	                  'Germany',
	                  'Swedish',
	                  'German')
	  AND mi_idx.info > '6.5'
	  AND t.production_year > 2005
	  AND kt.id = t.kind_id
	  AND t.id = mi.movie_id
	  AND t.id = mk.movie_id
	  AND t.id = mi_idx.movie_id
	  AND t.id = mc.movie_id
	  AND t.id = cc.movie_id
	  AND mk.movie_id = mi.movie_id
	  AND mk.movie_id = mi_idx.movie_id
	  AND mk.movie_id = mc.movie_id
	  AND mk.movie_id = cc.movie_id
	  AND mi.movie_id = mi_idx.movie_id
	  AND mi.movie_id = mc.movie_id
	  AND mi.movie_id = cc.movie_id
	  AND mc.movie_id = mi_idx.movie_id
	  AND mc.movie_id = cc.movie_id
	  AND mi_idx.movie_id = cc.movie_id
	  AND k.id = mk.keyword_id
	  AND it1.id = mi.info_type_id
	  AND it2.id = mi_idx.info_type_id
	  AND ct.id = mc.company_type_id
	  AND cn.id = mc.company_id
	  AND cct1.id = cc.subject_id
	  AND cct2.id = cc.status_id;
	
	
2026-02-06 02:27:52.518 UTC [3112486] AiChaosN@imdbload LOG:  Bao planning selected arm 48, in 186.831000 CPU ms.
2026-02-06 02:27:52.518 UTC [3112486] AiChaosN@imdbload STATEMENT:  SELECT MIN(n.name) AS member_in_charnamed_movie
	FROM cast_info AS ci,
	     company_name AS cn,
	     keyword AS k,
	     movie_companies AS mc,
	     movie_keyword AS mk,
	     name AS n,
	     title AS t
	WHERE cn.country_code ='[us]'
	  AND k.keyword ='character-name-in-title'
	  AND n.id = ci.person_id
	  AND ci.movie_id = t.id
	  AND t.id = mk.movie_id
	  AND mk.keyword_id = k.id
	  AND t.id = mc.movie_id
	  AND mc.company_id = cn.id
	  AND ci.movie_id = mc.movie_id
	  AND ci.movie_id = mk.movie_id
	  AND mc.movie_id = mk.movie_id;
	
	
2026-02-06 02:28:09.887 UTC [3112962] AiChaosN@imdbload LOG:  Bao planning selected arm 9, in 350.098000 CPU ms.
2026-02-06 02:28:09.887 UTC [3112962] AiChaosN@imdbload STATEMENT:  SELECT MIN(mi.info) AS movie_budget,
	       MIN(mi_idx.info) AS movie_votes,
	       MIN(n.name) AS male_writer,
	       MIN(t.title) AS violent_movie_title
	FROM cast_info AS ci,
	     info_type AS it1,
	     info_type AS it2,
	     keyword AS k,
	     movie_info AS mi,
	     movie_info_idx AS mi_idx,
	     movie_keyword AS mk,
	     name AS n,
	     title AS t
	WHERE ci.note IN ('(writer)',
	                  '(head writer)',
	                  '(written by)',
	                  '(story)',
	                  '(story editor)')
	  AND it1.info = 'genres'
	  AND it2.info = 'votes'
	  AND k.keyword IN ('murder',
	                    'violence',
	                    'blood',
	                    'gore',
	                    'death',
	                    'female-nudity',
	                    'hospital')
	  AND mi.info IN ('Horror',
	                  'Action',
	                  'Sci-Fi',
	                  'Thriller',
	                  'Crime',
	                  'War')
	  AND n.gender = 'm'
	  AND t.id = mi.movie_id
	  AND t.id = mi_idx.movie_id
	  AND t.id = ci.movie_id
	  AND t.id = mk.movie_id
	  AND ci.movie_id = mi.movie_id
	  AND ci.movie_id = mi_idx.movie_id
	  AND ci.movie_id = mk.movie_id
	  AND mi.movie_id = mi_idx.movie_id
	  AND mi.movie_id = mk.movie_id
	  AND mi_idx.movie_id = mk.movie_id
	  AND n.id = ci.person_id
	  AND it1.id = mi.info_type_id
	  AND it2.id = mi_idx.info_type_id
	  AND k.id = mk.keyword_id;
	
	
2026-02-06 02:28:18.305 UTC [3113123] AiChaosN@imdbload LOG:  Bao planning selected arm 8, in 143.568000 CPU ms.
2026-02-06 02:28:18.305 UTC [3113123] AiChaosN@imdbload STATEMENT:  SELECT MIN(k.keyword) AS movie_keyword,
	       MIN(n.name) AS actor_name,
	       MIN(t.title) AS hero_movie
	FROM cast_info AS ci,
	     keyword AS k,
	     movie_keyword AS mk,
	     name AS n,
	     title AS t
	WHERE k.keyword IN ('superhero',
	                    'sequel',
	                    'second-part',
	                    'marvel-comics',
	                    'based-on-comic',
	                    'tv-special',
	                    'fight',
	                    'violence')
	  AND n.name LIKE '%Downey%Robert%'
	  AND t.production_year > 2000
	  AND k.id = mk.keyword_id
	  AND t.id = mk.movie_id
	  AND t.id = ci.movie_id
	  AND ci.movie_id = mk.movie_id
	  AND n.id = ci.person_id;
	
	
2026-02-06 02:28:25.256 UTC [3113212] AiChaosN@imdbload LOG:  Bao planning selected arm 18, in 3727.685000 CPU ms.
2026-02-06 02:28:25.256 UTC [3113212] AiChaosN@imdbload STATEMENT:  SELECT COUNT(*)
	FROM title as t,
	movie_info as mi1,
	kind_type as kt,
	info_type as it1,
	info_type as it3,
	info_type as it4,
	movie_info_idx as mii1,
	movie_info_idx as mii2,
	aka_name as an,
	name as n,
	info_type as it5,
	person_info as pi1,
	cast_info as ci,
	role_type as rt
	WHERE
	t.id = mi1.movie_id
	AND t.id = ci.movie_id
	AND t.id = mii1.movie_id
	AND t.id = mii2.movie_id
	AND mii2.movie_id = mii1.movie_id
	AND mi1.movie_id = mii1.movie_id
	AND mi1.info_type_id = it1.id
	AND mii1.info_type_id = it3.id
	AND mii2.info_type_id = it4.id
	AND t.kind_id = kt.id
	AND (kt.kind IN ('episode','movie'))
	AND (t.production_year <= 2015)
	AND (t.production_year >= 1925)
	AND (mi1.info IN ('Black and White'))
	AND (it1.id IN ('2'))
	AND it3.id = '100'
	AND it4.id = '101'
	AND (mii2.info ~ '^(?:[1-9]\d*|0)?(?:\.\d+)?$' AND mii2.info::float <= 7.0)
	AND (mii2.info ~ '^(?:[1-9]\d*|0)?(?:\.\d+)?$' AND 3.0 <= mii2.info::float)
	AND (mii1.info ~ '^(?:[1-9]\d*|0)?(?:\.\d+)?$' AND 0.0 <= mii1.info::float)
	AND (mii1.info ~ '^(?:[1-9]\d*|0)?(?:\.\d+)?$' AND mii1.info::float <= 10000.0)
	AND n.id = ci.person_id
	AND ci.person_id = pi1.person_id
	AND it5.id = pi1.info_type_id
	AND n.id = pi1.person_id
	AND n.id = an.person_id
	AND ci.person_id = an.person_id
	AND an.person_id = pi1.person_id
	AND rt.id = ci.role_id
	AND (n.gender in ('m') OR n.gender IS NULL)
	AND (n.name_pcode_nf in ('A5136','B4532','C6435','H4524','J2451','J6362','L2525','M6415','S4125','W5245'))
	AND (ci.note in ('(writer)') OR ci.note IS NULL)
	AND (rt.role in ('actor','cinematographer','writer'))
	AND (it5.id in ('26'))
	
2026-02-06 02:28:53.487 UTC [3113212] AiChaosN@imdbload ERROR:  canceling statement due to statement timeout
2026-02-06 02:28:53.487 UTC [3113212] AiChaosN@imdbload STATEMENT:  SELECT COUNT(*)
	FROM title as t,
	movie_info as mi1,
	kind_type as kt,
	info_type as it1,
	info_type as it3,
	info_type as it4,
	movie_info_idx as mii1,
	movie_info_idx as mii2,
	aka_name as an,
	name as n,
	info_type as it5,
	person_info as pi1,
	cast_info as ci,
	role_type as rt
	WHERE
	t.id = mi1.movie_id
	AND t.id = ci.movie_id
	AND t.id = mii1.movie_id
	AND t.id = mii2.movie_id
	AND mii2.movie_id = mii1.movie_id
	AND mi1.movie_id = mii1.movie_id
	AND mi1.info_type_id = it1.id
	AND mii1.info_type_id = it3.id
	AND mii2.info_type_id = it4.id
	AND t.kind_id = kt.id
	AND (kt.kind IN ('episode','movie'))
	AND (t.production_year <= 2015)
	AND (t.production_year >= 1925)
	AND (mi1.info IN ('Black and White'))
	AND (it1.id IN ('2'))
	AND it3.id = '100'
	AND it4.id = '101'
	AND (mii2.info ~ '^(?:[1-9]\d*|0)?(?:\.\d+)?$' AND mii2.info::float <= 7.0)
	AND (mii2.info ~ '^(?:[1-9]\d*|0)?(?:\.\d+)?$' AND 3.0 <= mii2.info::float)
	AND (mii1.info ~ '^(?:[1-9]\d*|0)?(?:\.\d+)?$' AND 0.0 <= mii1.info::float)
	AND (mii1.info ~ '^(?:[1-9]\d*|0)?(?:\.\d+)?$' AND mii1.info::float <= 10000.0)
	AND n.id = ci.person_id
	AND ci.person_id = pi1.person_id
	AND it5.id = pi1.info_type_id
	AND n.id = pi1.person_id
	AND n.id = an.person_id
	AND ci.person_id = an.person_id
	AND an.person_id = pi1.person_id
	AND rt.id = ci.role_id
	AND (n.gender in ('m') OR n.gender IS NULL)
	AND (n.name_pcode_nf in ('A5136','B4532','C6435','H4524','J2451','J6362','L2525','M6415','S4125','W5245'))
	AND (ci.note in ('(writer)') OR ci.note IS NULL)
	AND (rt.role in ('actor','cinematographer','writer'))
	AND (it5.id in ('26'))
	
2026-02-06 02:28:53.861 UTC [3113821] AiChaosN@imdbload LOG:  Bao planning selected arm 48, in 220.814000 CPU ms.
2026-02-06 02:28:53.861 UTC [3113821] AiChaosN@imdbload STATEMENT:  SELECT MIN(an.name) AS cool_actor_pseudonym,
	       MIN(t.title) AS series_named_after_char
	FROM aka_name AS an,
	     cast_info AS ci,
	     company_name AS cn,
	     keyword AS k,
	     movie_companies AS mc,
	     movie_keyword AS mk,
	     name AS n,
	     title AS t
	WHERE cn.country_code ='[us]'
	  AND k.keyword ='character-name-in-title'
	  AND t.episode_nr >= 5
	  AND t.episode_nr < 100
	  AND an.person_id = n.id
	  AND n.id = ci.person_id
	  AND ci.movie_id = t.id
	  AND t.id = mk.movie_id
	  AND mk.keyword_id = k.id
	  AND t.id = mc.movie_id
	  AND mc.company_id = cn.id
	  AND an.person_id = ci.person_id
	  AND ci.movie_id = mc.movie_id
	  AND ci.movie_id = mk.movie_id
	  AND mc.movie_id = mk.movie_id;
	
	
2026-02-06 02:29:05.422 UTC [3114105] AiChaosN@imdbload LOG:  Bao planning selected arm 48, in 250.335000 CPU ms.
2026-02-06 02:29:05.422 UTC [3114105] AiChaosN@imdbload STATEMENT:  SELECT MIN(an.name) AS alternative_name,
	       MIN(chn.name) AS voiced_character,
	       MIN(n.name) AS voicing_actress,
	       MIN(t.title) AS american_movie
	FROM aka_name AS an,
	     char_name AS chn,
	     cast_info AS ci,
	     company_name AS cn,
	     movie_companies AS mc,
	     name AS n,
	     role_type AS rt,
	     title AS t
	WHERE ci.note = '(voice)'
	  AND cn.country_code ='[us]'
	  AND mc.note LIKE '%(200%)%'
	  AND (mc.note LIKE '%(USA)%'
	       OR mc.note LIKE '%(worldwide)%')
	  AND n.gender ='f'
	  AND n.name LIKE '%Angel%'
	  AND rt.role ='actress'
	  AND t.production_year BETWEEN 2007 AND 2010
	  AND ci.movie_id = t.id
	  AND t.id = mc.movie_id
	  AND ci.movie_id = mc.movie_id
	  AND mc.company_id = cn.id
	  AND ci.role_id = rt.id
	  AND n.id = ci.person_id
	  AND chn.id = ci.person_role_id
	  AND an.person_id = n.id
	  AND an.person_id = ci.person_id;
	
	
2026-02-06 02:29:17.905 UTC [3114333] AiChaosN@imdbload LOG:  Bao planning selected arm 8, in 153.998000 CPU ms.
2026-02-06 02:29:17.905 UTC [3114333] AiChaosN@imdbload STATEMENT:  SELECT MIN(mc.note) AS production_note,
	       MIN(t.title) AS movie_title,
	       MIN(t.production_year) AS movie_year
	FROM company_type AS ct,
	     info_type AS it,
	     movie_companies AS mc,
	     movie_info_idx AS mi_idx,
	     title AS t
	WHERE ct.kind = 'production companies'
	  AND it.info = 'top 250 rank'
	  AND mc.note NOT LIKE '%(as Metro-Goldwyn-Mayer Pictures)%'
	  AND (mc.note LIKE '%(co-production)%')
	  AND t.production_year >2010
	  AND ct.id = mc.company_type_id
	  AND t.id = mc.movie_id
	  AND t.id = mi_idx.movie_id
	  AND mc.movie_id = mi_idx.movie_id
	  AND it.id = mi_idx.info_type_id;
	
	
2026-02-06 02:29:25.337 UTC [3114536] AiChaosN@imdbload LOG:  Bao planning selected arm 9, in 251.385000 CPU ms.
2026-02-06 02:29:25.337 UTC [3114536] AiChaosN@imdbload STATEMENT:  SELECT MIN(cn.name) AS producing_company,
	       MIN(miidx.info) AS rating,
	       MIN(t.title) AS movie
	FROM company_name AS cn,
	     company_type AS ct,
	     info_type AS it,
	     info_type AS it2,
	     kind_type AS kt,
	     movie_companies AS mc,
	     movie_info AS mi,
	     movie_info_idx AS miidx,
	     title AS t
	WHERE cn.country_code ='[us]'
	  AND ct.kind ='production companies'
	  AND it.info ='rating'
	  AND it2.info ='release dates'
	  AND kt.kind ='movie'
	  AND mi.movie_id = t.id
	  AND it2.id = mi.info_type_id
	  AND kt.id = t.kind_id
	  AND mc.movie_id = t.id
	  AND cn.id = mc.company_id
	  AND ct.id = mc.company_type_id
	  AND miidx.movie_id = t.id
	  AND it.id = miidx.info_type_id
	  AND mi.movie_id = miidx.movie_id
	  AND mi.movie_id = mc.movie_id
	  AND miidx.movie_id = mc.movie_id;
	
	
2026-02-06 02:29:34.073 UTC [3114681] AiChaosN@imdbload LOG:  Bao planning selected arm 8, in 1818.184000 CPU ms.
2026-02-06 02:29:34.073 UTC [3114681] AiChaosN@imdbload STATEMENT:  SELECT MIN(cn.name) AS producing_company,
	       MIN(lt.link) AS link_type,
	       MIN(t.title) AS complete_western_sequel
	FROM complete_cast AS cc,
	     comp_cast_type AS cct1,
	     comp_cast_type AS cct2,
	     company_name AS cn,
	     company_type AS ct,
	     keyword AS k,
	     link_type AS lt,
	     movie_companies AS mc,
	     movie_info AS mi,
	     movie_keyword AS mk,
	     movie_link AS ml,
	     title AS t
	WHERE cct1.kind = 'cast'
	  AND cct2.kind LIKE 'complete%'
	  AND cn.country_code !='[pl]'
	  AND (cn.name LIKE '%Film%'
	       OR cn.name LIKE '%Warner%')
	  AND ct.kind ='production companies'
	  AND k.keyword ='sequel'
	  AND lt.link LIKE '%follow%'
	  AND mc.note IS NULL
	  AND mi.info IN ('Sweden',
	                  'Norway',
	                  'Germany',
	                  'Denmark',
	                  'Swedish',
	                  'Denish',
	                  'Norwegian',
	                  'German',
	                  'English')
	  AND t.production_year BETWEEN 1950 AND 2010
	  AND lt.id = ml.link_type_id
	  AND ml.movie_id = t.id
	  AND t.id = mk.movie_id
	  AND mk.keyword_id = k.id
	  AND t.id = mc.movie_id
	  AND mc.company_type_id = ct.id
	  AND mc.company_id = cn.id
	  AND mi.movie_id = t.id
	  AND t.id = cc.movie_id
	  AND cct1.id = cc.subject_id
	  AND cct2.id = cc.status_id
	  AND ml.movie_id = mk.movie_id
	  AND ml.movie_id = mc.movie_id
	  AND mk.movie_id = mc.movie_id
	  AND ml.movie_id = mi.movie_id
	  AND mk.movie_id = mi.movie_id
	  AND mc.movie_id = mi.movie_id
	  AND ml.movie_id = cc.movie_id
	  AND mk.movie_id = cc.movie_id
	  AND mc.movie_id = cc.movie_id
	  AND mi.movie_id = cc.movie_id;
	
	
2026-02-06 02:29:34.712 UTC [3114727] AiChaosN@imdbload LOG:  Bao planning selected arm 16, in 176.124000 CPU ms.
2026-02-06 02:29:34.712 UTC [3114727] AiChaosN@imdbload STATEMENT:  SELECT MIN(n.name) AS member_in_charnamed_movie,
	       MIN(n.name) AS a1
	FROM cast_info AS ci,
	     company_name AS cn,
	     keyword AS k,
	     movie_companies AS mc,
	     movie_keyword AS mk,
	     name AS n,
	     title AS t
	WHERE k.keyword ='character-name-in-title'
	  AND n.name LIKE 'X%'
	  AND n.id = ci.person_id
	  AND ci.movie_id = t.id
	  AND t.id = mk.movie_id
	  AND mk.keyword_id = k.id
	  AND t.id = mc.movie_id
	  AND mc.company_id = cn.id
	  AND ci.movie_id = mc.movie_id
	  AND ci.movie_id = mk.movie_id
	  AND mc.movie_id = mk.movie_id;
	
	
2026-02-06 02:29:42.914 UTC [3114888] AiChaosN@imdbload LOG:  Bao planning selected arm 44, in 177.835000 CPU ms.
2026-02-06 02:29:42.914 UTC [3114888] AiChaosN@imdbload STATEMENT:  SELECT MIN(an.name) AS costume_designer_pseudo,
	       MIN(t.title) AS movie_with_costumes
	FROM aka_name AS an,
	     cast_info AS ci,
	     company_name AS cn,
	     movie_companies AS mc,
	     name AS n,
	     role_type AS rt,
	     title AS t
	WHERE cn.country_code ='[us]'
	  AND rt.role ='costume designer'
	  AND an.person_id = n.id
	  AND n.id = ci.person_id
	  AND ci.movie_id = t.id
	  AND t.id = mc.movie_id
	  AND mc.company_id = cn.id
	  AND ci.role_id = rt.id
	  AND an.person_id = ci.person_id
	  AND ci.movie_id = mc.movie_id;
	
	
2026-02-06 02:30:14.143 UTC [3115430] AiChaosN@imdbload LOG:  Bao planning selected arm 36, in 179.955000 CPU ms.
2026-02-06 02:30:14.143 UTC [3115430] AiChaosN@imdbload STATEMENT:  SELECT MIN(an.name) AS actress_pseudonym,
	       MIN(t.title) AS japanese_movie_dubbed
	FROM aka_name AS an,
	     cast_info AS ci,
	     company_name AS cn,
	     movie_companies AS mc,
	     name AS n,
	     role_type AS rt,
	     title AS t
	WHERE ci.note ='(voice: English version)'
	  AND cn.country_code ='[jp]'
	  AND mc.note LIKE '%(Japan)%'
	  AND mc.note NOT LIKE '%(USA)%'
	  AND n.name LIKE '%Yo%'
	  AND n.name NOT LIKE '%Yu%'
	  AND rt.role ='actress'
	  AND an.person_id = n.id
	  AND n.id = ci.person_id
	  AND ci.movie_id = t.id
	  AND t.id = mc.movie_id
	  AND mc.company_id = cn.id
	  AND ci.role_id = rt.id
	  AND an.person_id = ci.person_id
	  AND ci.movie_id = mc.movie_id;
	
	
2026-02-06 02:30:18.462 UTC [3115519] AiChaosN@imdbload LOG:  Bao planning selected arm 8, in 225.896000 CPU ms.
2026-02-06 02:30:18.462 UTC [3115519] AiChaosN@imdbload STATEMENT:  SELECT MIN(an.name) AS alternative_name,
	       MIN(chn.name) AS character_name,
	       MIN(t.title) AS movie
	FROM aka_name AS an,
	     char_name AS chn,
	     cast_info AS ci,
	     company_name AS cn,
	     movie_companies AS mc,
	     name AS n,
	     role_type AS rt,
	     title AS t
	WHERE ci.note IN ('(voice)',
	                  '(voice: Japanese version)',
	                  '(voice) (uncredited)',
	                  '(voice: English version)')
	  AND cn.country_code ='[us]'
	  AND mc.note IS NOT NULL
	  AND (mc.note LIKE '%(USA)%'
	       OR mc.note LIKE '%(worldwide)%')
	  AND n.gender ='f'
	  AND n.name LIKE '%Ang%'
	  AND rt.role ='actress'
	  AND t.production_year BETWEEN 2005 AND 2015
	  AND ci.movie_id = t.id
	  AND t.id = mc.movie_id
	  AND ci.movie_id = mc.movie_id
	  AND mc.company_id = cn.id
	  AND ci.role_id = rt.id
	  AND n.id = ci.person_id
	  AND chn.id = ci.person_role_id
	  AND an.person_id = n.id
	  AND an.person_id = ci.person_id;
	
	
2026-02-06 02:30:33.426 UTC [3115793] AiChaosN@imdbload LOG:  Bao planning selected arm 1, in 210.026000 CPU ms.
2026-02-06 02:30:33.426 UTC [3115793] AiChaosN@imdbload STATEMENT:  SELECT MIN(an.name) AS cool_actor_pseudonym,
	       MIN(t.title) AS series_named_after_char
	FROM aka_name AS an,
	     cast_info AS ci,
	     company_name AS cn,
	     keyword AS k,
	     movie_companies AS mc,
	     movie_keyword AS mk,
	     name AS n,
	     title AS t
	WHERE cn.country_code ='[us]'
	  AND k.keyword ='character-name-in-title'
	  AND t.episode_nr >= 50
	  AND t.episode_nr < 100
	  AND an.person_id = n.id
	  AND n.id = ci.person_id
	  AND ci.movie_id = t.id
	  AND t.id = mk.movie_id
	  AND mk.keyword_id = k.id
	  AND t.id = mc.movie_id
	  AND mc.company_id = cn.id
	  AND an.person_id = ci.person_id
	  AND ci.movie_id = mc.movie_id
	  AND ci.movie_id = mk.movie_id
	  AND mc.movie_id = mk.movie_id;
	
	
2026-02-06 02:30:45.127 UTC [3116016] AiChaosN@imdbload LOG:  Bao planning selected arm 12, in 149.486000 CPU ms.
2026-02-06 02:30:45.127 UTC [3116016] AiChaosN@imdbload STATEMENT:  SELECT MIN(mc.note) AS production_note,
	       MIN(t.title) AS movie_title,
	       MIN(t.production_year) AS movie_year
	FROM company_type AS ct,
	     info_type AS it,
	     movie_companies AS mc,
	     movie_info_idx AS mi_idx,
	     title AS t
	WHERE ct.kind = 'production companies'
	  AND it.info = 'bottom 10 rank'
	  AND mc.note NOT LIKE '%(as Metro-Goldwyn-Mayer Pictures)%'
	  AND t.production_year >2000
	  AND ct.id = mc.company_type_id
	  AND t.id = mc.movie_id
	  AND t.id = mi_idx.movie_id
	  AND mc.movie_id = mi_idx.movie_id
	  AND it.id = mi_idx.info_type_id;
	
	
2026-02-06 02:30:49.228 UTC [3116072] AiChaosN@imdbload LOG:  Bao planning selected arm 8, in 1762.615000 CPU ms.
2026-02-06 02:30:49.228 UTC [3116072] AiChaosN@imdbload STATEMENT:  SELECT MIN(mi.info) AS movie_budget,
	       MIN(mi_idx.info) AS movie_votes,
	       MIN(n.name) AS writer,
	       MIN(t.title) AS complete_violent_movie
	FROM complete_cast AS cc,
	     comp_cast_type AS cct1,
	     comp_cast_type AS cct2,
	     cast_info AS ci,
	     info_type AS it1,
	     info_type AS it2,
	     keyword AS k,
	     movie_info AS mi,
	     movie_info_idx AS mi_idx,
	     movie_keyword AS mk,
	     name AS n,
	     title AS t
	WHERE cct1.kind IN ('cast',
	                    'crew')
	  AND cct2.kind ='complete+verified'
	  AND ci.note IN ('(writer)',
	                  '(head writer)',
	                  '(written by)',
	                  '(story)',
	                  '(story editor)')
	  AND it1.info = 'genres'
	  AND it2.info = 'votes'
	  AND k.keyword IN ('murder',
	                    'violence',
	                    'blood',
	                    'gore',
	                    'death',
	                    'female-nudity',
	                    'hospital')
	  AND mi.info IN ('Horror',
	                  'Thriller')
	  AND n.gender = 'm'
	  AND t.production_year > 2000
	  AND t.id = mi.movie_id
	  AND t.id = mi_idx.movie_id
	  AND t.id = ci.movie_id
	  AND t.id = mk.movie_id
	  AND t.id = cc.movie_id
	  AND ci.movie_id = mi.movie_id
	  AND ci.movie_id = mi_idx.movie_id
	  AND ci.movie_id = mk.movie_id
	  AND ci.movie_id = cc.movie_id
	  AND mi.movie_id = mi_idx.movie_id
	  AND mi.movie_id = mk.movie_id
	  AND mi.movie_id = cc.movie_id
	  AND mi_idx.movie_id = mk.movie_id
	  AND mi_idx.movie_id = cc.movie_id
	  AND mk.movie_id = cc.movie_id
	  AND n.id = ci.person_id
	  AND it1.id = mi.info_type_id
	  AND it2.id = mi_idx.info_type_id
	  AND k.id = mk.keyword_id
	  AND cct1.id = cc.subject_id
	  AND cct2.id = cc.status_id;
	
	
2026-02-06 02:31:01.426 UTC [3116329] AiChaosN@imdbload LOG:  Bao planning selected arm 8, in 245.325000 CPU ms.
2026-02-06 02:31:01.426 UTC [3116329] AiChaosN@imdbload STATEMENT:  SELECT MIN(mi.info) AS budget,
	       MIN(t.title) AS unsuccsessful_movie
	FROM company_name AS cn,
	     company_type AS ct,
	     info_type AS it1,
	     info_type AS it2,
	     movie_companies AS mc,
	     movie_info AS mi,
	     movie_info_idx AS mi_idx,
	     title AS t
	WHERE cn.country_code ='[us]'
	  AND ct.kind IS NOT NULL
	  AND (ct.kind ='production companies'
	       OR ct.kind = 'distributors')
	  AND it1.info ='budget'
	  AND it2.info ='bottom 10 rank'
	  AND t.production_year >2000
	  AND (t.title LIKE 'Birdemic%'
	       OR t.title LIKE '%Movie%')
	  AND t.id = mi.movie_id
	  AND t.id = mi_idx.movie_id
	  AND mi.info_type_id = it1.id
	  AND mi_idx.info_type_id = it2.id
	  AND t.id = mc.movie_id
	  AND ct.id = mc.company_type_id
	  AND cn.id = mc.company_id
	  AND mc.movie_id = mi.movie_id
	  AND mc.movie_id = mi_idx.movie_id
	  AND mi.movie_id = mi_idx.movie_id;
	
	
2026-02-06 02:31:11.438 UTC [3116563] AiChaosN@imdbload LOG:  Bao planning selected arm 44, in 140.385000 CPU ms.
2026-02-06 02:31:11.438 UTC [3116563] AiChaosN@imdbload STATEMENT:  SELECT MIN(t.title) AS american_movie
	FROM company_type AS ct,
	     info_type AS it,
	     movie_companies AS mc,
	     movie_info AS mi,
	     title AS t
	WHERE ct.kind = 'production companies'
	  AND mc.note NOT LIKE '%(TV)%'
	  AND mc.note LIKE '%(USA)%'
	  AND mi.info IN ('Sweden',
	                  'Norway',
	                  'Germany',
	                  'Denmark',
	                  'Swedish',
	                  'Denish',
	                  'Norwegian',
	                  'German',
	                  'USA',
	                  'American')
	  AND t.production_year > 1990
	  AND t.id = mi.movie_id
	  AND t.id = mc.movie_id
	  AND mc.movie_id = mi.movie_id
	  AND ct.id = mc.company_type_id
	  AND it.id = mi.info_type_id;
	
	
2026-02-06 02:31:12.019 UTC [3116564] AiChaosN@imdbload LOG:  Bao planning selected arm 3, in 325.011000 CPU ms.
2026-02-06 02:31:12.019 UTC [3116564] AiChaosN@imdbload STATEMENT:  SELECT MIN(mi.info) AS movie_budget,
	       MIN(mi_idx.info) AS movie_votes,
	       MIN(n.name) AS male_writer,
	       MIN(t.title) AS violent_movie_title
	FROM cast_info AS ci,
	     info_type AS it1,
	     info_type AS it2,
	     keyword AS k,
	     movie_info AS mi,
	     movie_info_idx AS mi_idx,
	     movie_keyword AS mk,
	     name AS n,
	     title AS t
	WHERE ci.note IN ('(writer)',
	                  '(head writer)',
	                  '(written by)',
	                  '(story)',
	                  '(story editor)')
	  AND it1.info = 'genres'
	  AND it2.info = 'votes'
	  AND k.keyword IN ('murder',
	                    'blood',
	                    'gore',
	                    'death',
	                    'female-nudity')
	  AND mi.info = 'Horror'
	  AND n.gender = 'm'
	  AND t.production_year > 2010
	  AND t.title LIKE 'Vampire%'
	  AND t.id = mi.movie_id
	  AND t.id = mi_idx.movie_id
	  AND t.id = ci.movie_id
	  AND t.id = mk.movie_id
	  AND ci.movie_id = mi.movie_id
	  AND ci.movie_id = mi_idx.movie_id
	  AND ci.movie_id = mk.movie_id
	  AND mi.movie_id = mi_idx.movie_id
	  AND mi.movie_id = mk.movie_id
	  AND mi_idx.movie_id = mk.movie_id
	  AND n.id = ci.person_id
	  AND it1.id = mi.info_type_id
	  AND it2.id = mi_idx.info_type_id
	  AND k.id = mk.keyword_id;
	
	
2026-02-06 02:31:14.119 UTC [3116577] AiChaosN@imdbload LOG:  Bao planning selected arm 18, in 1814.559000 CPU ms.
2026-02-06 02:31:14.119 UTC [3116577] AiChaosN@imdbload STATEMENT:  SELECT MIN(chn.name) AS voiced_char_name,
	       MIN(n.name) AS voicing_actress_name,
	       MIN(t.title) AS kung_fu_panda
	FROM aka_name AS an,
	     char_name AS chn,
	     cast_info AS ci,
	     company_name AS cn,
	     info_type AS it,
	     keyword AS k,
	     movie_companies AS mc,
	     movie_info AS mi,
	     movie_keyword AS mk,
	     name AS n,
	     role_type AS rt,
	     title AS t
	WHERE ci.note IN ('(voice)',
	                  '(voice: Japanese version)',
	                  '(voice) (uncredited)',
	                  '(voice: English version)')
	  AND cn.country_code ='[us]'
	  AND cn.name = 'DreamWorks Animation'
	  AND it.info = 'release dates'
	  AND k.keyword IN ('hero',
	                    'martial-arts',
	                    'hand-to-hand-combat',
	                    'computer-animated-movie')
	  AND mi.info IS NOT NULL
	  AND (mi.info LIKE 'Japan:%201%'
	       OR mi.info LIKE 'USA:%201%')
	  AND n.gender ='f'
	  AND n.name LIKE '%An%'
	  AND rt.role ='actress'
	  AND t.production_year > 2010
	  AND t.title LIKE 'Kung Fu Panda%'
	  AND t.id = mi.movie_id
	  AND t.id = mc.movie_id
	  AND t.id = ci.movie_id
	  AND t.id = mk.movie_id
	  AND mc.movie_id = ci.movie_id
	  AND mc.movie_id = mi.movie_id
	  AND mc.movie_id = mk.movie_id
	  AND mi.movie_id = ci.movie_id
	  AND mi.movie_id = mk.movie_id
	  AND ci.movie_id = mk.movie_id
	  AND cn.id = mc.company_id
	  AND it.id = mi.info_type_id
	  AND n.id = ci.person_id
	  AND rt.id = ci.role_id
	  AND n.id = an.person_id
	  AND ci.person_id = an.person_id
	  AND chn.id = ci.person_role_id
	  AND k.id = mk.keyword_id;
	
	
2026-02-06 02:31:14.564 UTC [3116620] AiChaosN@imdbload LOG:  Bao planning selected arm 3, in 137.014000 CPU ms.
2026-02-06 02:31:14.564 UTC [3116620] AiChaosN@imdbload STATEMENT:  SELECT MIN(k.keyword) AS movie_keyword,
	       MIN(n.name) AS actor_name,
	       MIN(t.title) AS marvel_movie
	FROM cast_info AS ci,
	     keyword AS k,
	     movie_keyword AS mk,
	     name AS n,
	     title AS t
	WHERE k.keyword = 'marvel-cinematic-universe'
	  AND n.name LIKE '%Downey%Robert%'
	  AND t.production_year > 2010
	  AND k.id = mk.keyword_id
	  AND t.id = mk.movie_id
	  AND t.id = ci.movie_id
	  AND ci.movie_id = mk.movie_id
	  AND n.id = ci.person_id;
	
	
2026-02-06 02:31:14.977 UTC [3116621] AiChaosN@imdbload LOG:  Bao planning selected arm 9, in 326.648000 CPU ms.
2026-02-06 02:31:14.977 UTC [3116621] AiChaosN@imdbload STATEMENT:  SELECT MIN(cn.name) AS company_name,
	       MIN(lt.link) AS link_type,
	       MIN(t.title) AS german_follow_up
	FROM company_name AS cn,
	     company_type AS ct,
	     keyword AS k,
	     link_type AS lt,
	     movie_companies AS mc,
	     movie_info AS mi,
	     movie_keyword AS mk,
	     movie_link AS ml,
	     title AS t
	WHERE cn.country_code !='[pl]'
	  AND (cn.name LIKE '%Film%'
	       OR cn.name LIKE '%Warner%')
	  AND ct.kind ='production companies'
	  AND k.keyword ='sequel'
	  AND lt.link LIKE '%follow%'
	  AND mc.note IS NULL
	  AND mi.info IN ('Germany',
	                  'German')
	  AND t.production_year BETWEEN 2000 AND 2010
	  AND lt.id = ml.link_type_id
	  AND ml.movie_id = t.id
	  AND t.id = mk.movie_id
	  AND mk.keyword_id = k.id
	  AND t.id = mc.movie_id
	  AND mc.company_type_id = ct.id
	  AND mc.company_id = cn.id
	  AND mi.movie_id = t.id
	  AND ml.movie_id = mk.movie_id
	  AND ml.movie_id = mc.movie_id
	  AND mk.movie_id = mc.movie_id
	  AND ml.movie_id = mi.movie_id
	  AND mk.movie_id = mi.movie_id
	  AND mc.movie_id = mi.movie_id;
	
	
2026-02-06 02:31:16.290 UTC [3116643] AiChaosN@imdbload LOG:  Bao planning selected arm 2, in 1210.137000 CPU ms.
2026-02-06 02:31:16.290 UTC [3116643] AiChaosN@imdbload STATEMENT:  SELECT MIN(chn.name) AS character_name,
	       MIN(mi_idx.info) AS rating,
	       MIN(n.name) AS playing_actor,
	       MIN(t.title) AS complete_hero_movie
	FROM complete_cast AS cc,
	     comp_cast_type AS cct1,
	     comp_cast_type AS cct2,
	     char_name AS chn,
	     cast_info AS ci,
	     info_type AS it2,
	     keyword AS k,
	     kind_type AS kt,
	     movie_info_idx AS mi_idx,
	     movie_keyword AS mk,
	     name AS n,
	     title AS t
	WHERE cct1.kind = 'cast'
	  AND cct2.kind LIKE '%complete%'
	  AND chn.name IS NOT NULL
	  AND (chn.name LIKE '%man%'
	       OR chn.name LIKE '%Man%')
	  AND it2.info = 'rating'
	  AND k.keyword IN ('superhero',
	                    'marvel-comics',
	                    'based-on-comic',
	                    'tv-special',
	                    'fight',
	                    'violence',
	                    'magnet',
	                    'web',
	                    'claw',
	                    'laser')
	  AND kt.kind = 'movie'
	  AND mi_idx.info > '7.0'
	  AND t.production_year > 2000
	  AND kt.id = t.kind_id
	  AND t.id = mk.movie_id
	  AND t.id = ci.movie_id
	  AND t.id = cc.movie_id
	  AND t.id = mi_idx.movie_id
	  AND mk.movie_id = ci.movie_id
	  AND mk.movie_id = cc.movie_id
	  AND mk.movie_id = mi_idx.movie_id
	  AND ci.movie_id = cc.movie_id
	  AND ci.movie_id = mi_idx.movie_id
	  AND cc.movie_id = mi_idx.movie_id
	  AND chn.id = ci.person_role_id
	  AND n.id = ci.person_id
	  AND k.id = mk.keyword_id
	  AND cct1.id = cc.subject_id
	  AND cct2.id = cc.status_id
	  AND it2.id = mi_idx.info_type_id;
	
	
2026-02-06 02:31:29.368 UTC [3116901] AiChaosN@imdbload LOG:  Bao planning selected arm 36, in 166.915000 CPU ms.
2026-02-06 02:31:29.368 UTC [3116901] AiChaosN@imdbload STATEMENT:  SELECT MIN(chn.name) AS character,
	       MIN(t.title) AS russian_mov_with_actor_producer
	FROM char_name AS chn,
	     cast_info AS ci,
	     company_name AS cn,
	     company_type AS ct,
	     movie_companies AS mc,
	     role_type AS rt,
	     title AS t
	WHERE ci.note LIKE '%(producer)%'
	  AND cn.country_code = '[ru]'
	  AND rt.role = 'actor'
	  AND t.production_year > 2010
	  AND t.id = mc.movie_id
	  AND t.id = ci.movie_id
	  AND ci.movie_id = mc.movie_id
	  AND chn.id = ci.person_role_id
	  AND rt.id = ci.role_id
	  AND cn.id = mc.company_id
	  AND ct.id = mc.company_type_id;
	
	
2026-02-06 02:31:33.998 UTC [3116988] AiChaosN@imdbload LOG:  Bao planning selected arm 12, in 319.530000 CPU ms.
2026-02-06 02:31:33.998 UTC [3116988] AiChaosN@imdbload STATEMENT:  SELECT MIN(mi.info) AS movie_budget,
	       MIN(mi_idx.info) AS movie_votes,
	       MIN(n.name) AS male_writer,
	       MIN(t.title) AS violent_movie_title
	FROM cast_info AS ci,
	     info_type AS it1,
	     info_type AS it2,
	     keyword AS k,
	     movie_info AS mi,
	     movie_info_idx AS mi_idx,
	     movie_keyword AS mk,
	     name AS n,
	     title AS t
	WHERE ci.note IN ('(writer)',
	                  '(head writer)',
	                  '(written by)',
	                  '(story)',
	                  '(story editor)')
	  AND it1.info = 'genres'
	  AND it2.info = 'votes'
	  AND k.keyword IN ('murder',
	                    'blood',
	                    'gore',
	                    'death',
	                    'female-nudity')
	  AND mi.info = 'Horror'
	  AND n.gender = 'm'
	  AND t.id = mi.movie_id
	  AND t.id = mi_idx.movie_id
	  AND t.id = ci.movie_id
	  AND t.id = mk.movie_id
	  AND ci.movie_id = mi.movie_id
	  AND ci.movie_id = mi_idx.movie_id
	  AND ci.movie_id = mk.movie_id
	  AND mi.movie_id = mi_idx.movie_id
	  AND mi.movie_id = mk.movie_id
	  AND mi_idx.movie_id = mk.movie_id
	  AND n.id = ci.person_id
	  AND it1.id = mi.info_type_id
	  AND it2.id = mi_idx.info_type_id
	  AND k.id = mk.keyword_id;
	
	
2026-02-06 02:32:05.647 UTC [3116988] AiChaosN@imdbload ERROR:  canceling statement due to statement timeout
2026-02-06 02:32:05.647 UTC [3116988] AiChaosN@imdbload STATEMENT:  SELECT MIN(mi.info) AS movie_budget,
	       MIN(mi_idx.info) AS movie_votes,
	       MIN(n.name) AS male_writer,
	       MIN(t.title) AS violent_movie_title
	FROM cast_info AS ci,
	     info_type AS it1,
	     info_type AS it2,
	     keyword AS k,
	     movie_info AS mi,
	     movie_info_idx AS mi_idx,
	     movie_keyword AS mk,
	     name AS n,
	     title AS t
	WHERE ci.note IN ('(writer)',
	                  '(head writer)',
	                  '(written by)',
	                  '(story)',
	                  '(story editor)')
	  AND it1.info = 'genres'
	  AND it2.info = 'votes'
	  AND k.keyword IN ('murder',
	                    'blood',
	                    'gore',
	                    'death',
	                    'female-nudity')
	  AND mi.info = 'Horror'
	  AND n.gender = 'm'
	  AND t.id = mi.movie_id
	  AND t.id = mi_idx.movie_id
	  AND t.id = ci.movie_id
	  AND t.id = mk.movie_id
	  AND ci.movie_id = mi.movie_id
	  AND ci.movie_id = mi_idx.movie_id
	  AND ci.movie_id = mk.movie_id
	  AND mi.movie_id = mi_idx.movie_id
	  AND mi.movie_id = mk.movie_id
	  AND mi_idx.movie_id = mk.movie_id
	  AND n.id = ci.person_id
	  AND it1.id = mi.info_type_id
	  AND it2.id = mi_idx.info_type_id
	  AND k.id = mk.keyword_id;
	
	
2026-02-06 02:32:37.663 UTC [3117556] AiChaosN@imdbload ERROR:  canceling statement due to statement timeout
2026-02-06 02:32:37.663 UTC [3117556] AiChaosN@imdbload STATEMENT:  SELECT MIN(chn.name) AS voiced_char,
	       MIN(n.name) AS voicing_actress,
	       MIN(t.title) AS voiced_animation
	FROM aka_name AS an,
	     complete_cast AS cc,
	     comp_cast_type AS cct1,
	     comp_cast_type AS cct2,
	     char_name AS chn,
	     cast_info AS ci,
	     company_name AS cn,
	     info_type AS it,
	     info_type AS it3,
	     keyword AS k,
	     movie_companies AS mc,
	     movie_info AS mi,
	     movie_keyword AS mk,
	     name AS n,
	     person_info AS pi1,
	     role_type AS rt,
	     title AS t
	WHERE cct1.kind ='cast'
	  AND cct2.kind ='complete+verified'
	  AND chn.name = 'Queen'
	  AND ci.note IN ('(voice)',
	                  '(voice) (uncredited)',
	                  '(voice: English version)')
	  AND cn.country_code ='[us]'
	  AND it.info = 'release dates'
	  AND it3.info = 'trivia'
	  AND k.keyword = 'computer-animation'
	  AND mi.info IS NOT NULL
	  AND (mi.info LIKE 'Japan:%200%'
	       OR mi.info LIKE 'USA:%200%')
	  AND n.gender ='f'
	  AND n.name LIKE '%An%'
	  AND rt.role ='actress'
	  AND t.title = 'Shrek 2'
	  AND t.production_year BETWEEN 2000 AND 2010
	  AND t.id = mi.movie_id
	  AND t.id = mc.movie_id
	  AND t.id = ci.movie_id
	  AND t.id = mk.movie_id
	  AND t.id = cc.movie_id
	  AND mc.movie_id = ci.movie_id
	  AND mc.movie_id = mi.movie_id
	  AND mc.movie_id = mk.movie_id
	  AND mc.movie_id = cc.movie_id
	  AND mi.movie_id = ci.movie_id
	  AND mi.movie_id = mk.movie_id
	  AND mi.movie_id = cc.movie_id
	  AND ci.movie_id = mk.movie_id
	  AND ci.movie_id = cc.movie_id
	  AND mk.movie_id = cc.movie_id
	  AND cn.id = mc.company_id
	  AND it.id = mi.info_type_id
	  AND n.id = ci.person_id
	  AND rt.id = ci.role_id
	  AND n.id = an.person_id
	  AND ci.person_id = an.person_id
	  AND chn.id = ci.person_role_id
	  AND n.id = pi1.person_id
	  AND ci.person_id = pi1.person_id
	  AND it3.id = pi1.info_type_id
	  AND k.id = mk.keyword_id
	  AND cct1.id = cc.subject_id
	  AND cct2.id = cc.status_id;
	
	
2026-02-06 02:32:38.269 UTC [3118100] AiChaosN@imdbload LOG:  Bao planning selected arm 3, in 155.020000 CPU ms.
2026-02-06 02:32:38.269 UTC [3118100] AiChaosN@imdbload STATEMENT:  SELECT MIN(k.keyword) AS movie_keyword,
	       MIN(n.name) AS actor_name,
	       MIN(t.title) AS hero_movie
	FROM cast_info AS ci,
	     keyword AS k,
	     movie_keyword AS mk,
	     name AS n,
	     title AS t
	WHERE k.keyword IN ('superhero',
	                    'sequel',
	                    'second-part',
	                    'marvel-comics',
	                    'based-on-comic',
	                    'tv-special',
	                    'fight',
	                    'violence')
	  AND n.name LIKE '%Downey%Robert%'
	  AND t.production_year > 2014
	  AND k.id = mk.keyword_id
	  AND t.id = mk.movie_id
	  AND t.id = ci.movie_id
	  AND ci.movie_id = mk.movie_id
	  AND n.id = ci.person_id;
	
	
2026-02-06 02:32:45.711 UTC [3118282] AiChaosN@imdbload LOG:  Bao planning selected arm 9, in 178.442000 CPU ms.
2026-02-06 02:32:45.711 UTC [3118282] AiChaosN@imdbload STATEMENT:  SELECT MIN(mi.info) AS movie_budget,
	       MIN(mi_idx.info) AS movie_votes,
	       MIN(t.title) AS movie_title
	FROM cast_info AS ci,
	     info_type AS it1,
	     info_type AS it2,
	     movie_info AS mi,
	     movie_info_idx AS mi_idx,
	     name AS n,
	     title AS t
	WHERE ci.note IN ('(producer)',
	                  '(executive producer)')
	  AND it1.info = 'budget'
	  AND it2.info = 'votes'
	  AND n.gender = 'm'
	  AND n.name LIKE '%Tim%'
	  AND t.id = mi.movie_id
	  AND t.id = mi_idx.movie_id
	  AND t.id = ci.movie_id
	  AND ci.movie_id = mi.movie_id
	  AND ci.movie_id = mi_idx.movie_id
	  AND mi.movie_id = mi_idx.movie_id
	  AND n.id = ci.person_id
	  AND it1.id = mi.info_type_id
	  AND it2.id = mi_idx.info_type_id;
	
	
2026-02-06 02:33:17.495 UTC [3118282] AiChaosN@imdbload ERROR:  canceling statement due to statement timeout
2026-02-06 02:33:17.495 UTC [3118282] AiChaosN@imdbload STATEMENT:  SELECT MIN(mi.info) AS movie_budget,
	       MIN(mi_idx.info) AS movie_votes,
	       MIN(t.title) AS movie_title
	FROM cast_info AS ci,
	     info_type AS it1,
	     info_type AS it2,
	     movie_info AS mi,
	     movie_info_idx AS mi_idx,
	     name AS n,
	     title AS t
	WHERE ci.note IN ('(producer)',
	                  '(executive producer)')
	  AND it1.info = 'budget'
	  AND it2.info = 'votes'
	  AND n.gender = 'm'
	  AND n.name LIKE '%Tim%'
	  AND t.id = mi.movie_id
	  AND t.id = mi_idx.movie_id
	  AND t.id = ci.movie_id
	  AND ci.movie_id = mi.movie_id
	  AND ci.movie_id = mi_idx.movie_id
	  AND mi.movie_id = mi_idx.movie_id
	  AND n.id = ci.person_id
	  AND it1.id = mi.info_type_id
	  AND it2.id = mi_idx.info_type_id;
	
	
2026-02-06 02:33:17.787 UTC [3118818] AiChaosN@imdbload LOG:  Bao planning selected arm 29, in 230.907000 CPU ms.
2026-02-06 02:33:17.787 UTC [3118818] AiChaosN@imdbload STATEMENT:  SELECT MIN(n.name) AS cast_member_name,
	       MIN(pi1.info) AS cast_member_info
	FROM aka_name AS an,
	     cast_info AS ci,
	     info_type AS it,
	     link_type AS lt,
	     movie_link AS ml,
	     name AS n,
	     person_info AS pi1,
	     title AS t
	WHERE an.name IS NOT NULL
	  AND (an.name LIKE '%a%'
	       OR an.name LIKE 'A%')
	  AND it.info ='mini biography'
	  AND lt.link IN ('references',
	                  'referenced in',
	                  'features',
	                  'featured in')
	  AND n.name_pcode_cf BETWEEN 'A' AND 'F'
	  AND (n.gender='m'
	       OR (n.gender = 'f'
	           AND n.name LIKE 'A%'))
	  AND pi1.note IS NOT NULL
	  AND t.production_year BETWEEN 1980 AND 2010
	  AND n.id = an.person_id
	  AND n.id = pi1.person_id
	  AND ci.person_id = n.id
	  AND t.id = ci.movie_id
	  AND ml.linked_movie_id = t.id
	  AND lt.id = ml.link_type_id
	  AND it.id = pi1.info_type_id
	  AND pi1.person_id = an.person_id
	  AND pi1.person_id = ci.person_id
	  AND an.person_id = ci.person_id
	  AND ci.movie_id = ml.linked_movie_id;
	
	
2026-02-06 02:33:24.353 UTC [3118956] AiChaosN@imdbload LOG:  Bao planning selected arm 43, in 352.032000 CPU ms.
2026-02-06 02:33:24.353 UTC [3118956] AiChaosN@imdbload STATEMENT:  SELECT MIN(mi.info) AS release_date,
	       MIN(t.title) AS internet_movie
	FROM aka_title AS aka_t,
	     company_name AS cn,
	     company_type AS ct,
	     info_type AS it1,
	     keyword AS k,
	     movie_companies AS mc,
	     movie_info AS mi,
	     movie_keyword AS mk,
	     title AS t
	WHERE cn.country_code = '[us]'
	  AND it1.info = 'release dates'
	  AND mc.note LIKE '%(200%)%'
	  AND mc.note LIKE '%(worldwide)%'
	  AND mi.note LIKE '%internet%'
	  AND mi.info LIKE 'USA:% 200%'
	  AND t.production_year > 2000
	  AND t.id = aka_t.movie_id
	  AND t.id = mi.movie_id
	  AND t.id = mk.movie_id
	  AND t.id = mc.movie_id
	  AND mk.movie_id = mi.movie_id
	  AND mk.movie_id = mc.movie_id
	  AND mk.movie_id = aka_t.movie_id
	  AND mi.movie_id = mc.movie_id
	  AND mi.movie_id = aka_t.movie_id
	  AND mc.movie_id = aka_t.movie_id
	  AND k.id = mk.keyword_id
	  AND it1.id = mi.info_type_id
	  AND cn.id = mc.company_id
	  AND ct.id = mc.company_type_id;
	
2026-02-06 02:33:26.059 UTC [3118981] AiChaosN@imdbload LOG:  Bao planning selected arm 3, in 160.454000 CPU ms.
2026-02-06 02:33:26.059 UTC [3118981] AiChaosN@imdbload STATEMENT:  SELECT MIN(t.title) AS movie_title
	FROM company_name AS cn,
	     keyword AS k,
	     movie_companies AS mc,
	     movie_keyword AS mk,
	     title AS t
	WHERE cn.country_code ='[us]'
	  AND k.keyword ='character-name-in-title'
	  AND cn.id = mc.company_id
	  AND mc.movie_id = t.id
	  AND t.id = mk.movie_id
	  AND mk.keyword_id = k.id
	  AND mc.movie_id = mk.movie_id;
	
	
2026-02-06 02:33:27.406 UTC [3119009] AiChaosN@imdbload LOG:  Bao planning selected arm 18, in 512.932000 CPU ms.
2026-02-06 02:33:27.406 UTC [3119009] AiChaosN@imdbload STATEMENT:  SELECT MIN(n.name) AS voicing_actress,
	       MIN(t.title) AS kung_fu_panda
	FROM aka_name AS an,
	     char_name AS chn,
	     cast_info AS ci,
	     company_name AS cn,
	     info_type AS it,
	     movie_companies AS mc,
	     movie_info AS mi,
	     name AS n,
	     role_type AS rt,
	     title AS t
	WHERE ci.note = '(voice)'
	  AND cn.country_code ='[us]'
	  AND it.info = 'release dates'
	  AND mc.note LIKE '%(200%)%'
	  AND (mc.note LIKE '%(USA)%'
	       OR mc.note LIKE '%(worldwide)%')
	  AND mi.info IS NOT NULL
	  AND (mi.info LIKE 'Japan:%2007%'
	       OR mi.info LIKE 'USA:%2008%')
	  AND n.gender ='f'
	  AND n.name LIKE '%Angel%'
	  AND rt.role ='actress'
	  AND t.production_year BETWEEN 2007 AND 2008
	  AND t.title LIKE '%Kung%Fu%Panda%'
	  AND t.id = mi.movie_id
	  AND t.id = mc.movie_id
	  AND t.id = ci.movie_id
	  AND mc.movie_id = ci.movie_id
	  AND mc.movie_id = mi.movie_id
	  AND mi.movie_id = ci.movie_id
	  AND cn.id = mc.company_id
	  AND it.id = mi.info_type_id
	  AND n.id = ci.person_id
	  AND rt.id = ci.role_id
	  AND n.id = an.person_id
	  AND ci.person_id = an.person_id
	  AND chn.id = ci.person_role_id;
	
	
2026-02-06 02:33:28.117 UTC [3119022] AiChaosN@imdbload LOG:  Bao planning selected arm 3, in 362.475000 CPU ms.
2026-02-06 02:33:28.117 UTC [3119022] AiChaosN@imdbload STATEMENT:  SELECT MIN(n.name) AS cast_member,
	       MIN(t.title) AS complete_dynamic_hero_movie
	FROM complete_cast AS cc,
	     comp_cast_type AS cct1,
	     comp_cast_type AS cct2,
	     char_name AS chn,
	     cast_info AS ci,
	     keyword AS k,
	     kind_type AS kt,
	     movie_keyword AS mk,
	     name AS n,
	     title AS t
	WHERE cct1.kind = 'cast'
	  AND cct2.kind LIKE '%complete%'
	  AND chn.name IS NOT NULL
	  AND (chn.name LIKE '%man%'
	       OR chn.name LIKE '%Man%')
	  AND k.keyword IN ('superhero',
	                    'marvel-comics',
	                    'based-on-comic',
	                    'tv-special',
	                    'fight',
	                    'violence',
	                    'magnet',
	                    'web',
	                    'claw',
	                    'laser')
	  AND kt.kind = 'movie'
	  AND t.production_year > 2000
	  AND kt.id = t.kind_id
	  AND t.id = mk.movie_id
	  AND t.id = ci.movie_id
	  AND t.id = cc.movie_id
	  AND mk.movie_id = ci.movie_id
	  AND mk.movie_id = cc.movie_id
	  AND ci.movie_id = cc.movie_id
	  AND chn.id = ci.person_role_id
	  AND n.id = ci.person_id
	  AND k.id = mk.keyword_id
	  AND cct1.id = cc.subject_id
	  AND cct2.id = cc.status_id;
	
	
2026-02-06 02:33:29.869 UTC [3119055] AiChaosN@imdbload LOG:  Bao planning selected arm 3, in 190.097000 CPU ms.
2026-02-06 02:33:29.869 UTC [3119055] AiChaosN@imdbload STATEMENT:  SELECT MIN(mi.info) AS movie_budget,
	       MIN(mi_idx.info) AS movie_votes,
	       MIN(t.title) AS movie_title
	FROM cast_info AS ci,
	     info_type AS it1,
	     info_type AS it2,
	     movie_info AS mi,
	     movie_info_idx AS mi_idx,
	     name AS n,
	     title AS t
	WHERE ci.note IN ('(writer)',
	                  '(head writer)',
	                  '(written by)',
	                  '(story)',
	                  '(story editor)')
	  AND it1.info = 'genres'
	  AND it2.info = 'votes'
	  AND mi.info IN ('Horror',
	                  'Action',
	                  'Sci-Fi',
	                  'Thriller',
	                  'Crime',
	                  'War')
	  AND n.gender = 'm'
	  AND t.id = mi.movie_id
	  AND t.id = mi_idx.movie_id
	  AND t.id = ci.movie_id
	  AND ci.movie_id = mi.movie_id
	  AND ci.movie_id = mi_idx.movie_id
	  AND mi.movie_id = mi_idx.movie_id
	  AND n.id = ci.person_id
	  AND it1.id = mi.info_type_id
	  AND it2.id = mi_idx.info_type_id;
	
	
2026-02-06 02:33:41.742 UTC [3119286] AiChaosN@imdbload LOG:  Bao planning selected arm 3, in 233.058000 CPU ms.
2026-02-06 02:33:41.742 UTC [3119286] AiChaosN@imdbload STATEMENT:  SELECT MIN(an.name) AS alternative_name,
	       MIN(chn.name) AS voiced_char_name,
	       MIN(n.name) AS voicing_actress,
	       MIN(t.title) AS american_movie
	FROM aka_name AS an,
	     char_name AS chn,
	     cast_info AS ci,
	     company_name AS cn,
	     movie_companies AS mc,
	     name AS n,
	     role_type AS rt,
	     title AS t
	WHERE ci.note IN ('(voice)',
	                  '(voice: Japanese version)',
	                  '(voice) (uncredited)',
	                  '(voice: English version)')
	  AND cn.country_code ='[us]'
	  AND n.gender ='f'
	  AND rt.role ='actress'
	  AND ci.movie_id = t.id
	  AND t.id = mc.movie_id
	  AND ci.movie_id = mc.movie_id
	  AND mc.company_id = cn.id
	  AND ci.role_id = rt.id
	  AND n.id = ci.person_id
	  AND chn.id = ci.person_role_id
	  AND an.person_id = n.id
	  AND an.person_id = ci.person_id;
	
	
2026-02-06 02:33:46.646 UTC [3119373] AiChaosN@imdbload LOG:  Bao planning selected arm 41, in 1200.033000 CPU ms.
2026-02-06 02:33:46.646 UTC [3119373] AiChaosN@imdbload STATEMENT:  SELECT MIN(chn.name) AS character_name,
	       MIN(mi_idx.info) AS rating,
	       MIN(t.title) AS complete_hero_movie
	FROM complete_cast AS cc,
	     comp_cast_type AS cct1,
	     comp_cast_type AS cct2,
	     char_name AS chn,
	     cast_info AS ci,
	     info_type AS it2,
	     keyword AS k,
	     kind_type AS kt,
	     movie_info_idx AS mi_idx,
	     movie_keyword AS mk,
	     name AS n,
	     title AS t
	WHERE cct1.kind = 'cast'
	  AND cct2.kind LIKE '%complete%'
	  AND chn.name IS NOT NULL
	  AND (chn.name LIKE '%man%'
	       OR chn.name LIKE '%Man%')
	  AND it2.info = 'rating'
	  AND k.keyword IN ('superhero',
	                    'marvel-comics',
	                    'based-on-comic',
	                    'tv-special',
	                    'fight',
	                    'violence',
	                    'magnet',
	                    'web',
	                    'claw',
	                    'laser')
	  AND kt.kind = 'movie'
	  AND t.production_year > 2000
	  AND kt.id = t.kind_id
	  AND t.id = mk.movie_id
	  AND t.id = ci.movie_id
	  AND t.id = cc.movie_id
	  AND t.id = mi_idx.movie_id
	  AND mk.movie_id = ci.movie_id
	  AND mk.movie_id = cc.movie_id
	  AND mk.movie_id = mi_idx.movie_id
	  AND ci.movie_id = cc.movie_id
	  AND ci.movie_id = mi_idx.movie_id
	  AND cc.movie_id = mi_idx.movie_id
	  AND chn.id = ci.person_role_id
	  AND n.id = ci.person_id
	  AND k.id = mk.keyword_id
	  AND cct1.id = cc.subject_id
	  AND cct2.id = cc.status_id
	  AND it2.id = mi_idx.info_type_id;
	
	
2026-02-06 02:33:51.106 UTC [3119496] AiChaosN@imdbload LOG:  Bao planning selected arm 17, in 357.394000 CPU ms.
2026-02-06 02:33:51.106 UTC [3119496] AiChaosN@imdbload STATEMENT:  SELECT MIN(mi.info) AS release_date,
	       MIN(t.title) AS youtube_movie
	FROM aka_title AS aka_t,
	     company_name AS cn,
	     company_type AS ct,
	     info_type AS it1,
	     keyword AS k,
	     movie_companies AS mc,
	     movie_info AS mi,
	     movie_keyword AS mk,
	     title AS t
	WHERE cn.country_code = '[us]'
	  AND cn.name = 'YouTube'
	  AND it1.info = 'release dates'
	  AND mc.note LIKE '%(200%)%'
	  AND mc.note LIKE '%(worldwide)%'
	  AND mi.note LIKE '%internet%'
	  AND mi.info LIKE 'USA:% 200%'
	  AND t.production_year BETWEEN 2005 AND 2010
	  AND t.id = aka_t.movie_id
	  AND t.id = mi.movie_id
	  AND t.id = mk.movie_id
	  AND t.id = mc.movie_id
	  AND mk.movie_id = mi.movie_id
	  AND mk.movie_id = mc.movie_id
	  AND mk.movie_id = aka_t.movie_id
	  AND mi.movie_id = mc.movie_id
	  AND mi.movie_id = aka_t.movie_id
	  AND mc.movie_id = aka_t.movie_id
	  AND k.id = mk.keyword_id
	  AND it1.id = mi.info_type_id
	  AND cn.id = mc.company_id
	  AND ct.id = mc.company_type_id;
	
	
2026-02-06 02:33:58.018 UTC [3119643] AiChaosN@imdbload LOG:  Bao planning selected arm 8, in 224.486000 CPU ms.
2026-02-06 02:33:58.018 UTC [3119643] AiChaosN@imdbload STATEMENT:  SELECT MIN(cn.name) AS movie_company,
	       MIN(mi_idx.info) AS rating,
	       MIN(t.title) AS drama_horror_movie
	FROM company_name AS cn,
	     company_type AS ct,
	     info_type AS it1,
	     info_type AS it2,
	     movie_companies AS mc,
	     movie_info AS mi,
	     movie_info_idx AS mi_idx,
	     title AS t
	WHERE cn.country_code = '[us]'
	  AND ct.kind = 'production companies'
	  AND it1.info = 'genres'
	  AND it2.info = 'rating'
	  AND mi.info IN ('Drama',
	                  'Horror')
	  AND mi_idx.info > '8.0'
	  AND t.production_year BETWEEN 2005 AND 2008
	  AND t.id = mi.movie_id
	  AND t.id = mi_idx.movie_id
	  AND mi.info_type_id = it1.id
	  AND mi_idx.info_type_id = it2.id
	  AND t.id = mc.movie_id
	  AND ct.id = mc.company_type_id
	  AND cn.id = mc.company_id
	  AND mc.movie_id = mi.movie_id
	  AND mc.movie_id = mi_idx.movie_id
	  AND mi.movie_id = mi_idx.movie_id;
	
	
2026-02-06 02:34:01.923 UTC [3119731] AiChaosN@imdbload LOG:  Bao planning selected arm 9, in 141.933000 CPU ms.
2026-02-06 02:34:01.923 UTC [3119731] AiChaosN@imdbload STATEMENT:  SELECT MIN(t.title) AS movie_title
	FROM keyword AS k,
	     movie_info AS mi,
	     movie_keyword AS mk,
	     title AS t
	WHERE k.keyword LIKE '%sequel%'
	  AND mi.info IN ('Sweden',
	                  'Norway',
	                  'Germany',
	                  'Denmark',
	                  'Swedish',
	                  'Denish',
	                  'Norwegian',
	                  'German')
	  AND t.production_year > 2005
	  AND t.id = mi.movie_id
	  AND t.id = mk.movie_id
	  AND mk.movie_id = mi.movie_id
	  AND k.id = mk.keyword_id;
	
	
2026-02-06 02:34:09.240 UTC [3119873] AiChaosN@imdbload LOG:  Bao planning selected arm 30, in 348.470000 CPU ms.
2026-02-06 02:34:09.240 UTC [3119873] AiChaosN@imdbload STATEMENT:  SELECT MIN(cn.name) AS company_name,
	       MIN(lt.link) AS link_type,
	       MIN(t.title) AS western_follow_up
	FROM company_name AS cn,
	     company_type AS ct,
	     keyword AS k,
	     link_type AS lt,
	     movie_companies AS mc,
	     movie_info AS mi,
	     movie_keyword AS mk,
	     movie_link AS ml,
	     title AS t
	WHERE cn.country_code !='[pl]'
	  AND (cn.name LIKE '%Film%'
	       OR cn.name LIKE '%Warner%')
	  AND ct.kind ='production companies'
	  AND k.keyword ='sequel'
	  AND lt.link LIKE '%follow%'
	  AND mc.note IS NULL
	  AND mi.info IN ('Sweden',
	                  'Norway',
	                  'Germany',
	                  'Denmark',
	                  'Swedish',
	                  'Denish',
	                  'Norwegian',
	                  'German',
	                  'English')
	  AND t.production_year BETWEEN 1950 AND 2010
	  AND lt.id = ml.link_type_id
	  AND ml.movie_id = t.id
	  AND t.id = mk.movie_id
	  AND mk.keyword_id = k.id
	  AND t.id = mc.movie_id
	  AND mc.company_type_id = ct.id
	  AND mc.company_id = cn.id
	  AND mi.movie_id = t.id
	  AND ml.movie_id = mk.movie_id
	  AND ml.movie_id = mc.movie_id
	  AND mk.movie_id = mc.movie_id
	  AND ml.movie_id = mi.movie_id
	  AND mk.movie_id = mi.movie_id
	  AND mc.movie_id = mi.movie_id;
	
	
2026-02-06 02:34:10.329 UTC [3119886] AiChaosN@imdbload LOG:  Bao planning selected arm 1, in 726.904000 CPU ms.
2026-02-06 02:34:10.329 UTC [3119886] AiChaosN@imdbload STATEMENT:  SELECT MIN(cn.name) AS movie_company,
	       MIN(mi_idx.info) AS rating,
	       MIN(t.title) AS western_violent_movie
	FROM company_name AS cn,
	     company_type AS ct,
	     info_type AS it1,
	     info_type AS it2,
	     keyword AS k,
	     kind_type AS kt,
	     movie_companies AS mc,
	     movie_info AS mi,
	     movie_info_idx AS mi_idx,
	     movie_keyword AS mk,
	     title AS t
	WHERE cn.country_code != '[us]'
	  AND it1.info = 'countries'
	  AND it2.info = 'rating'
	  AND k.keyword IN ('murder',
	                    'murder-in-title',
	                    'blood',
	                    'violence')
	  AND kt.kind IN ('movie',
	                  'episode')
	  AND mc.note NOT LIKE '%(USA)%'
	  AND mc.note LIKE '%(200%)%'
	  AND mi.info IN ('Sweden',
	                  'Norway',
	                  'Germany',
	                  'Denmark',
	                  'Swedish',
	                  'Danish',
	                  'Norwegian',
	                  'German',
	                  'USA',
	                  'American')
	  AND mi_idx.info < '8.5'
	  AND t.production_year > 2005
	  AND kt.id = t.kind_id
	  AND t.id = mi.movie_id
	  AND t.id = mk.movie_id
	  AND t.id = mi_idx.movie_id
	  AND t.id = mc.movie_id
	  AND mk.movie_id = mi.movie_id
	  AND mk.movie_id = mi_idx.movie_id
	  AND mk.movie_id = mc.movie_id
	  AND mi.movie_id = mi_idx.movie_id
	  AND mi.movie_id = mc.movie_id
	  AND mc.movie_id = mi_idx.movie_id
	  AND k.id = mk.keyword_id
	  AND it1.id = mi.info_type_id
	  AND it2.id = mi_idx.info_type_id
	  AND ct.id = mc.company_type_id
	  AND cn.id = mc.company_id;
	
	
2026-02-06 02:34:16.641 UTC [3120024] AiChaosN@imdbload LOG:  Bao planning selected arm 36, in 172.137000 CPU ms.
2026-02-06 02:34:16.641 UTC [3120024] AiChaosN@imdbload STATEMENT:  SELECT MIN(t.title) AS typical_european_movie
	FROM company_type AS ct,
	     info_type AS it,
	     movie_companies AS mc,
	     movie_info AS mi,
	     title AS t
	WHERE ct.kind = 'production companies'
	  AND mc.note LIKE '%(theatrical)%'
	  AND mc.note LIKE '%(France)%'
	  AND mi.info IN ('Sweden',
	                  'Norway',
	                  'Germany',
	                  'Denmark',
	                  'Swedish',
	                  'Denish',
	                  'Norwegian',
	                  'German')
	  AND t.production_year > 2005
	  AND t.id = mi.movie_id
	  AND t.id = mc.movie_id
	  AND mc.movie_id = mi.movie_id
	  AND ct.id = mc.company_type_id
	  AND it.id = mi.info_type_id;
	
	
2026-02-06 02:34:26.942 UTC [3120079] AiChaosN@imdbload LOG:  Bao planning selected arm 8, in 7341.966000 CPU ms.
2026-02-06 02:34:26.942 UTC [3120079] AiChaosN@imdbload STATEMENT:  SELECT MIN(cn1.name) AS first_company,
	       MIN(cn2.name) AS second_company,
	       MIN(mii1.info) AS first_rating,
	       MIN(mii2.info) AS second_rating,
	       MIN(t1.title) AS first_movie,
	       MIN(t2.title) AS second_movie
	FROM company_name AS cn1,
	     company_name AS cn2,
	     info_type AS it1,
	     info_type AS it2,
	     kind_type AS kt1,
	     kind_type AS kt2,
	     link_type AS lt,
	     movie_companies AS mc1,
	     movie_companies AS mc2,
	     movie_info_idx AS mii1,
	     movie_info_idx AS mii2,
	     movie_link AS ml,
	     title AS t1,
	     title AS t2
	WHERE cn1.country_code = '[us]'
	  AND it1.info = 'rating'
	  AND it2.info = 'rating'
	  AND kt1.kind IN ('tv series')
	  AND kt2.kind IN ('tv series')
	  AND lt.link IN ('sequel',
	                  'follows',
	                  'followed by')
	  AND mii2.info < '3.0'
	  AND t2.production_year BETWEEN 2005 AND 2008
	  AND lt.id = ml.link_type_id
	  AND t1.id = ml.movie_id
	  AND t2.id = ml.linked_movie_id
	  AND it1.id = mii1.info_type_id
	  AND t1.id = mii1.movie_id
	  AND kt1.id = t1.kind_id
	  AND cn1.id = mc1.company_id
	  AND t1.id = mc1.movie_id
	  AND ml.movie_id = mii1.movie_id
	  AND ml.movie_id = mc1.movie_id
	  AND mii1.movie_id = mc1.movie_id
	  AND it2.id = mii2.info_type_id
	  AND t2.id = mii2.movie_id
	  AND kt2.id = t2.kind_id
	  AND cn2.id = mc2.company_id
	  AND t2.id = mc2.movie_id
	  AND ml.linked_movie_id = mii2.movie_id
	  AND ml.linked_movie_id = mc2.movie_id
	  AND mii2.movie_id = mc2.movie_id;
	
	
2026-02-06 02:34:30.649 UTC [3120293] AiChaosN@imdbload LOG:  Bao planning selected arm 1, in 374.976000 CPU ms.
2026-02-06 02:34:30.649 UTC [3120293] AiChaosN@imdbload STATEMENT:  SELECT MIN(t.title) AS complete_downey_ironman_movie
	FROM complete_cast AS cc,
	     comp_cast_type AS cct1,
	     comp_cast_type AS cct2,
	     char_name AS chn,
	     cast_info AS ci,
	     keyword AS k,
	     kind_type AS kt,
	     movie_keyword AS mk,
	     name AS n,
	     title AS t
	WHERE cct1.kind = 'cast'
	  AND cct2.kind LIKE '%complete%'
	  AND chn.name NOT LIKE '%Sherlock%'
	  AND (chn.name LIKE '%Tony%Stark%'
	       OR chn.name LIKE '%Iron%Man%')
	  AND k.keyword IN ('superhero',
	                    'sequel',
	                    'second-part',
	                    'marvel-comics',
	                    'based-on-comic',
	                    'tv-special',
	                    'fight',
	                    'violence')
	  AND kt.kind = 'movie'
	  AND t.production_year > 1950
	  AND kt.id = t.kind_id
	  AND t.id = mk.movie_id
	  AND t.id = ci.movie_id
	  AND t.id = cc.movie_id
	  AND mk.movie_id = ci.movie_id
	  AND mk.movie_id = cc.movie_id
	  AND ci.movie_id = cc.movie_id
	  AND chn.id = ci.person_role_id
	  AND n.id = ci.person_id
	  AND k.id = mk.keyword_id
	  AND cct1.id = cc.subject_id
	  AND cct2.id = cc.status_id;
	
	
2026-02-06 02:34:48.126 UTC [3120610] AiChaosN@imdbload LOG:  Bao planning selected arm 1, in 1030.837000 CPU ms.
2026-02-06 02:34:48.126 UTC [3120610] AiChaosN@imdbload STATEMENT:  SELECT MIN(mi.info) AS movie_budget,
	       MIN(mi_idx.info) AS movie_votes,
	       MIN(n.name) AS writer,
	       MIN(t.title) AS violent_liongate_movie
	FROM cast_info AS ci,
	     company_name AS cn,
	     info_type AS it1,
	     info_type AS it2,
	     keyword AS k,
	     movie_companies AS mc,
	     movie_info AS mi,
	     movie_info_idx AS mi_idx,
	     movie_keyword AS mk,
	     name AS n,
	     title AS t
	WHERE ci.note IN ('(writer)',
	                  '(head writer)',
	                  '(written by)',
	                  '(story)',
	                  '(story editor)')
	  AND cn.name LIKE 'Lionsgate%'
	  AND it1.info = 'genres'
	  AND it2.info = 'votes'
	  AND k.keyword IN ('murder',
	                    'violence',
	                    'blood',
	                    'gore',
	                    'death',
	                    'female-nudity',
	                    'hospital')
	  AND mi.info IN ('Horror',
	                  'Action',
	                  'Sci-Fi',
	                  'Thriller',
	                  'Crime',
	                  'War')
	  AND t.id = mi.movie_id
	  AND t.id = mi_idx.movie_id
	  AND t.id = ci.movie_id
	  AND t.id = mk.movie_id
	  AND t.id = mc.movie_id
	  AND ci.movie_id = mi.movie_id
	  AND ci.movie_id = mi_idx.movie_id
	  AND ci.movie_id = mk.movie_id
	  AND ci.movie_id = mc.movie_id
	  AND mi.movie_id = mi_idx.movie_id
	  AND mi.movie_id = mk.movie_id
	  AND mi.movie_id = mc.movie_id
	  AND mi_idx.movie_id = mk.movie_id
	  AND mi_idx.movie_id = mc.movie_id
	  AND mk.movie_id = mc.movie_id
	  AND n.id = ci.person_id
	  AND it1.id = mi.info_type_id
	  AND it2.id = mi_idx.info_type_id
	  AND k.id = mk.keyword_id
	  AND cn.id = mc.company_id;
	
	
2026-02-06 02:35:16.029 UTC [3034168] LOG:  received fast shutdown request
2026-02-06 02:35:16.044 UTC [3034168] LOG:  aborting any active transactions
2026-02-06 02:35:16.049 UTC [3034168] LOG:  background worker "logical replication launcher" (PID 3034175) exited with exit code 1
2026-02-06 02:35:16.102 UTC [3034170] LOG:  shutting down
2026-02-06 02:35:17.467 UTC [3034168] LOG:  database system is shut down
